-- MariaDB dump 10.19  Distrib 10.5.18-MariaDB, for debian-linux-gnu (x86_64)
--
-- Host: db    Database: db
-- ------------------------------------------------------
-- Server version	10.4.28-MariaDB-1:10.4.28+maria~ubu2004-log

/*!40101 SET @OLD_CHARACTER_SET_CLIENT=@@CHARACTER_SET_CLIENT */;
/*!40101 SET @OLD_CHARACTER_SET_RESULTS=@@CHARACTER_SET_RESULTS */;
/*!40101 SET @OLD_COLLATION_CONNECTION=@@COLLATION_CONNECTION */;
/*!40101 SET NAMES utf8 */;
/*!40103 SET @OLD_TIME_ZONE=@@TIME_ZONE */;
/*!40103 SET TIME_ZONE='+00:00' */;
/*!40014 SET @OLD_UNIQUE_CHECKS=@@UNIQUE_CHECKS, UNIQUE_CHECKS=0 */;
/*!40014 SET @OLD_FOREIGN_KEY_CHECKS=@@FOREIGN_KEY_CHECKS, FOREIGN_KEY_CHECKS=0 */;
/*!40101 SET @OLD_SQL_MODE=@@SQL_MODE, SQL_MODE='NO_AUTO_VALUE_ON_ZERO' */;
/*!40111 SET @OLD_SQL_NOTES=@@SQL_NOTES, SQL_NOTES=0 */;

--
-- Table structure for table `addresses`
--

DROP TABLE IF EXISTS `addresses`;
/*!40101 SET @saved_cs_client     = @@character_set_client */;
/*!40101 SET character_set_client = utf8 */;
CREATE TABLE `addresses` (
  `id` int(11) NOT NULL,
  `ownerId` int(11) DEFAULT NULL,
  `countryCode` varchar(255) NOT NULL,
  `administrativeArea` varchar(255) DEFAULT NULL,
  `locality` varchar(255) DEFAULT NULL,
  `dependentLocality` varchar(255) DEFAULT NULL,
  `postalCode` varchar(255) DEFAULT NULL,
  `sortingCode` varchar(255) DEFAULT NULL,
  `addressLine1` varchar(255) DEFAULT NULL,
  `addressLine2` varchar(255) DEFAULT NULL,
  `organization` varchar(255) DEFAULT NULL,
  `organizationTaxId` varchar(255) DEFAULT NULL,
  `fullName` varchar(255) DEFAULT NULL,
  `firstName` varchar(255) DEFAULT NULL,
  `lastName` varchar(255) DEFAULT NULL,
  `latitude` varchar(255) DEFAULT NULL,
  `longitude` varchar(255) DEFAULT NULL,
  `dateCreated` datetime NOT NULL,
  `dateUpdated` datetime NOT NULL,
  PRIMARY KEY (`id`),
  KEY `fk_wsdrqnqzasgxbmnfpiiwwbnvtsdxoyvjqzip` (`ownerId`),
  CONSTRAINT `fk_jodnxftatjazbeodfuvzbniznfsikyzixmlu` FOREIGN KEY (`id`) REFERENCES `elements` (`id`) ON DELETE CASCADE,
  CONSTRAINT `fk_wsdrqnqzasgxbmnfpiiwwbnvtsdxoyvjqzip` FOREIGN KEY (`ownerId`) REFERENCES `elements` (`id`) ON DELETE CASCADE
) ENGINE=InnoDB DEFAULT CHARSET=utf8 COLLATE=utf8_general_ci;
/*!40101 SET character_set_client = @saved_cs_client */;

--
-- Table structure for table `announcements`
--

DROP TABLE IF EXISTS `announcements`;
/*!40101 SET @saved_cs_client     = @@character_set_client */;
/*!40101 SET character_set_client = utf8 */;
CREATE TABLE `announcements` (
  `id` int(11) NOT NULL AUTO_INCREMENT,
  `userId` int(11) NOT NULL,
  `pluginId` int(11) DEFAULT NULL,
  `heading` varchar(255) NOT NULL,
  `body` text NOT NULL,
  `unread` tinyint(1) NOT NULL DEFAULT 1,
  `dateRead` datetime DEFAULT NULL,
  `dateCreated` datetime NOT NULL,
  PRIMARY KEY (`id`),
  KEY `idx_pjztummhowqcrtdchtwiiquhtpjjsnadkxtv` (`userId`,`unread`,`dateRead`,`dateCreated`),
  KEY `idx_jllpujdwipgkoftedyvfvrakkbyqifljjhey` (`dateRead`),
  KEY `fk_cuwcfaoplruwnmhykbqotzizzeltcnpnudzz` (`pluginId`),
  CONSTRAINT `fk_cuwcfaoplruwnmhykbqotzizzeltcnpnudzz` FOREIGN KEY (`pluginId`) REFERENCES `plugins` (`id`) ON DELETE CASCADE,
  CONSTRAINT `fk_wjfmkgycpyyiottfbczsvwltrkipqgupizww` FOREIGN KEY (`userId`) REFERENCES `users` (`id`) ON DELETE CASCADE
) ENGINE=InnoDB DEFAULT CHARSET=utf8 COLLATE=utf8_general_ci;
/*!40101 SET character_set_client = @saved_cs_client */;

--
-- Table structure for table `assetindexdata`
--

DROP TABLE IF EXISTS `assetindexdata`;
/*!40101 SET @saved_cs_client     = @@character_set_client */;
/*!40101 SET character_set_client = utf8 */;
CREATE TABLE `assetindexdata` (
  `id` int(11) NOT NULL AUTO_INCREMENT,
  `sessionId` int(11) NOT NULL,
  `volumeId` int(11) NOT NULL,
  `uri` text DEFAULT NULL,
  `size` bigint(20) unsigned DEFAULT NULL,
  `timestamp` datetime DEFAULT NULL,
  `isDir` tinyint(1) DEFAULT 0,
  `recordId` int(11) DEFAULT NULL,
  `isSkipped` tinyint(1) DEFAULT 0,
  `inProgress` tinyint(1) DEFAULT 0,
  `completed` tinyint(1) DEFAULT 0,
  `dateCreated` datetime NOT NULL,
  `dateUpdated` datetime NOT NULL,
  `uid` char(36) NOT NULL DEFAULT '0',
  PRIMARY KEY (`id`),
  KEY `idx_nfmquansctelazcnuykiaxcqloygpukcupsb` (`sessionId`,`volumeId`),
  KEY `idx_esneqzruosypogrlzroahffpwsiqpvynzlwv` (`volumeId`),
  CONSTRAINT `fk_joehtznhqkpijlglhuswpbjoylytnnvqfijh` FOREIGN KEY (`sessionId`) REFERENCES `assetindexingsessions` (`id`) ON DELETE CASCADE,
  CONSTRAINT `fk_mqjagtvgisxuqihwstfilkmtxqekwukmwttf` FOREIGN KEY (`volumeId`) REFERENCES `volumes` (`id`) ON DELETE CASCADE
) ENGINE=InnoDB DEFAULT CHARSET=utf8 COLLATE=utf8_general_ci;
/*!40101 SET character_set_client = @saved_cs_client */;

--
-- Table structure for table `assetindexingsessions`
--

DROP TABLE IF EXISTS `assetindexingsessions`;
/*!40101 SET @saved_cs_client     = @@character_set_client */;
/*!40101 SET character_set_client = utf8 */;
CREATE TABLE `assetindexingsessions` (
  `id` int(11) NOT NULL AUTO_INCREMENT,
  `indexedVolumes` text DEFAULT NULL,
  `totalEntries` int(11) DEFAULT NULL,
  `processedEntries` int(11) NOT NULL DEFAULT 0,
  `cacheRemoteImages` tinyint(1) DEFAULT NULL,
  `listEmptyFolders` tinyint(1) DEFAULT 0,
  `isCli` tinyint(1) DEFAULT 0,
  `actionRequired` tinyint(1) DEFAULT 0,
  `processIfRootEmpty` tinyint(1) DEFAULT 0,
  `dateCreated` datetime NOT NULL,
  `dateUpdated` datetime NOT NULL,
  `uid` char(36) NOT NULL DEFAULT '0',
  PRIMARY KEY (`id`)
) ENGINE=InnoDB DEFAULT CHARSET=utf8 COLLATE=utf8_general_ci;
/*!40101 SET character_set_client = @saved_cs_client */;

--
-- Table structure for table `assets`
--

DROP TABLE IF EXISTS `assets`;
/*!40101 SET @saved_cs_client     = @@character_set_client */;
/*!40101 SET character_set_client = utf8 */;
CREATE TABLE `assets` (
  `id` int(11) NOT NULL,
  `volumeId` int(11) DEFAULT NULL,
  `folderId` int(11) NOT NULL,
  `uploaderId` int(11) DEFAULT NULL,
  `filename` varchar(255) NOT NULL,
  `kind` varchar(50) NOT NULL DEFAULT 'unknown',
  `alt` text DEFAULT NULL,
  `width` int(11) unsigned DEFAULT NULL,
  `height` int(11) unsigned DEFAULT NULL,
  `size` bigint(20) unsigned DEFAULT NULL,
  `focalPoint` varchar(13) DEFAULT NULL,
  `deletedWithVolume` tinyint(1) DEFAULT NULL,
  `keptFile` tinyint(1) DEFAULT NULL,
  `dateModified` datetime DEFAULT NULL,
  `dateCreated` datetime NOT NULL,
  `dateUpdated` datetime NOT NULL,
  PRIMARY KEY (`id`),
  KEY `idx_okwvizxxtipgkxemuwvhxubqrdnbynoyfjdi` (`filename`,`folderId`),
  KEY `idx_ebgxzzfxijeiwoemyodvvwfxwmvjxaxthodc` (`folderId`),
  KEY `idx_vmluecsubndyxsvcftffedygpedhbeocnzbg` (`volumeId`),
  KEY `fk_dzvwujvhrmipbzduhbxyxueabcccrnctcypu` (`uploaderId`),
  CONSTRAINT `fk_dzvwujvhrmipbzduhbxyxueabcccrnctcypu` FOREIGN KEY (`uploaderId`) REFERENCES `users` (`id`) ON DELETE SET NULL,
  CONSTRAINT `fk_lhzkfyrdehzgmlcjzbefgmhpfieulkwkzjyc` FOREIGN KEY (`folderId`) REFERENCES `volumefolders` (`id`) ON DELETE CASCADE,
  CONSTRAINT `fk_nkmwryodgjxijaspxhziqcihgfndegajmvqz` FOREIGN KEY (`id`) REFERENCES `elements` (`id`) ON DELETE CASCADE,
  CONSTRAINT `fk_qenzscdemejdgqkzddilkntztovlqupzgtzu` FOREIGN KEY (`volumeId`) REFERENCES `volumes` (`id`) ON DELETE CASCADE
) ENGINE=InnoDB DEFAULT CHARSET=utf8 COLLATE=utf8_general_ci;
/*!40101 SET character_set_client = @saved_cs_client */;

--
-- Table structure for table `categories`
--

DROP TABLE IF EXISTS `categories`;
/*!40101 SET @saved_cs_client     = @@character_set_client */;
/*!40101 SET character_set_client = utf8 */;
CREATE TABLE `categories` (
  `id` int(11) NOT NULL,
  `groupId` int(11) NOT NULL,
  `parentId` int(11) DEFAULT NULL,
  `deletedWithGroup` tinyint(1) DEFAULT NULL,
  `dateCreated` datetime NOT NULL,
  `dateUpdated` datetime NOT NULL,
  PRIMARY KEY (`id`),
  KEY `idx_mnbpfhossvhisslotdkmcjdpgauovsldhcyq` (`groupId`),
  KEY `fk_uugufaclwidybertixtaghttyxyprymcmkxb` (`parentId`),
  CONSTRAINT `fk_amhudixfqkajllbnxrbzugwyervyuqpxlbpn` FOREIGN KEY (`groupId`) REFERENCES `categorygroups` (`id`) ON DELETE CASCADE,
  CONSTRAINT `fk_iafzndvwhbrbbvgkqxxiwlvyrsjvguoyfrca` FOREIGN KEY (`id`) REFERENCES `elements` (`id`) ON DELETE CASCADE,
  CONSTRAINT `fk_uugufaclwidybertixtaghttyxyprymcmkxb` FOREIGN KEY (`parentId`) REFERENCES `categories` (`id`) ON DELETE SET NULL
) ENGINE=InnoDB DEFAULT CHARSET=utf8 COLLATE=utf8_general_ci;
/*!40101 SET character_set_client = @saved_cs_client */;

--
-- Table structure for table `categorygroups`
--

DROP TABLE IF EXISTS `categorygroups`;
/*!40101 SET @saved_cs_client     = @@character_set_client */;
/*!40101 SET character_set_client = utf8 */;
CREATE TABLE `categorygroups` (
  `id` int(11) NOT NULL AUTO_INCREMENT,
  `structureId` int(11) NOT NULL,
  `fieldLayoutId` int(11) DEFAULT NULL,
  `name` varchar(255) NOT NULL,
  `handle` varchar(255) NOT NULL,
  `defaultPlacement` enum('beginning','end') NOT NULL DEFAULT 'end',
  `dateCreated` datetime NOT NULL,
  `dateUpdated` datetime NOT NULL,
  `dateDeleted` datetime DEFAULT NULL,
  `uid` char(36) NOT NULL DEFAULT '0',
  PRIMARY KEY (`id`),
  KEY `idx_cgpxpwgrzqbxuieagyiwrbeufrroupdpsiut` (`name`),
  KEY `idx_lhucqfvfhqikgkgfojpvrqqpkkbyacxavgsk` (`handle`),
  KEY `idx_qqfeclitzswwexcwsratwvvjbfgaptrfodzw` (`structureId`),
  KEY `idx_brwkjfembcgkarkodtxshbuysmvubcogvzfv` (`fieldLayoutId`),
  KEY `idx_dgqonfnzhnaamibpotypljyeuaqqsqnyjxid` (`dateDeleted`),
  CONSTRAINT `fk_qjyjfzlmkdqardfcvmjbonafbljibyfczrqj` FOREIGN KEY (`structureId`) REFERENCES `structures` (`id`) ON DELETE CASCADE,
  CONSTRAINT `fk_zdtwyrkwmbwukxwumiindiewkqwnmffyxwhe` FOREIGN KEY (`fieldLayoutId`) REFERENCES `fieldlayouts` (`id`) ON DELETE SET NULL
) ENGINE=InnoDB DEFAULT CHARSET=utf8 COLLATE=utf8_general_ci;
/*!40101 SET character_set_client = @saved_cs_client */;

--
-- Table structure for table `categorygroups_sites`
--

DROP TABLE IF EXISTS `categorygroups_sites`;
/*!40101 SET @saved_cs_client     = @@character_set_client */;
/*!40101 SET character_set_client = utf8 */;
CREATE TABLE `categorygroups_sites` (
  `id` int(11) NOT NULL AUTO_INCREMENT,
  `groupId` int(11) NOT NULL,
  `siteId` int(11) NOT NULL,
  `hasUrls` tinyint(1) NOT NULL DEFAULT 1,
  `uriFormat` text DEFAULT NULL,
  `template` varchar(500) DEFAULT NULL,
  `dateCreated` datetime NOT NULL,
  `dateUpdated` datetime NOT NULL,
  `uid` char(36) NOT NULL DEFAULT '0',
  PRIMARY KEY (`id`),
  UNIQUE KEY `idx_mhhltzzvrdbhqgezyxgzixbralvordgnhuwn` (`groupId`,`siteId`),
  KEY `idx_hijntzzxvtnqjuruvbkchfrpxjzyaawdnrea` (`siteId`),
  CONSTRAINT `fk_avrqlmlgppshmjlmkedtwrrynyysuucwnflk` FOREIGN KEY (`groupId`) REFERENCES `categorygroups` (`id`) ON DELETE CASCADE,
  CONSTRAINT `fk_fxzieuykzlyallfvintbmiidqzsfmtsralmq` FOREIGN KEY (`siteId`) REFERENCES `sites` (`id`) ON DELETE CASCADE ON UPDATE CASCADE
) ENGINE=InnoDB DEFAULT CHARSET=utf8 COLLATE=utf8_general_ci;
/*!40101 SET character_set_client = @saved_cs_client */;

--
-- Table structure for table `changedattributes`
--

DROP TABLE IF EXISTS `changedattributes`;
/*!40101 SET @saved_cs_client     = @@character_set_client */;
/*!40101 SET character_set_client = utf8 */;
CREATE TABLE `changedattributes` (
  `elementId` int(11) NOT NULL,
  `siteId` int(11) NOT NULL,
  `attribute` varchar(255) NOT NULL,
  `dateUpdated` datetime NOT NULL,
  `propagated` tinyint(1) NOT NULL,
  `userId` int(11) DEFAULT NULL,
  PRIMARY KEY (`elementId`,`siteId`,`attribute`),
  KEY `idx_iktwictghfkliafdstyijmaqichdkvaurdbz` (`elementId`,`siteId`,`dateUpdated`),
  KEY `fk_dkpkhghhjoxzxacfjghqvujnwmmmaxstyucw` (`siteId`),
  KEY `fk_xaupzoyehqyirochymstdpeogecrlkxpzrxa` (`userId`),
  CONSTRAINT `fk_dkpkhghhjoxzxacfjghqvujnwmmmaxstyucw` FOREIGN KEY (`siteId`) REFERENCES `sites` (`id`) ON DELETE CASCADE ON UPDATE CASCADE,
  CONSTRAINT `fk_pmqkhfzrseyybysfhgedgwcmehstzlmvufqe` FOREIGN KEY (`elementId`) REFERENCES `elements` (`id`) ON DELETE CASCADE ON UPDATE CASCADE,
  CONSTRAINT `fk_xaupzoyehqyirochymstdpeogecrlkxpzrxa` FOREIGN KEY (`userId`) REFERENCES `users` (`id`) ON DELETE SET NULL ON UPDATE CASCADE
) ENGINE=InnoDB DEFAULT CHARSET=utf8 COLLATE=utf8_general_ci;
/*!40101 SET character_set_client = @saved_cs_client */;

--
-- Table structure for table `changedfields`
--

DROP TABLE IF EXISTS `changedfields`;
/*!40101 SET @saved_cs_client     = @@character_set_client */;
/*!40101 SET character_set_client = utf8 */;
CREATE TABLE `changedfields` (
  `elementId` int(11) NOT NULL,
  `siteId` int(11) NOT NULL,
  `fieldId` int(11) NOT NULL,
  `dateUpdated` datetime NOT NULL,
  `propagated` tinyint(1) NOT NULL,
  `userId` int(11) DEFAULT NULL,
  PRIMARY KEY (`elementId`,`siteId`,`fieldId`),
  KEY `idx_uxvuyipofhinqsenwegvzfdsnalcwwklwiby` (`elementId`,`siteId`,`dateUpdated`),
  KEY `fk_cwahhwwhdyrbmszkqbjclvnlvnwqcexmgzsc` (`siteId`),
  KEY `fk_pzqrhtpgtzenwjeaokszrzzceggjtbtrhebf` (`fieldId`),
  KEY `fk_mxyblrjvuyazsptwpjetrqpdgpvsoouxnpce` (`userId`),
  CONSTRAINT `fk_cwahhwwhdyrbmszkqbjclvnlvnwqcexmgzsc` FOREIGN KEY (`siteId`) REFERENCES `sites` (`id`) ON DELETE CASCADE ON UPDATE CASCADE,
  CONSTRAINT `fk_mxyblrjvuyazsptwpjetrqpdgpvsoouxnpce` FOREIGN KEY (`userId`) REFERENCES `users` (`id`) ON DELETE SET NULL ON UPDATE CASCADE,
  CONSTRAINT `fk_pzqrhtpgtzenwjeaokszrzzceggjtbtrhebf` FOREIGN KEY (`fieldId`) REFERENCES `fields` (`id`) ON DELETE CASCADE ON UPDATE CASCADE,
  CONSTRAINT `fk_wchkpsnkhzifxhtfcxixvulrgqebyujzmsxl` FOREIGN KEY (`elementId`) REFERENCES `elements` (`id`) ON DELETE CASCADE ON UPDATE CASCADE
) ENGINE=InnoDB DEFAULT CHARSET=utf8 COLLATE=utf8_general_ci;
/*!40101 SET character_set_client = @saved_cs_client */;

--
-- Table structure for table `content`
--

DROP TABLE IF EXISTS `content`;
/*!40101 SET @saved_cs_client     = @@character_set_client */;
/*!40101 SET character_set_client = utf8 */;
CREATE TABLE `content` (
  `id` int(11) NOT NULL AUTO_INCREMENT,
  `elementId` int(11) NOT NULL,
  `siteId` int(11) NOT NULL,
  `title` varchar(255) DEFAULT NULL,
  `dateCreated` datetime NOT NULL,
  `dateUpdated` datetime NOT NULL,
  `uid` char(36) NOT NULL DEFAULT '0',
  `field_altText_gvuxccdq` varchar(240) DEFAULT NULL,
  `field_copyright_gsucoquh` varchar(120) DEFAULT NULL,
  `field_siteName_fzwghcns` varchar(120) DEFAULT NULL,
  PRIMARY KEY (`id`),
  UNIQUE KEY `idx_yxtfmsdhmlaozbnxdxlpyvzgfstokspvsdox` (`elementId`,`siteId`),
  KEY `idx_djglrbcnzgekvbgargwjxbtkrzdrishrhkpq` (`siteId`),
  KEY `idx_jzyosrjaxzfbcxyvihaooeayydlnjcdiaffd` (`title`),
  CONSTRAINT `fk_qrdtpllnhjkxozqsyqtfpjjwgrlnkmzfhfar` FOREIGN KEY (`siteId`) REFERENCES `sites` (`id`) ON DELETE CASCADE ON UPDATE CASCADE,
  CONSTRAINT `fk_rmisfoywwbrnclhimzhwoltwsonaabmflbqg` FOREIGN KEY (`elementId`) REFERENCES `elements` (`id`) ON DELETE CASCADE
) ENGINE=InnoDB AUTO_INCREMENT=154 DEFAULT CHARSET=utf8 COLLATE=utf8_general_ci;
/*!40101 SET character_set_client = @saved_cs_client */;

--
-- Table structure for table `craftidtokens`
--

DROP TABLE IF EXISTS `craftidtokens`;
/*!40101 SET @saved_cs_client     = @@character_set_client */;
/*!40101 SET character_set_client = utf8 */;
CREATE TABLE `craftidtokens` (
  `id` int(11) NOT NULL AUTO_INCREMENT,
  `userId` int(11) NOT NULL,
  `accessToken` text NOT NULL,
  `expiryDate` datetime DEFAULT NULL,
  `dateCreated` datetime NOT NULL,
  `dateUpdated` datetime NOT NULL,
  `uid` char(36) NOT NULL DEFAULT '0',
  PRIMARY KEY (`id`),
  KEY `fk_obdtsabyvlltcepxupliyafdtlcterxjmofi` (`userId`),
  CONSTRAINT `fk_obdtsabyvlltcepxupliyafdtlcterxjmofi` FOREIGN KEY (`userId`) REFERENCES `users` (`id`) ON DELETE CASCADE
) ENGINE=InnoDB DEFAULT CHARSET=utf8 COLLATE=utf8_general_ci;
/*!40101 SET character_set_client = @saved_cs_client */;

--
-- Table structure for table `deprecationerrors`
--

DROP TABLE IF EXISTS `deprecationerrors`;
/*!40101 SET @saved_cs_client     = @@character_set_client */;
/*!40101 SET character_set_client = utf8 */;
CREATE TABLE `deprecationerrors` (
  `id` int(11) NOT NULL AUTO_INCREMENT,
  `key` varchar(255) NOT NULL,
  `fingerprint` varchar(255) NOT NULL,
  `lastOccurrence` datetime NOT NULL,
  `file` varchar(255) NOT NULL,
  `line` smallint(6) unsigned DEFAULT NULL,
  `message` text DEFAULT NULL,
  `traces` text DEFAULT NULL,
  `dateCreated` datetime NOT NULL,
  `dateUpdated` datetime NOT NULL,
  `uid` char(36) NOT NULL DEFAULT '0',
  PRIMARY KEY (`id`),
  UNIQUE KEY `idx_oeykrfnrhtbcdrefzudslmxxbxxrstszokoc` (`key`,`fingerprint`)
) ENGINE=InnoDB DEFAULT CHARSET=utf8 COLLATE=utf8_general_ci;
/*!40101 SET character_set_client = @saved_cs_client */;

--
-- Table structure for table `drafts`
--

DROP TABLE IF EXISTS `drafts`;
/*!40101 SET @saved_cs_client     = @@character_set_client */;
/*!40101 SET character_set_client = utf8 */;
CREATE TABLE `drafts` (
  `id` int(11) NOT NULL AUTO_INCREMENT,
  `canonicalId` int(11) DEFAULT NULL,
  `creatorId` int(11) DEFAULT NULL,
  `provisional` tinyint(1) NOT NULL DEFAULT 0,
  `name` varchar(255) NOT NULL,
  `notes` text DEFAULT NULL,
  `trackChanges` tinyint(1) NOT NULL DEFAULT 0,
  `dateLastMerged` datetime DEFAULT NULL,
  `saved` tinyint(1) NOT NULL DEFAULT 1,
  PRIMARY KEY (`id`),
  KEY `idx_ffyqtehkqwpkcoyvcqeluxuwjelnofoskdlr` (`creatorId`,`provisional`),
  KEY `idx_cpaqckhuvueqqnsisnldwjdcyuvydkxkmzba` (`saved`),
  KEY `fk_kwshiwpbzwuurxmrzxyhqgmgkvynsvmfdhps` (`canonicalId`),
  CONSTRAINT `fk_eqaflncckgksuzbcaaqiyjltwfqpywfdkdbd` FOREIGN KEY (`creatorId`) REFERENCES `users` (`id`) ON DELETE SET NULL,
  CONSTRAINT `fk_kwshiwpbzwuurxmrzxyhqgmgkvynsvmfdhps` FOREIGN KEY (`canonicalId`) REFERENCES `elements` (`id`) ON DELETE CASCADE
) ENGINE=InnoDB AUTO_INCREMENT=37 DEFAULT CHARSET=utf8 COLLATE=utf8_general_ci;
/*!40101 SET character_set_client = @saved_cs_client */;

--
-- Table structure for table `elements`
--

DROP TABLE IF EXISTS `elements`;
/*!40101 SET @saved_cs_client     = @@character_set_client */;
/*!40101 SET character_set_client = utf8 */;
CREATE TABLE `elements` (
  `id` int(11) NOT NULL AUTO_INCREMENT,
  `canonicalId` int(11) DEFAULT NULL,
  `draftId` int(11) DEFAULT NULL,
  `revisionId` int(11) DEFAULT NULL,
  `fieldLayoutId` int(11) DEFAULT NULL,
  `type` varchar(255) NOT NULL,
  `enabled` tinyint(1) NOT NULL DEFAULT 1,
  `archived` tinyint(1) NOT NULL DEFAULT 0,
  `dateCreated` datetime NOT NULL,
  `dateUpdated` datetime NOT NULL,
  `dateLastMerged` datetime DEFAULT NULL,
  `dateDeleted` datetime DEFAULT NULL,
  `uid` char(36) NOT NULL DEFAULT '0',
  PRIMARY KEY (`id`),
  KEY `idx_ebnijnhavtxdfakzmhenrcaxxwzsbhhzqurz` (`dateDeleted`),
  KEY `idx_efzngjaitbzncmknduixjtrbznnkmbxyhcva` (`fieldLayoutId`),
  KEY `idx_uzzgjpyedfclcbfgomyuenlieslckvzydhmh` (`type`),
  KEY `idx_dismbxkeksapfsbbfmwgzbwnmhgendjodqeg` (`enabled`),
  KEY `idx_ywnwwlxrwoxdcjnngnzvhjsduujjvywjgbss` (`canonicalId`),
  KEY `idx_ixiqtyioukfwcmzucigsefaicwuinzecszmh` (`archived`,`dateCreated`),
  KEY `idx_fapssgilfxjevzuawluwghkdufmmryckzeyo` (`archived`,`dateDeleted`,`draftId`,`revisionId`,`canonicalId`),
  KEY `idx_hbjnxjeexnkaspkwlbfyhijnvdakkufnorsv` (`archived`,`dateDeleted`,`draftId`,`revisionId`,`canonicalId`,`enabled`),
  KEY `fk_iubckfdzdixmrflavmonpzurvkmdalkiadbt` (`draftId`),
  KEY `fk_wfdqwsxpsrlyitfhjpddebafgfybbwkclggf` (`revisionId`),
  CONSTRAINT `fk_iubckfdzdixmrflavmonpzurvkmdalkiadbt` FOREIGN KEY (`draftId`) REFERENCES `drafts` (`id`) ON DELETE CASCADE,
  CONSTRAINT `fk_wfdqwsxpsrlyitfhjpddebafgfybbwkclggf` FOREIGN KEY (`revisionId`) REFERENCES `revisions` (`id`) ON DELETE CASCADE,
  CONSTRAINT `fk_xkpaibbqrhotmgeewebcyvzzyxuteuxdwazb` FOREIGN KEY (`canonicalId`) REFERENCES `elements` (`id`) ON DELETE SET NULL,
  CONSTRAINT `fk_yphrrubsgnsielfcdppvmbrxgidqjmkudwvz` FOREIGN KEY (`fieldLayoutId`) REFERENCES `fieldlayouts` (`id`) ON DELETE SET NULL
) ENGINE=InnoDB AUTO_INCREMENT=422 DEFAULT CHARSET=utf8 COLLATE=utf8_general_ci;
/*!40101 SET character_set_client = @saved_cs_client */;

--
-- Table structure for table `elements_sites`
--

DROP TABLE IF EXISTS `elements_sites`;
/*!40101 SET @saved_cs_client     = @@character_set_client */;
/*!40101 SET character_set_client = utf8 */;
CREATE TABLE `elements_sites` (
  `id` int(11) NOT NULL AUTO_INCREMENT,
  `elementId` int(11) NOT NULL,
  `siteId` int(11) NOT NULL,
  `slug` varchar(255) DEFAULT NULL,
  `uri` varchar(255) DEFAULT NULL,
  `enabled` tinyint(1) NOT NULL DEFAULT 1,
  `dateCreated` datetime NOT NULL,
  `dateUpdated` datetime NOT NULL,
  `uid` char(36) NOT NULL DEFAULT '0',
  PRIMARY KEY (`id`),
  UNIQUE KEY `idx_szrwohsgfagemtliskazofwjhhmymdziobdt` (`elementId`,`siteId`),
  KEY `idx_tnjfjmevhrciktwlexbydxmcjjmunakfvaxf` (`siteId`),
  KEY `idx_afaolsmvorjuauklensygqghzbtocmtfofpt` (`slug`,`siteId`),
  KEY `idx_gryfrusyeucxvwihbemcomffgseisiitpamm` (`enabled`),
  KEY `idx_yfhgqcyklawyphfhbvejhszfigohxbntlvod` (`uri`,`siteId`),
  CONSTRAINT `fk_dchgmpmsguddbxnqhqniovelvlhwwtcgqogy` FOREIGN KEY (`siteId`) REFERENCES `sites` (`id`) ON DELETE CASCADE ON UPDATE CASCADE,
  CONSTRAINT `fk_exuoyepjwztpwosuehlgrabiiqoeegfzevbf` FOREIGN KEY (`elementId`) REFERENCES `elements` (`id`) ON DELETE CASCADE
) ENGINE=InnoDB AUTO_INCREMENT=842 DEFAULT CHARSET=utf8 COLLATE=utf8_general_ci;
/*!40101 SET character_set_client = @saved_cs_client */;

--
-- Table structure for table `entries`
--

DROP TABLE IF EXISTS `entries`;
/*!40101 SET @saved_cs_client     = @@character_set_client */;
/*!40101 SET character_set_client = utf8 */;
CREATE TABLE `entries` (
  `id` int(11) NOT NULL,
  `sectionId` int(11) NOT NULL,
  `parentId` int(11) DEFAULT NULL,
  `typeId` int(11) NOT NULL,
  `authorId` int(11) DEFAULT NULL,
  `postDate` datetime DEFAULT NULL,
  `expiryDate` datetime DEFAULT NULL,
  `deletedWithEntryType` tinyint(1) DEFAULT NULL,
  `dateCreated` datetime NOT NULL,
  `dateUpdated` datetime NOT NULL,
  PRIMARY KEY (`id`),
  KEY `idx_ggmnvoyagyceuyetlfdiehuwvcnpsceazbls` (`postDate`),
  KEY `idx_hxpscqjodmrxgxcdbscwjchzjqjhfvpwyxmr` (`expiryDate`),
  KEY `idx_ciacqjdhfkrzvritvplthznkpvoiouxuismg` (`authorId`),
  KEY `idx_hlmshfmjzmdrtgldftmvqkcnknxlfzdewudh` (`sectionId`),
  KEY `idx_wknjfggptqptxlhpesxfpobenryqehuvgpuc` (`typeId`),
  KEY `fk_ruwmhskpnwzjneldtqxwgybhcwqxomydiyid` (`parentId`),
  CONSTRAINT `fk_doaiezdbiyukkltxzaegtdscnypgrbbtohlp` FOREIGN KEY (`typeId`) REFERENCES `entrytypes` (`id`) ON DELETE CASCADE,
  CONSTRAINT `fk_ruwmhskpnwzjneldtqxwgybhcwqxomydiyid` FOREIGN KEY (`parentId`) REFERENCES `entries` (`id`) ON DELETE SET NULL,
  CONSTRAINT `fk_txwduygzaaryanssjipvzkkfsrynudewmxch` FOREIGN KEY (`id`) REFERENCES `elements` (`id`) ON DELETE CASCADE,
  CONSTRAINT `fk_ulkttkeycthtlmdqeizwwwiwkkimwzrfloku` FOREIGN KEY (`sectionId`) REFERENCES `sections` (`id`) ON DELETE CASCADE,
  CONSTRAINT `fk_uzsrefmqnnyuttpzvsqowsarzpxnzfasktgo` FOREIGN KEY (`authorId`) REFERENCES `users` (`id`) ON DELETE SET NULL
) ENGINE=InnoDB DEFAULT CHARSET=utf8 COLLATE=utf8_general_ci;
/*!40101 SET character_set_client = @saved_cs_client */;

--
-- Table structure for table `entrytypes`
--

DROP TABLE IF EXISTS `entrytypes`;
/*!40101 SET @saved_cs_client     = @@character_set_client */;
/*!40101 SET character_set_client = utf8 */;
CREATE TABLE `entrytypes` (
  `id` int(11) NOT NULL AUTO_INCREMENT,
  `sectionId` int(11) NOT NULL,
  `fieldLayoutId` int(11) DEFAULT NULL,
  `name` varchar(255) NOT NULL,
  `handle` varchar(255) NOT NULL,
  `hasTitleField` tinyint(1) NOT NULL DEFAULT 1,
  `titleTranslationMethod` varchar(255) NOT NULL DEFAULT 'site',
  `titleTranslationKeyFormat` text DEFAULT NULL,
  `titleFormat` varchar(255) DEFAULT NULL,
  `sortOrder` smallint(6) unsigned DEFAULT NULL,
  `dateCreated` datetime NOT NULL,
  `dateUpdated` datetime NOT NULL,
  `dateDeleted` datetime DEFAULT NULL,
  `uid` char(36) NOT NULL DEFAULT '0',
  PRIMARY KEY (`id`),
  KEY `idx_jhuucegpmfxluckdlubveygmoajxwluwcbuv` (`name`,`sectionId`),
  KEY `idx_saogawhevxxpwabcarpumwfiwwsshamlvkxg` (`handle`,`sectionId`),
  KEY `idx_tmaftatimgzhutinbmehryhspwpskeiifdek` (`sectionId`),
  KEY `idx_vjyufycynxerqhvqrqfvrrudicevhvzvrkcp` (`fieldLayoutId`),
  KEY `idx_sntmmhkxigvlhxyfepyhmrcxakolsqkgvgja` (`dateDeleted`),
  CONSTRAINT `fk_focalpkahwuilkdywcvgfeqofnejfvxmnwmc` FOREIGN KEY (`fieldLayoutId`) REFERENCES `fieldlayouts` (`id`) ON DELETE SET NULL,
  CONSTRAINT `fk_irmlobkgymprmhgpikyqcvjpplmobfspvnqv` FOREIGN KEY (`sectionId`) REFERENCES `sections` (`id`) ON DELETE CASCADE
) ENGINE=InnoDB AUTO_INCREMENT=6 DEFAULT CHARSET=utf8 COLLATE=utf8_general_ci;
/*!40101 SET character_set_client = @saved_cs_client */;

--
-- Table structure for table `fieldgroups`
--

DROP TABLE IF EXISTS `fieldgroups`;
/*!40101 SET @saved_cs_client     = @@character_set_client */;
/*!40101 SET character_set_client = utf8 */;
CREATE TABLE `fieldgroups` (
  `id` int(11) NOT NULL AUTO_INCREMENT,
  `name` varchar(255) NOT NULL,
  `dateCreated` datetime NOT NULL,
  `dateUpdated` datetime NOT NULL,
  `dateDeleted` datetime DEFAULT NULL,
  `uid` char(36) NOT NULL DEFAULT '0',
  PRIMARY KEY (`id`),
  KEY `idx_ssltosqktjqzdhllbtpyxuqvkrgvdrrelgyg` (`name`),
  KEY `idx_lqiqgeigzlewisrfwfxwklgmawkbxhndadag` (`dateDeleted`,`name`)
) ENGINE=InnoDB AUTO_INCREMENT=3 DEFAULT CHARSET=utf8 COLLATE=utf8_general_ci;
/*!40101 SET character_set_client = @saved_cs_client */;

--
-- Table structure for table `fieldlayoutfields`
--

DROP TABLE IF EXISTS `fieldlayoutfields`;
/*!40101 SET @saved_cs_client     = @@character_set_client */;
/*!40101 SET character_set_client = utf8 */;
CREATE TABLE `fieldlayoutfields` (
  `id` int(11) NOT NULL AUTO_INCREMENT,
  `layoutId` int(11) NOT NULL,
  `tabId` int(11) NOT NULL,
  `fieldId` int(11) NOT NULL,
  `required` tinyint(1) NOT NULL DEFAULT 0,
  `sortOrder` smallint(6) unsigned DEFAULT NULL,
  `dateCreated` datetime NOT NULL,
  `dateUpdated` datetime NOT NULL,
  `uid` char(36) NOT NULL DEFAULT '0',
  PRIMARY KEY (`id`),
  UNIQUE KEY `idx_pgndmaolwqnxmnjffujddzpmzgmptvqopupg` (`layoutId`,`fieldId`),
  KEY `idx_hrsqmphogftzojbbjpuufgqssanoslyilpjm` (`sortOrder`),
  KEY `idx_rntrcayuejoykvglywjfiyrwujnpbdmrxyph` (`tabId`),
  KEY `idx_ncpbwhewcuaqnidagfgdgrywhbdnnbmoogzi` (`fieldId`),
  CONSTRAINT `fk_eiyxabsgpglsnpbkwcqvobhpkamjyeikifnn` FOREIGN KEY (`fieldId`) REFERENCES `fields` (`id`) ON DELETE CASCADE,
  CONSTRAINT `fk_euyoosqceyhvpsgdbsgusqrlljwxbxnsfynb` FOREIGN KEY (`layoutId`) REFERENCES `fieldlayouts` (`id`) ON DELETE CASCADE,
  CONSTRAINT `fk_heliflpgimosglmonoqoypqgkxcygyqwdmdh` FOREIGN KEY (`tabId`) REFERENCES `fieldlayouttabs` (`id`) ON DELETE CASCADE
) ENGINE=InnoDB AUTO_INCREMENT=95 DEFAULT CHARSET=utf8 COLLATE=utf8_general_ci;
/*!40101 SET character_set_client = @saved_cs_client */;

--
-- Table structure for table `fieldlayouts`
--

DROP TABLE IF EXISTS `fieldlayouts`;
/*!40101 SET @saved_cs_client     = @@character_set_client */;
/*!40101 SET character_set_client = utf8 */;
CREATE TABLE `fieldlayouts` (
  `id` int(11) NOT NULL AUTO_INCREMENT,
  `type` varchar(255) NOT NULL,
  `dateCreated` datetime NOT NULL,
  `dateUpdated` datetime NOT NULL,
  `dateDeleted` datetime DEFAULT NULL,
  `uid` char(36) NOT NULL DEFAULT '0',
  PRIMARY KEY (`id`),
  KEY `idx_mqhmpzpcceonzgueemltmnvchbaujnhyliwd` (`dateDeleted`),
  KEY `idx_dapxkhokbxhronoyqfzuxwzmkgsubpgqxtxx` (`type`)
) ENGINE=InnoDB AUTO_INCREMENT=12 DEFAULT CHARSET=utf8 COLLATE=utf8_general_ci;
/*!40101 SET character_set_client = @saved_cs_client */;

--
-- Table structure for table `fieldlayouttabs`
--

DROP TABLE IF EXISTS `fieldlayouttabs`;
/*!40101 SET @saved_cs_client     = @@character_set_client */;
/*!40101 SET character_set_client = utf8 */;
CREATE TABLE `fieldlayouttabs` (
  `id` int(11) NOT NULL AUTO_INCREMENT,
  `layoutId` int(11) NOT NULL,
  `name` varchar(255) NOT NULL,
  `settings` text DEFAULT NULL,
  `elements` text DEFAULT NULL,
  `sortOrder` smallint(6) unsigned DEFAULT NULL,
  `dateCreated` datetime NOT NULL,
  `dateUpdated` datetime NOT NULL,
  `uid` char(36) NOT NULL DEFAULT '0',
  PRIMARY KEY (`id`),
  KEY `idx_ogtnaeyncipcimtdoyheejjzyfsiusnjoqfp` (`sortOrder`),
  KEY `idx_wschhufzvtftbiklmblspbuntuevqpsuhsol` (`layoutId`),
  CONSTRAINT `fk_gnorylakxpihfovtpryrfhkpbfwdhngaqcis` FOREIGN KEY (`layoutId`) REFERENCES `fieldlayouts` (`id`) ON DELETE CASCADE
) ENGINE=InnoDB AUTO_INCREMENT=54 DEFAULT CHARSET=utf8 COLLATE=utf8_general_ci;
/*!40101 SET character_set_client = @saved_cs_client */;

--
-- Table structure for table `fields`
--

DROP TABLE IF EXISTS `fields`;
/*!40101 SET @saved_cs_client     = @@character_set_client */;
/*!40101 SET character_set_client = utf8 */;
CREATE TABLE `fields` (
  `id` int(11) NOT NULL AUTO_INCREMENT,
  `groupId` int(11) DEFAULT NULL,
  `name` varchar(255) NOT NULL,
  `handle` varchar(64) NOT NULL,
  `context` varchar(255) NOT NULL DEFAULT 'global',
  `columnSuffix` char(8) DEFAULT NULL,
  `instructions` text DEFAULT NULL,
  `searchable` tinyint(1) NOT NULL DEFAULT 1,
  `translationMethod` varchar(255) NOT NULL DEFAULT 'none',
  `translationKeyFormat` text DEFAULT NULL,
  `type` varchar(255) NOT NULL,
  `settings` text DEFAULT NULL,
  `dateCreated` datetime NOT NULL,
  `dateUpdated` datetime NOT NULL,
  `uid` char(36) NOT NULL DEFAULT '0',
  PRIMARY KEY (`id`),
  KEY `idx_uhvonypcuwvlznodwrhbtubwtybxngcqnrfh` (`handle`,`context`),
  KEY `idx_robiumlgwtsjzqoktidslpakczijbotamunz` (`groupId`),
  KEY `idx_hhamkmmbgnvowulccrnglcluoxwdpsxyebxg` (`context`),
  CONSTRAINT `fk_azknhggwoazumawcbbqtettvkmrsqtdtmgzs` FOREIGN KEY (`groupId`) REFERENCES `fieldgroups` (`id`) ON DELETE CASCADE
) ENGINE=InnoDB AUTO_INCREMENT=14 DEFAULT CHARSET=utf8 COLLATE=utf8_general_ci;
/*!40101 SET character_set_client = @saved_cs_client */;

--
-- Table structure for table `globalsets`
--

DROP TABLE IF EXISTS `globalsets`;
/*!40101 SET @saved_cs_client     = @@character_set_client */;
/*!40101 SET character_set_client = utf8 */;
CREATE TABLE `globalsets` (
  `id` int(11) NOT NULL AUTO_INCREMENT,
  `name` varchar(255) NOT NULL,
  `handle` varchar(255) NOT NULL,
  `fieldLayoutId` int(11) DEFAULT NULL,
  `sortOrder` smallint(6) unsigned DEFAULT NULL,
  `dateCreated` datetime NOT NULL,
  `dateUpdated` datetime NOT NULL,
  `uid` char(36) NOT NULL DEFAULT '0',
  PRIMARY KEY (`id`),
  KEY `idx_hnzyyhpcjnmvwsldpopgocgmydcjovnprzvn` (`name`),
  KEY `idx_ltebemqsbkeanhyscupqoealsrtjydgvshfg` (`handle`),
  KEY `idx_wjnnqhvduyxkfwoxvimtuoxvndpddasephyk` (`fieldLayoutId`),
  KEY `idx_zrslvinwareqmveiahpsnzpazxmqcezusrkj` (`sortOrder`),
  CONSTRAINT `fk_gjtuufhsdbtucildsxcdzdbflouxnhsyaavs` FOREIGN KEY (`fieldLayoutId`) REFERENCES `fieldlayouts` (`id`) ON DELETE SET NULL,
  CONSTRAINT `fk_hozuzkpqdxggrenaoygokveszhjtkedagqav` FOREIGN KEY (`id`) REFERENCES `elements` (`id`) ON DELETE CASCADE
) ENGINE=InnoDB DEFAULT CHARSET=utf8 COLLATE=utf8_general_ci;
/*!40101 SET character_set_client = @saved_cs_client */;

--
-- Table structure for table `gqlschemas`
--

DROP TABLE IF EXISTS `gqlschemas`;
/*!40101 SET @saved_cs_client     = @@character_set_client */;
/*!40101 SET character_set_client = utf8 */;
CREATE TABLE `gqlschemas` (
  `id` int(11) NOT NULL AUTO_INCREMENT,
  `name` varchar(255) NOT NULL,
  `scope` text DEFAULT NULL,
  `isPublic` tinyint(1) NOT NULL DEFAULT 0,
  `dateCreated` datetime NOT NULL,
  `dateUpdated` datetime NOT NULL,
  `uid` char(36) NOT NULL DEFAULT '0',
  PRIMARY KEY (`id`)
) ENGINE=InnoDB AUTO_INCREMENT=2 DEFAULT CHARSET=utf8 COLLATE=utf8_general_ci;
/*!40101 SET character_set_client = @saved_cs_client */;

--
-- Table structure for table `gqltokens`
--

DROP TABLE IF EXISTS `gqltokens`;
/*!40101 SET @saved_cs_client     = @@character_set_client */;
/*!40101 SET character_set_client = utf8 */;
CREATE TABLE `gqltokens` (
  `id` int(11) NOT NULL AUTO_INCREMENT,
  `name` varchar(255) NOT NULL,
  `accessToken` varchar(255) NOT NULL,
  `enabled` tinyint(1) NOT NULL DEFAULT 1,
  `expiryDate` datetime DEFAULT NULL,
  `lastUsed` datetime DEFAULT NULL,
  `schemaId` int(11) DEFAULT NULL,
  `dateCreated` datetime NOT NULL,
  `dateUpdated` datetime NOT NULL,
  `uid` char(36) NOT NULL DEFAULT '0',
  PRIMARY KEY (`id`),
  UNIQUE KEY `idx_cqjwdlqwirmuwljlmtxozldbqprhbsvaqbrv` (`accessToken`),
  UNIQUE KEY `idx_ucnvlstzsygshbewimhpamzfsubjjtygezsw` (`name`),
  KEY `fk_jzpcculbsfwfhmyqzhojehwhuntycmkuilaf` (`schemaId`),
  CONSTRAINT `fk_jzpcculbsfwfhmyqzhojehwhuntycmkuilaf` FOREIGN KEY (`schemaId`) REFERENCES `gqlschemas` (`id`) ON DELETE SET NULL
) ENGINE=InnoDB DEFAULT CHARSET=utf8 COLLATE=utf8_general_ci;
/*!40101 SET character_set_client = @saved_cs_client */;

--
-- Table structure for table `imagetransformindex`
--

DROP TABLE IF EXISTS `imagetransformindex`;
/*!40101 SET @saved_cs_client     = @@character_set_client */;
/*!40101 SET character_set_client = utf8 */;
CREATE TABLE `imagetransformindex` (
  `id` int(11) NOT NULL AUTO_INCREMENT,
  `assetId` int(11) NOT NULL,
  `transformer` varchar(255) DEFAULT NULL,
  `filename` varchar(255) DEFAULT NULL,
  `format` varchar(255) DEFAULT NULL,
  `transformString` varchar(255) NOT NULL,
  `fileExists` tinyint(1) NOT NULL DEFAULT 0,
  `inProgress` tinyint(1) NOT NULL DEFAULT 0,
  `error` tinyint(1) NOT NULL DEFAULT 0,
  `dateIndexed` datetime DEFAULT NULL,
  `dateCreated` datetime NOT NULL,
  `dateUpdated` datetime NOT NULL,
  `uid` char(36) NOT NULL DEFAULT '0',
  PRIMARY KEY (`id`),
  KEY `idx_vktpxlfkhharkcjhcdqsoclbjzwtyzebzrbm` (`assetId`,`transformString`)
) ENGINE=InnoDB AUTO_INCREMENT=107 DEFAULT CHARSET=utf8 COLLATE=utf8_general_ci;
/*!40101 SET character_set_client = @saved_cs_client */;

--
-- Table structure for table `imagetransforms`
--

DROP TABLE IF EXISTS `imagetransforms`;
/*!40101 SET @saved_cs_client     = @@character_set_client */;
/*!40101 SET character_set_client = utf8 */;
CREATE TABLE `imagetransforms` (
  `id` int(11) NOT NULL AUTO_INCREMENT,
  `name` varchar(255) NOT NULL,
  `handle` varchar(255) NOT NULL,
  `mode` enum('stretch','fit','crop','letterbox') NOT NULL DEFAULT 'crop',
  `position` enum('top-left','top-center','top-right','center-left','center-center','center-right','bottom-left','bottom-center','bottom-right') NOT NULL DEFAULT 'center-center',
  `width` int(11) unsigned DEFAULT NULL,
  `height` int(11) unsigned DEFAULT NULL,
  `format` varchar(255) DEFAULT NULL,
  `quality` int(11) DEFAULT NULL,
  `interlace` enum('none','line','plane','partition') NOT NULL DEFAULT 'none',
  `fill` varchar(11) DEFAULT NULL,
  `upscale` tinyint(1) NOT NULL DEFAULT 1,
  `parameterChangeTime` datetime DEFAULT NULL,
  `dateCreated` datetime NOT NULL,
  `dateUpdated` datetime NOT NULL,
  `uid` char(36) NOT NULL DEFAULT '0',
  PRIMARY KEY (`id`),
  KEY `idx_jxjkfdnbmnnqkaaqmrchhwjqcqpgkszonimt` (`name`),
  KEY `idx_fwlcnpjztgaescmrztdlktysqmqrkpbhrfas` (`handle`)
) ENGINE=InnoDB DEFAULT CHARSET=utf8 COLLATE=utf8_general_ci;
/*!40101 SET character_set_client = @saved_cs_client */;

--
-- Table structure for table `info`
--

DROP TABLE IF EXISTS `info`;
/*!40101 SET @saved_cs_client     = @@character_set_client */;
/*!40101 SET character_set_client = utf8 */;
CREATE TABLE `info` (
  `id` int(11) NOT NULL AUTO_INCREMENT,
  `version` varchar(50) NOT NULL,
  `schemaVersion` varchar(15) NOT NULL,
  `maintenance` tinyint(1) NOT NULL DEFAULT 0,
  `configVersion` char(12) NOT NULL DEFAULT '000000000000',
  `fieldVersion` char(12) NOT NULL DEFAULT '000000000000',
  `dateCreated` datetime NOT NULL,
  `dateUpdated` datetime NOT NULL,
  `uid` char(36) NOT NULL DEFAULT '0',
  PRIMARY KEY (`id`)
) ENGINE=InnoDB AUTO_INCREMENT=2 DEFAULT CHARSET=utf8 COLLATE=utf8_general_ci;
/*!40101 SET character_set_client = @saved_cs_client */;

--
-- Table structure for table `matrixblocks`
--

DROP TABLE IF EXISTS `matrixblocks`;
/*!40101 SET @saved_cs_client     = @@character_set_client */;
/*!40101 SET character_set_client = utf8 */;
CREATE TABLE `matrixblocks` (
  `id` int(11) NOT NULL,
  `primaryOwnerId` int(11) NOT NULL,
  `fieldId` int(11) NOT NULL,
  `typeId` int(11) NOT NULL,
  `deletedWithOwner` tinyint(1) DEFAULT NULL,
  `dateCreated` datetime NOT NULL,
  `dateUpdated` datetime NOT NULL,
  PRIMARY KEY (`id`),
  KEY `idx_htydqkclbdscglakfdhoagewqqcgfiftjyyr` (`primaryOwnerId`),
  KEY `idx_ghnwulaeozedevehzuisjafcmdddohyqogtc` (`fieldId`),
  KEY `idx_gsqvbownfzuyaecimxbmrcnaayqifuexsuhv` (`typeId`),
  CONSTRAINT `fk_dpjphsoaridwgecfktquazkseekaycususke` FOREIGN KEY (`fieldId`) REFERENCES `fields` (`id`) ON DELETE CASCADE,
  CONSTRAINT `fk_oniisriehjekxydggtpmebzvgqikpxockkza` FOREIGN KEY (`typeId`) REFERENCES `matrixblocktypes` (`id`) ON DELETE CASCADE,
  CONSTRAINT `fk_vgbiamehfaplfdxdzcjihglqebfqilsyztad` FOREIGN KEY (`id`) REFERENCES `elements` (`id`) ON DELETE CASCADE,
  CONSTRAINT `fk_zhdxmfyyfcsvlglpkyzvkvqergvgnrpmbgxm` FOREIGN KEY (`primaryOwnerId`) REFERENCES `elements` (`id`) ON DELETE CASCADE
) ENGINE=InnoDB DEFAULT CHARSET=utf8 COLLATE=utf8_general_ci;
/*!40101 SET character_set_client = @saved_cs_client */;

--
-- Table structure for table `matrixblocks_owners`
--

DROP TABLE IF EXISTS `matrixblocks_owners`;
/*!40101 SET @saved_cs_client     = @@character_set_client */;
/*!40101 SET character_set_client = utf8 */;
CREATE TABLE `matrixblocks_owners` (
  `blockId` int(11) NOT NULL,
  `ownerId` int(11) NOT NULL,
  `sortOrder` smallint(6) unsigned NOT NULL,
  PRIMARY KEY (`blockId`,`ownerId`),
  KEY `fk_vtpnxuxxjqhpvtumbbwoobuibmqtoryvdcqx` (`ownerId`),
  CONSTRAINT `fk_sskvtbmiyphmaaovwcydaghkrgzjzelesfmm` FOREIGN KEY (`blockId`) REFERENCES `matrixblocks` (`id`) ON DELETE CASCADE,
  CONSTRAINT `fk_vtpnxuxxjqhpvtumbbwoobuibmqtoryvdcqx` FOREIGN KEY (`ownerId`) REFERENCES `elements` (`id`) ON DELETE CASCADE
) ENGINE=InnoDB DEFAULT CHARSET=utf8 COLLATE=utf8_general_ci;
/*!40101 SET character_set_client = @saved_cs_client */;

--
-- Table structure for table `matrixblocktypes`
--

DROP TABLE IF EXISTS `matrixblocktypes`;
/*!40101 SET @saved_cs_client     = @@character_set_client */;
/*!40101 SET character_set_client = utf8 */;
CREATE TABLE `matrixblocktypes` (
  `id` int(11) NOT NULL AUTO_INCREMENT,
  `fieldId` int(11) NOT NULL,
  `fieldLayoutId` int(11) DEFAULT NULL,
  `name` varchar(255) NOT NULL,
  `handle` varchar(255) NOT NULL,
  `sortOrder` smallint(6) unsigned DEFAULT NULL,
  `dateCreated` datetime NOT NULL,
  `dateUpdated` datetime NOT NULL,
  `uid` char(36) NOT NULL DEFAULT '0',
  PRIMARY KEY (`id`),
  KEY `idx_npztalspkxfuopolfvduztwssuqaiclqwskj` (`name`,`fieldId`),
  KEY `idx_shunsgujyepjtrggrfkefsdivumgbrwoogmk` (`handle`,`fieldId`),
  KEY `idx_fgmjaknhffpwoxhgsrqwoslccedqmkvumdrp` (`fieldId`),
  KEY `idx_scbranhisnnknkbgbtfvstwdloqznbhanmib` (`fieldLayoutId`),
  CONSTRAINT `fk_dngmlbnupgfulrerncvzgqmafkhlvchywixw` FOREIGN KEY (`fieldId`) REFERENCES `fields` (`id`) ON DELETE CASCADE,
  CONSTRAINT `fk_fmtttognlhdocvgvfowytijqupmomiqewawt` FOREIGN KEY (`fieldLayoutId`) REFERENCES `fieldlayouts` (`id`) ON DELETE SET NULL
) ENGINE=InnoDB AUTO_INCREMENT=5 DEFAULT CHARSET=utf8 COLLATE=utf8_general_ci;
/*!40101 SET character_set_client = @saved_cs_client */;

--
-- Table structure for table `matrixcontent_bodycontent`
--

DROP TABLE IF EXISTS `matrixcontent_bodycontent`;
/*!40101 SET @saved_cs_client     = @@character_set_client */;
/*!40101 SET character_set_client = utf8 */;
CREATE TABLE `matrixcontent_bodycontent` (
  `id` int(11) NOT NULL AUTO_INCREMENT,
  `elementId` int(11) NOT NULL,
  `siteId` int(11) NOT NULL,
  `dateCreated` datetime NOT NULL,
  `dateUpdated` datetime NOT NULL,
  `uid` char(36) NOT NULL DEFAULT '0',
  `field_quote_cite_ljffsgdr` varchar(240) DEFAULT NULL,
  `field_quote_text_yfidlzze` text DEFAULT NULL,
  `field_quote_style_vdcfeeit` varchar(255) DEFAULT NULL,
  `field_heading_headingLevel_xiqfbbjz` varchar(255) DEFAULT NULL,
  `field_heading_text_ehszctzg` varchar(240) DEFAULT NULL,
  `field_image_caption_xngnntxq` varchar(250) DEFAULT NULL,
  `field_text_text_badcaarf` text DEFAULT NULL,
  PRIMARY KEY (`id`),
  UNIQUE KEY `idx_urhmwvlowxfmzzwqpuasapbnkrxqbizvpefv` (`elementId`,`siteId`),
  KEY `fk_ocrfwghvwhipuxilsiaipluckknziqqlvwbe` (`siteId`),
  CONSTRAINT `fk_kqucqskvzobrhaxwgiplnuqwkhmabnynnxui` FOREIGN KEY (`elementId`) REFERENCES `elements` (`id`) ON DELETE CASCADE,
  CONSTRAINT `fk_ocrfwghvwhipuxilsiaipluckknziqqlvwbe` FOREIGN KEY (`siteId`) REFERENCES `sites` (`id`) ON DELETE CASCADE ON UPDATE CASCADE
) ENGINE=InnoDB AUTO_INCREMENT=689 DEFAULT CHARSET=utf8 COLLATE=utf8_general_ci;
/*!40101 SET character_set_client = @saved_cs_client */;

--
-- Table structure for table `migrations`
--

DROP TABLE IF EXISTS `migrations`;
/*!40101 SET @saved_cs_client     = @@character_set_client */;
/*!40101 SET character_set_client = utf8 */;
CREATE TABLE `migrations` (
  `id` int(11) NOT NULL AUTO_INCREMENT,
  `track` varchar(255) NOT NULL,
  `name` varchar(255) NOT NULL,
  `applyTime` datetime NOT NULL,
  `dateCreated` datetime NOT NULL,
  `dateUpdated` datetime NOT NULL,
  `uid` char(36) NOT NULL DEFAULT '0',
  PRIMARY KEY (`id`),
  UNIQUE KEY `idx_gbzplbegwdvkmhsbdavgbetrrfozkhheshof` (`track`,`name`)
) ENGINE=InnoDB AUTO_INCREMENT=32 DEFAULT CHARSET=utf8 COLLATE=utf8_general_ci;
/*!40101 SET character_set_client = @saved_cs_client */;

--
-- Table structure for table `plugins`
--

DROP TABLE IF EXISTS `plugins`;
/*!40101 SET @saved_cs_client     = @@character_set_client */;
/*!40101 SET character_set_client = utf8 */;
CREATE TABLE `plugins` (
  `id` int(11) NOT NULL AUTO_INCREMENT,
  `handle` varchar(255) NOT NULL,
  `version` varchar(255) NOT NULL,
  `schemaVersion` varchar(255) NOT NULL,
  `installDate` datetime NOT NULL,
  `dateCreated` datetime NOT NULL,
  `dateUpdated` datetime NOT NULL,
  `uid` char(36) NOT NULL DEFAULT '0',
  PRIMARY KEY (`id`),
  UNIQUE KEY `idx_xzqatlffkazelcxhcutumkrhvryqjigzqgrt` (`handle`)
) ENGINE=InnoDB DEFAULT CHARSET=utf8 COLLATE=utf8_general_ci;
/*!40101 SET character_set_client = @saved_cs_client */;

--
-- Table structure for table `projectconfig`
--

DROP TABLE IF EXISTS `projectconfig`;
/*!40101 SET @saved_cs_client     = @@character_set_client */;
/*!40101 SET character_set_client = utf8 */;
CREATE TABLE `projectconfig` (
  `path` varchar(255) NOT NULL,
  `value` text NOT NULL,
  PRIMARY KEY (`path`)
) ENGINE=InnoDB DEFAULT CHARSET=utf8 COLLATE=utf8_general_ci;
/*!40101 SET character_set_client = @saved_cs_client */;

--
-- Table structure for table `queue`
--

DROP TABLE IF EXISTS `queue`;
/*!40101 SET @saved_cs_client     = @@character_set_client */;
/*!40101 SET character_set_client = utf8 */;
CREATE TABLE `queue` (
  `id` int(11) NOT NULL AUTO_INCREMENT,
  `channel` varchar(255) NOT NULL DEFAULT 'queue',
  `job` longblob NOT NULL,
  `description` text DEFAULT NULL,
  `timePushed` int(11) NOT NULL,
  `ttr` int(11) NOT NULL,
  `delay` int(11) NOT NULL DEFAULT 0,
  `priority` int(11) unsigned NOT NULL DEFAULT 1024,
  `dateReserved` datetime DEFAULT NULL,
  `timeUpdated` int(11) DEFAULT NULL,
  `progress` smallint(6) NOT NULL DEFAULT 0,
  `progressLabel` varchar(255) DEFAULT NULL,
  `attempt` int(11) DEFAULT NULL,
  `fail` tinyint(1) DEFAULT 0,
  `dateFailed` datetime DEFAULT NULL,
  `error` text DEFAULT NULL,
  PRIMARY KEY (`id`),
  KEY `idx_myttscodfjfjmpnpdfsgwxaqnhjmfjnhctaf` (`channel`,`fail`,`timeUpdated`,`timePushed`),
  KEY `idx_pzukgsosahmjgwtfrvbwefuwzsemudzujukc` (`channel`,`fail`,`timeUpdated`,`delay`)
) ENGINE=InnoDB AUTO_INCREMENT=1627 DEFAULT CHARSET=utf8 COLLATE=utf8_general_ci;
/*!40101 SET character_set_client = @saved_cs_client */;

--
-- Table structure for table `relations`
--

DROP TABLE IF EXISTS `relations`;
/*!40101 SET @saved_cs_client     = @@character_set_client */;
/*!40101 SET character_set_client = utf8 */;
CREATE TABLE `relations` (
  `id` int(11) NOT NULL AUTO_INCREMENT,
  `fieldId` int(11) NOT NULL,
  `sourceId` int(11) NOT NULL,
  `sourceSiteId` int(11) DEFAULT NULL,
  `targetId` int(11) NOT NULL,
  `sortOrder` smallint(6) unsigned DEFAULT NULL,
  `dateCreated` datetime NOT NULL,
  `dateUpdated` datetime NOT NULL,
  `uid` char(36) NOT NULL DEFAULT '0',
  PRIMARY KEY (`id`),
  UNIQUE KEY `idx_xhdkiqmdfirgjvtverlrignnmkcmvmvlhbrc` (`fieldId`,`sourceId`,`sourceSiteId`,`targetId`),
  KEY `idx_rhgvnqeohlmqwfgxxndyjlyxqtyoeosgfksv` (`sourceId`),
  KEY `idx_sitjdoqqvadnimdcworbtengkgxjzcvjqkfh` (`targetId`),
  KEY `idx_ikzugyhibcrvvbspildmwsuffkomflmomxai` (`sourceSiteId`),
  CONSTRAINT `fk_jjdmqbscqgkgzftrlxgfobbumgaxvzyxbnfv` FOREIGN KEY (`fieldId`) REFERENCES `fields` (`id`) ON DELETE CASCADE,
  CONSTRAINT `fk_kwdssuwphhlblkwvcfcjkyswjhkivhbbutfp` FOREIGN KEY (`sourceSiteId`) REFERENCES `sites` (`id`) ON DELETE CASCADE ON UPDATE CASCADE,
  CONSTRAINT `fk_xyxjjmeppthgcyqjdglkrkmlujhpgkignbsd` FOREIGN KEY (`sourceId`) REFERENCES `elements` (`id`) ON DELETE CASCADE
) ENGINE=InnoDB AUTO_INCREMENT=74 DEFAULT CHARSET=utf8 COLLATE=utf8_general_ci;
/*!40101 SET character_set_client = @saved_cs_client */;

--
-- Table structure for table `resourcepaths`
--

DROP TABLE IF EXISTS `resourcepaths`;
/*!40101 SET @saved_cs_client     = @@character_set_client */;
/*!40101 SET character_set_client = utf8 */;
CREATE TABLE `resourcepaths` (
  `hash` varchar(255) NOT NULL,
  `path` varchar(255) NOT NULL,
  PRIMARY KEY (`hash`)
) ENGINE=InnoDB DEFAULT CHARSET=utf8 COLLATE=utf8_general_ci;
/*!40101 SET character_set_client = @saved_cs_client */;

--
-- Table structure for table `revisions`
--

DROP TABLE IF EXISTS `revisions`;
/*!40101 SET @saved_cs_client     = @@character_set_client */;
/*!40101 SET character_set_client = utf8 */;
CREATE TABLE `revisions` (
  `id` int(11) NOT NULL AUTO_INCREMENT,
  `canonicalId` int(11) NOT NULL,
  `creatorId` int(11) DEFAULT NULL,
  `num` int(11) NOT NULL,
  `notes` text DEFAULT NULL,
  PRIMARY KEY (`id`),
  UNIQUE KEY `idx_girfthybbvkjbxvokgrsmuzkznfcmowynecr` (`canonicalId`,`num`),
  KEY `fk_tpdcpwgzgtbdkxjlrolevxipjmwelkwsfdrb` (`creatorId`),
  CONSTRAINT `fk_mrevpjqcfmpdlepxoomjbzfnwtpqrpdsznyw` FOREIGN KEY (`canonicalId`) REFERENCES `elements` (`id`) ON DELETE CASCADE,
  CONSTRAINT `fk_tpdcpwgzgtbdkxjlrolevxipjmwelkwsfdrb` FOREIGN KEY (`creatorId`) REFERENCES `users` (`id`) ON DELETE SET NULL
) ENGINE=InnoDB AUTO_INCREMENT=111 DEFAULT CHARSET=utf8 COLLATE=utf8_general_ci;
/*!40101 SET character_set_client = @saved_cs_client */;

--
-- Table structure for table `searchindex`
--

DROP TABLE IF EXISTS `searchindex`;
/*!40101 SET @saved_cs_client     = @@character_set_client */;
/*!40101 SET character_set_client = utf8 */;
CREATE TABLE `searchindex` (
  `elementId` int(11) NOT NULL,
  `attribute` varchar(25) NOT NULL,
  `fieldId` int(11) NOT NULL,
  `siteId` int(11) NOT NULL,
  `keywords` text NOT NULL,
  PRIMARY KEY (`elementId`,`attribute`,`fieldId`,`siteId`),
  FULLTEXT KEY `idx_zqrohoadrjkjwxkfwpurptcycdlozwioilly` (`keywords`)
) ENGINE=InnoDB DEFAULT CHARSET=utf8 COLLATE=utf8_general_ci;
/*!40101 SET character_set_client = @saved_cs_client */;

--
-- Table structure for table `sections`
--

DROP TABLE IF EXISTS `sections`;
/*!40101 SET @saved_cs_client     = @@character_set_client */;
/*!40101 SET character_set_client = utf8 */;
CREATE TABLE `sections` (
  `id` int(11) NOT NULL AUTO_INCREMENT,
  `structureId` int(11) DEFAULT NULL,
  `name` varchar(255) NOT NULL,
  `handle` varchar(255) NOT NULL,
  `type` enum('single','channel','structure') NOT NULL DEFAULT 'channel',
  `enableVersioning` tinyint(1) NOT NULL DEFAULT 0,
  `propagationMethod` varchar(255) NOT NULL DEFAULT 'all',
  `defaultPlacement` enum('beginning','end') NOT NULL DEFAULT 'end',
  `previewTargets` text DEFAULT NULL,
  `dateCreated` datetime NOT NULL,
  `dateUpdated` datetime NOT NULL,
  `dateDeleted` datetime DEFAULT NULL,
  `uid` char(36) NOT NULL DEFAULT '0',
  PRIMARY KEY (`id`),
  KEY `idx_dctoezudmfiowjexoxqqyjilxixjvdexhynh` (`handle`),
  KEY `idx_axffutbpeopvzobdkctorhnruzagjlzifptp` (`name`),
  KEY `idx_wpyhlhvffapmfgitucqwrtwoxuafknjwgqic` (`structureId`),
  KEY `idx_cxeledthbqyuanywlurrnogsuksivjjmznhh` (`dateDeleted`),
  CONSTRAINT `fk_xnyxminfnckojmljzlmiynnvvvptxlplccqa` FOREIGN KEY (`structureId`) REFERENCES `structures` (`id`) ON DELETE SET NULL
) ENGINE=InnoDB AUTO_INCREMENT=5 DEFAULT CHARSET=utf8 COLLATE=utf8_general_ci;
/*!40101 SET character_set_client = @saved_cs_client */;

--
-- Table structure for table `sections_sites`
--

DROP TABLE IF EXISTS `sections_sites`;
/*!40101 SET @saved_cs_client     = @@character_set_client */;
/*!40101 SET character_set_client = utf8 */;
CREATE TABLE `sections_sites` (
  `id` int(11) NOT NULL AUTO_INCREMENT,
  `sectionId` int(11) NOT NULL,
  `siteId` int(11) NOT NULL,
  `hasUrls` tinyint(1) NOT NULL DEFAULT 1,
  `uriFormat` text DEFAULT NULL,
  `template` varchar(500) DEFAULT NULL,
  `enabledByDefault` tinyint(1) NOT NULL DEFAULT 1,
  `dateCreated` datetime NOT NULL,
  `dateUpdated` datetime NOT NULL,
  `uid` char(36) NOT NULL DEFAULT '0',
  PRIMARY KEY (`id`),
  UNIQUE KEY `idx_zvhfmwymzjvnzrbnpxnrgizqritbodjamxiv` (`sectionId`,`siteId`),
  KEY `idx_mglzwrqmnebgtebqkcrkjlzovhodajhfellx` (`siteId`),
  CONSTRAINT `fk_kyvigwwfztpxypaeuhszgxcvfmvzvkttzyfr` FOREIGN KEY (`siteId`) REFERENCES `sites` (`id`) ON DELETE CASCADE ON UPDATE CASCADE,
  CONSTRAINT `fk_rvtkjcoqdeciwmwspcottnbfskuuwlwgehmo` FOREIGN KEY (`sectionId`) REFERENCES `sections` (`id`) ON DELETE CASCADE
) ENGINE=InnoDB AUTO_INCREMENT=9 DEFAULT CHARSET=utf8 COLLATE=utf8_general_ci;
/*!40101 SET character_set_client = @saved_cs_client */;

--
-- Table structure for table `sequences`
--

DROP TABLE IF EXISTS `sequences`;
/*!40101 SET @saved_cs_client     = @@character_set_client */;
/*!40101 SET character_set_client = utf8 */;
CREATE TABLE `sequences` (
  `name` varchar(255) NOT NULL,
  `next` int(11) unsigned NOT NULL DEFAULT 1,
  PRIMARY KEY (`name`)
) ENGINE=InnoDB DEFAULT CHARSET=utf8 COLLATE=utf8_general_ci;
/*!40101 SET character_set_client = @saved_cs_client */;

--
-- Table structure for table `sessions`
--

DROP TABLE IF EXISTS `sessions`;
/*!40101 SET @saved_cs_client     = @@character_set_client */;
/*!40101 SET character_set_client = utf8 */;
CREATE TABLE `sessions` (
  `id` int(11) NOT NULL AUTO_INCREMENT,
  `userId` int(11) NOT NULL,
  `token` char(100) NOT NULL,
  `dateCreated` datetime NOT NULL,
  `dateUpdated` datetime NOT NULL,
  `uid` char(36) NOT NULL DEFAULT '0',
  PRIMARY KEY (`id`),
  KEY `idx_salaepqfrlbkfsmhmtgnuxomvjfchpjmgjiy` (`uid`),
  KEY `idx_zuvknntuzlcwngvhwroqhopwxxdposuycixh` (`token`),
  KEY `idx_xumypbjvmvlrtdlgkpvmdkoircrrhgxzpksm` (`dateUpdated`),
  KEY `idx_datyrlkomknwhpfzcltvtczkqkyuxvxqweoa` (`userId`),
  CONSTRAINT `fk_ekgrklmsuvhnzftkdkryqzkdegvttimrgzbj` FOREIGN KEY (`userId`) REFERENCES `users` (`id`) ON DELETE CASCADE
) ENGINE=InnoDB AUTO_INCREMENT=4 DEFAULT CHARSET=utf8 COLLATE=utf8_general_ci;
/*!40101 SET character_set_client = @saved_cs_client */;

--
-- Table structure for table `shunnedmessages`
--

DROP TABLE IF EXISTS `shunnedmessages`;
/*!40101 SET @saved_cs_client     = @@character_set_client */;
/*!40101 SET character_set_client = utf8 */;
CREATE TABLE `shunnedmessages` (
  `id` int(11) NOT NULL AUTO_INCREMENT,
  `userId` int(11) NOT NULL,
  `message` varchar(255) NOT NULL,
  `expiryDate` datetime DEFAULT NULL,
  `dateCreated` datetime NOT NULL,
  `dateUpdated` datetime NOT NULL,
  `uid` char(36) NOT NULL DEFAULT '0',
  PRIMARY KEY (`id`),
  UNIQUE KEY `idx_yokspwzdvseattptrfgmidalsxvhxflgdllj` (`userId`,`message`),
  CONSTRAINT `fk_udijvwlcngfmxxtixugpfmphuwbaxmkfbkug` FOREIGN KEY (`userId`) REFERENCES `users` (`id`) ON DELETE CASCADE
) ENGINE=InnoDB DEFAULT CHARSET=utf8 COLLATE=utf8_general_ci;
/*!40101 SET character_set_client = @saved_cs_client */;

--
-- Table structure for table `sitegroups`
--

DROP TABLE IF EXISTS `sitegroups`;
/*!40101 SET @saved_cs_client     = @@character_set_client */;
/*!40101 SET character_set_client = utf8 */;
CREATE TABLE `sitegroups` (
  `id` int(11) NOT NULL AUTO_INCREMENT,
  `name` varchar(255) NOT NULL,
  `dateCreated` datetime NOT NULL,
  `dateUpdated` datetime NOT NULL,
  `dateDeleted` datetime DEFAULT NULL,
  `uid` char(36) NOT NULL DEFAULT '0',
  PRIMARY KEY (`id`),
  KEY `idx_alboqqattdiburptcwgwgdaoqnqthxehoctg` (`name`)
) ENGINE=InnoDB AUTO_INCREMENT=2 DEFAULT CHARSET=utf8 COLLATE=utf8_general_ci;
/*!40101 SET character_set_client = @saved_cs_client */;

--
-- Table structure for table `sites`
--

DROP TABLE IF EXISTS `sites`;
/*!40101 SET @saved_cs_client     = @@character_set_client */;
/*!40101 SET character_set_client = utf8 */;
CREATE TABLE `sites` (
  `id` int(11) NOT NULL AUTO_INCREMENT,
  `groupId` int(11) NOT NULL,
  `primary` tinyint(1) NOT NULL,
  `enabled` varchar(255) NOT NULL DEFAULT 'true',
  `name` varchar(255) NOT NULL,
  `handle` varchar(255) NOT NULL,
  `language` varchar(12) NOT NULL,
  `hasUrls` tinyint(1) NOT NULL DEFAULT 0,
  `baseUrl` varchar(255) DEFAULT NULL,
  `sortOrder` smallint(6) unsigned DEFAULT NULL,
  `dateCreated` datetime NOT NULL,
  `dateUpdated` datetime NOT NULL,
  `dateDeleted` datetime DEFAULT NULL,
  `uid` char(36) NOT NULL DEFAULT '0',
  PRIMARY KEY (`id`),
  KEY `idx_oazrtixiadfprafmrytnjgmfrtryahiejeef` (`dateDeleted`),
  KEY `idx_kckapfiqyblbjvjhvhjlukposvxeojnhhxmt` (`handle`),
  KEY `idx_jqhyojiwtvyqfjhnlypsqnkoddrygvyorhma` (`sortOrder`),
  KEY `fk_nwdgphivdzodeeiynyzyoypfbkfkklsiurnm` (`groupId`),
  CONSTRAINT `fk_nwdgphivdzodeeiynyzyoypfbkfkklsiurnm` FOREIGN KEY (`groupId`) REFERENCES `sitegroups` (`id`) ON DELETE CASCADE
) ENGINE=InnoDB AUTO_INCREMENT=3 DEFAULT CHARSET=utf8 COLLATE=utf8_general_ci;
/*!40101 SET character_set_client = @saved_cs_client */;

--
-- Table structure for table `structureelements`
--

DROP TABLE IF EXISTS `structureelements`;
/*!40101 SET @saved_cs_client     = @@character_set_client */;
/*!40101 SET character_set_client = utf8 */;
CREATE TABLE `structureelements` (
  `id` int(11) NOT NULL AUTO_INCREMENT,
  `structureId` int(11) NOT NULL,
  `elementId` int(11) DEFAULT NULL,
  `root` int(11) unsigned DEFAULT NULL,
  `lft` int(11) unsigned NOT NULL,
  `rgt` int(11) unsigned NOT NULL,
  `level` smallint(6) unsigned NOT NULL,
  `dateCreated` datetime NOT NULL,
  `dateUpdated` datetime NOT NULL,
  `uid` char(36) NOT NULL DEFAULT '0',
  PRIMARY KEY (`id`),
  UNIQUE KEY `idx_kiiguppxfdrkttmvnqtmxgnveofphcgwlddx` (`structureId`,`elementId`),
  KEY `idx_kcunnbvuphwqzwitgahvqkdcpntvhypnuaqx` (`root`),
  KEY `idx_iibekjugscgwsrpaxqjiciqowduwlpdmjzhw` (`lft`),
  KEY `idx_mqngxciuqrudhspgmghmdliwststngpsgdsu` (`rgt`),
  KEY `idx_vmseshwkzqispisuevqbqmougmfieziriemp` (`level`),
  KEY `idx_ziwuqmmfqkpvguszymfqqdmsfnfyvnpiehdk` (`elementId`),
  CONSTRAINT `fk_ttzzrbxrsrstwynxpnhlhlilixgfbiygbbzr` FOREIGN KEY (`structureId`) REFERENCES `structures` (`id`) ON DELETE CASCADE
) ENGINE=InnoDB AUTO_INCREMENT=4 DEFAULT CHARSET=utf8 COLLATE=utf8_general_ci;
/*!40101 SET character_set_client = @saved_cs_client */;

--
-- Table structure for table `structures`
--

DROP TABLE IF EXISTS `structures`;
/*!40101 SET @saved_cs_client     = @@character_set_client */;
/*!40101 SET character_set_client = utf8 */;
CREATE TABLE `structures` (
  `id` int(11) NOT NULL AUTO_INCREMENT,
  `maxLevels` smallint(6) unsigned DEFAULT NULL,
  `dateCreated` datetime NOT NULL,
  `dateUpdated` datetime NOT NULL,
  `dateDeleted` datetime DEFAULT NULL,
  `uid` char(36) NOT NULL DEFAULT '0',
  PRIMARY KEY (`id`),
  KEY `idx_jcaeoysxexyhidxcemlvrdrcprxbzaqfotas` (`dateDeleted`)
) ENGINE=InnoDB AUTO_INCREMENT=2 DEFAULT CHARSET=utf8 COLLATE=utf8_general_ci;
/*!40101 SET character_set_client = @saved_cs_client */;

--
-- Table structure for table `systemmessages`
--

DROP TABLE IF EXISTS `systemmessages`;
/*!40101 SET @saved_cs_client     = @@character_set_client */;
/*!40101 SET character_set_client = utf8 */;
CREATE TABLE `systemmessages` (
  `id` int(11) NOT NULL AUTO_INCREMENT,
  `language` varchar(255) NOT NULL,
  `key` varchar(255) NOT NULL,
  `subject` text NOT NULL,
  `body` text NOT NULL,
  `dateCreated` datetime NOT NULL,
  `dateUpdated` datetime NOT NULL,
  `uid` char(36) NOT NULL DEFAULT '0',
  PRIMARY KEY (`id`),
  UNIQUE KEY `idx_udvianhtwjzynddzaveklqgyyzcmtwymxlht` (`key`,`language`),
  KEY `idx_dzmcrawrcxvihxzvikxsimgkjkyogpaobnia` (`language`)
) ENGINE=InnoDB DEFAULT CHARSET=utf8 COLLATE=utf8_general_ci;
/*!40101 SET character_set_client = @saved_cs_client */;

--
-- Table structure for table `taggroups`
--

DROP TABLE IF EXISTS `taggroups`;
/*!40101 SET @saved_cs_client     = @@character_set_client */;
/*!40101 SET character_set_client = utf8 */;
CREATE TABLE `taggroups` (
  `id` int(11) NOT NULL AUTO_INCREMENT,
  `name` varchar(255) NOT NULL,
  `handle` varchar(255) NOT NULL,
  `fieldLayoutId` int(11) DEFAULT NULL,
  `dateCreated` datetime NOT NULL,
  `dateUpdated` datetime NOT NULL,
  `dateDeleted` datetime DEFAULT NULL,
  `uid` char(36) NOT NULL DEFAULT '0',
  PRIMARY KEY (`id`),
  KEY `idx_jujuedgxxnpbwruzqqupmiajgptqajghsrbi` (`name`),
  KEY `idx_qrwyxrjgnrzyhjpcnfxuukcbxbduxpkpclmk` (`handle`),
  KEY `idx_hhfrlmxgqlmztidywoaxurqdyegpmklmbygp` (`dateDeleted`),
  KEY `fk_yigcppngyvayaiqmcgmvenadoownydqecrei` (`fieldLayoutId`),
  CONSTRAINT `fk_yigcppngyvayaiqmcgmvenadoownydqecrei` FOREIGN KEY (`fieldLayoutId`) REFERENCES `fieldlayouts` (`id`) ON DELETE SET NULL
) ENGINE=InnoDB DEFAULT CHARSET=utf8 COLLATE=utf8_general_ci;
/*!40101 SET character_set_client = @saved_cs_client */;

--
-- Table structure for table `tags`
--

DROP TABLE IF EXISTS `tags`;
/*!40101 SET @saved_cs_client     = @@character_set_client */;
/*!40101 SET character_set_client = utf8 */;
CREATE TABLE `tags` (
  `id` int(11) NOT NULL,
  `groupId` int(11) NOT NULL,
  `deletedWithGroup` tinyint(1) DEFAULT NULL,
  `dateCreated` datetime NOT NULL,
  `dateUpdated` datetime NOT NULL,
  PRIMARY KEY (`id`),
  KEY `idx_siijhmyznjinsyssjuqutwydpdzxcbqzevrf` (`groupId`),
  CONSTRAINT `fk_kliyxagndddpiyzwfrtxpsgvlookulxmvfck` FOREIGN KEY (`groupId`) REFERENCES `taggroups` (`id`) ON DELETE CASCADE,
  CONSTRAINT `fk_kvwaxotoiptcktltnroakdgcdnpnntnyguqh` FOREIGN KEY (`id`) REFERENCES `elements` (`id`) ON DELETE CASCADE
) ENGINE=InnoDB DEFAULT CHARSET=utf8 COLLATE=utf8_general_ci;
/*!40101 SET character_set_client = @saved_cs_client */;

--
-- Table structure for table `tokens`
--

DROP TABLE IF EXISTS `tokens`;
/*!40101 SET @saved_cs_client     = @@character_set_client */;
/*!40101 SET character_set_client = utf8 */;
CREATE TABLE `tokens` (
  `id` int(11) NOT NULL AUTO_INCREMENT,
  `token` char(32) NOT NULL,
  `route` text DEFAULT NULL,
  `usageLimit` tinyint(3) unsigned DEFAULT NULL,
  `usageCount` tinyint(3) unsigned DEFAULT NULL,
  `expiryDate` datetime NOT NULL,
  `dateCreated` datetime NOT NULL,
  `dateUpdated` datetime NOT NULL,
  `uid` char(36) NOT NULL DEFAULT '0',
  PRIMARY KEY (`id`),
  UNIQUE KEY `idx_dbqogggvwcybsbfvegixrxyxpvudafiosyup` (`token`),
  KEY `idx_onidxmbheallonrxgikfbflidvfkhjnanjgj` (`expiryDate`)
) ENGINE=InnoDB AUTO_INCREMENT=11 DEFAULT CHARSET=utf8 COLLATE=utf8_general_ci;
/*!40101 SET character_set_client = @saved_cs_client */;

--
-- Table structure for table `usergroups`
--

DROP TABLE IF EXISTS `usergroups`;
/*!40101 SET @saved_cs_client     = @@character_set_client */;
/*!40101 SET character_set_client = utf8 */;
CREATE TABLE `usergroups` (
  `id` int(11) NOT NULL AUTO_INCREMENT,
  `name` varchar(255) NOT NULL,
  `handle` varchar(255) NOT NULL,
  `description` text DEFAULT NULL,
  `dateCreated` datetime NOT NULL,
  `dateUpdated` datetime NOT NULL,
  `uid` char(36) NOT NULL DEFAULT '0',
  PRIMARY KEY (`id`),
  KEY `idx_urlamtjpjwwemwmdxuvkuhifeduxcmggccrh` (`handle`),
  KEY `idx_wayqzjfglbvqgolcalsuxutsynrrhdzlxild` (`name`)
) ENGINE=InnoDB DEFAULT CHARSET=utf8 COLLATE=utf8_general_ci;
/*!40101 SET character_set_client = @saved_cs_client */;

--
-- Table structure for table `usergroups_users`
--

DROP TABLE IF EXISTS `usergroups_users`;
/*!40101 SET @saved_cs_client     = @@character_set_client */;
/*!40101 SET character_set_client = utf8 */;
CREATE TABLE `usergroups_users` (
  `id` int(11) NOT NULL AUTO_INCREMENT,
  `groupId` int(11) NOT NULL,
  `userId` int(11) NOT NULL,
  `dateCreated` datetime NOT NULL,
  `dateUpdated` datetime NOT NULL,
  `uid` char(36) NOT NULL DEFAULT '0',
  PRIMARY KEY (`id`),
  UNIQUE KEY `idx_izrtwbzyofwucqxdceauzxqtannmlrwocykp` (`groupId`,`userId`),
  KEY `idx_fdaafxunhcpkujfmxzwritctsstzftyvgsma` (`userId`),
  CONSTRAINT `fk_qodbkjggoeplayeisslcyzhoxrymxpoaygsa` FOREIGN KEY (`groupId`) REFERENCES `usergroups` (`id`) ON DELETE CASCADE,
  CONSTRAINT `fk_yhdyddaesweinafdeivjmmzefnpqucpmfudp` FOREIGN KEY (`userId`) REFERENCES `users` (`id`) ON DELETE CASCADE
) ENGINE=InnoDB DEFAULT CHARSET=utf8 COLLATE=utf8_general_ci;
/*!40101 SET character_set_client = @saved_cs_client */;

--
-- Table structure for table `userpermissions`
--

DROP TABLE IF EXISTS `userpermissions`;
/*!40101 SET @saved_cs_client     = @@character_set_client */;
/*!40101 SET character_set_client = utf8 */;
CREATE TABLE `userpermissions` (
  `id` int(11) NOT NULL AUTO_INCREMENT,
  `name` varchar(255) NOT NULL,
  `dateCreated` datetime NOT NULL,
  `dateUpdated` datetime NOT NULL,
  `uid` char(36) NOT NULL DEFAULT '0',
  PRIMARY KEY (`id`),
  UNIQUE KEY `idx_iioeojowxyqmgollifkynfwtjelxpsqodkpm` (`name`)
) ENGINE=InnoDB DEFAULT CHARSET=utf8 COLLATE=utf8_general_ci;
/*!40101 SET character_set_client = @saved_cs_client */;

--
-- Table structure for table `userpermissions_usergroups`
--

DROP TABLE IF EXISTS `userpermissions_usergroups`;
/*!40101 SET @saved_cs_client     = @@character_set_client */;
/*!40101 SET character_set_client = utf8 */;
CREATE TABLE `userpermissions_usergroups` (
  `id` int(11) NOT NULL AUTO_INCREMENT,
  `permissionId` int(11) NOT NULL,
  `groupId` int(11) NOT NULL,
  `dateCreated` datetime NOT NULL,
  `dateUpdated` datetime NOT NULL,
  `uid` char(36) NOT NULL DEFAULT '0',
  PRIMARY KEY (`id`),
  UNIQUE KEY `idx_zrokuqrlagozmqqkftvtjovggxvhnekiseto` (`permissionId`,`groupId`),
  KEY `idx_fhysdpmadvxhdtuvxreacxwpudpilnhdbdkz` (`groupId`),
  CONSTRAINT `fk_owaqxernwmhiyzoplxdeyvaxvjifezefapjn` FOREIGN KEY (`groupId`) REFERENCES `usergroups` (`id`) ON DELETE CASCADE,
  CONSTRAINT `fk_wewhrsckjqvvneseczccmanvnnnzpqvhleiz` FOREIGN KEY (`permissionId`) REFERENCES `userpermissions` (`id`) ON DELETE CASCADE
) ENGINE=InnoDB DEFAULT CHARSET=utf8 COLLATE=utf8_general_ci;
/*!40101 SET character_set_client = @saved_cs_client */;

--
-- Table structure for table `userpermissions_users`
--

DROP TABLE IF EXISTS `userpermissions_users`;
/*!40101 SET @saved_cs_client     = @@character_set_client */;
/*!40101 SET character_set_client = utf8 */;
CREATE TABLE `userpermissions_users` (
  `id` int(11) NOT NULL AUTO_INCREMENT,
  `permissionId` int(11) NOT NULL,
  `userId` int(11) NOT NULL,
  `dateCreated` datetime NOT NULL,
  `dateUpdated` datetime NOT NULL,
  `uid` char(36) NOT NULL DEFAULT '0',
  PRIMARY KEY (`id`),
  UNIQUE KEY `idx_sagmwhdkctdhtcidtqbxzlwqknhfkiegskut` (`permissionId`,`userId`),
  KEY `idx_lmwhugbdriorlplcwqzuvquvxleolditvjki` (`userId`),
  CONSTRAINT `fk_bjkfpnsadjooflnzvyopxgbmlqlnhtmmtxvy` FOREIGN KEY (`userId`) REFERENCES `users` (`id`) ON DELETE CASCADE,
  CONSTRAINT `fk_vetrolcpivdanwmbddomezkapozhwbbcruus` FOREIGN KEY (`permissionId`) REFERENCES `userpermissions` (`id`) ON DELETE CASCADE
) ENGINE=InnoDB DEFAULT CHARSET=utf8 COLLATE=utf8_general_ci;
/*!40101 SET character_set_client = @saved_cs_client */;

--
-- Table structure for table `userpreferences`
--

DROP TABLE IF EXISTS `userpreferences`;
/*!40101 SET @saved_cs_client     = @@character_set_client */;
/*!40101 SET character_set_client = utf8 */;
CREATE TABLE `userpreferences` (
  `userId` int(11) NOT NULL AUTO_INCREMENT,
  `preferences` text DEFAULT NULL,
  PRIMARY KEY (`userId`),
  CONSTRAINT `fk_dnsofnlrgscnrevcisttegpglfhqadibndpm` FOREIGN KEY (`userId`) REFERENCES `users` (`id`) ON DELETE CASCADE
) ENGINE=InnoDB AUTO_INCREMENT=12 DEFAULT CHARSET=utf8 COLLATE=utf8_general_ci;
/*!40101 SET character_set_client = @saved_cs_client */;

--
-- Table structure for table `users`
--

DROP TABLE IF EXISTS `users`;
/*!40101 SET @saved_cs_client     = @@character_set_client */;
/*!40101 SET character_set_client = utf8 */;
CREATE TABLE `users` (
  `id` int(11) NOT NULL,
  `photoId` int(11) DEFAULT NULL,
  `active` tinyint(1) NOT NULL DEFAULT 0,
  `pending` tinyint(1) NOT NULL DEFAULT 0,
  `locked` tinyint(1) NOT NULL DEFAULT 0,
  `suspended` tinyint(1) NOT NULL DEFAULT 0,
  `admin` tinyint(1) NOT NULL DEFAULT 0,
  `username` varchar(255) DEFAULT NULL,
  `fullName` varchar(255) DEFAULT NULL,
  `firstName` varchar(255) DEFAULT NULL,
  `lastName` varchar(255) DEFAULT NULL,
  `email` varchar(255) DEFAULT NULL,
  `password` varchar(255) DEFAULT NULL,
  `lastLoginDate` datetime DEFAULT NULL,
  `lastLoginAttemptIp` varchar(45) DEFAULT NULL,
  `invalidLoginWindowStart` datetime DEFAULT NULL,
  `invalidLoginCount` tinyint(3) unsigned DEFAULT NULL,
  `lastInvalidLoginDate` datetime DEFAULT NULL,
  `lockoutDate` datetime DEFAULT NULL,
  `hasDashboard` tinyint(1) NOT NULL DEFAULT 0,
  `verificationCode` varchar(255) DEFAULT NULL,
  `verificationCodeIssuedDate` datetime DEFAULT NULL,
  `unverifiedEmail` varchar(255) DEFAULT NULL,
  `passwordResetRequired` tinyint(1) NOT NULL DEFAULT 0,
  `lastPasswordChangeDate` datetime DEFAULT NULL,
  `dateCreated` datetime NOT NULL,
  `dateUpdated` datetime NOT NULL,
  PRIMARY KEY (`id`),
  KEY `idx_kvnbkmxmfbqjytzzakbjtxqzxmwzpgssxztw` (`active`),
  KEY `idx_sroklnzuqrkjkeluzyrsplhrqadrwwyimawg` (`locked`),
  KEY `idx_lbraxbcgkeewpxrichytagwglcedbhnmsqme` (`pending`),
  KEY `idx_xvmdalyyhwyqoajwrlhbryyndbotjuxoflkr` (`suspended`),
  KEY `idx_kvlpajwpmisgvwvvamxewryvltxjortpuppp` (`verificationCode`),
  KEY `idx_tityxajxilvbvqmnryxnpfrxbeldzgkexizt` (`email`),
  KEY `idx_qzpojspxnirzrfudrsledvgdjgkcrjzggfts` (`username`),
  KEY `fk_xemickgqxvvwslwykuxxwdixtvqadgnvmpir` (`photoId`),
  CONSTRAINT `fk_uwexifwgtftxpagshxortxpmffokbsoujugb` FOREIGN KEY (`id`) REFERENCES `elements` (`id`) ON DELETE CASCADE,
  CONSTRAINT `fk_xemickgqxvvwslwykuxxwdixtvqadgnvmpir` FOREIGN KEY (`photoId`) REFERENCES `assets` (`id`) ON DELETE SET NULL
) ENGINE=InnoDB DEFAULT CHARSET=utf8 COLLATE=utf8_general_ci;
/*!40101 SET character_set_client = @saved_cs_client */;

--
-- Table structure for table `volumefolders`
--

DROP TABLE IF EXISTS `volumefolders`;
/*!40101 SET @saved_cs_client     = @@character_set_client */;
/*!40101 SET character_set_client = utf8 */;
CREATE TABLE `volumefolders` (
  `id` int(11) NOT NULL AUTO_INCREMENT,
  `parentId` int(11) DEFAULT NULL,
  `volumeId` int(11) DEFAULT NULL,
  `name` varchar(255) NOT NULL,
  `path` varchar(255) DEFAULT NULL,
  `dateCreated` datetime NOT NULL,
  `dateUpdated` datetime NOT NULL,
  `uid` char(36) NOT NULL DEFAULT '0',
  PRIMARY KEY (`id`),
  UNIQUE KEY `idx_noedxpvvacjnfmdtpiwuiwhxcshgrpccercd` (`name`,`parentId`,`volumeId`),
  KEY `idx_oprkrrbnjxsztsnmkhwwcwlbutzjldybuzhc` (`parentId`),
  KEY `idx_aquiakswqifsqjwuuocsgwknmzidbaqqmskd` (`volumeId`),
  CONSTRAINT `fk_bywffwfwmtcpytjbokgogjhzrnwaueqydros` FOREIGN KEY (`parentId`) REFERENCES `volumefolders` (`id`) ON DELETE CASCADE,
  CONSTRAINT `fk_dagojkhflpcsljfrphcithhtdvfjyowjticj` FOREIGN KEY (`volumeId`) REFERENCES `volumes` (`id`) ON DELETE CASCADE
) ENGINE=InnoDB AUTO_INCREMENT=7 DEFAULT CHARSET=utf8 COLLATE=utf8_general_ci;
/*!40101 SET character_set_client = @saved_cs_client */;

--
-- Table structure for table `volumes`
--

DROP TABLE IF EXISTS `volumes`;
/*!40101 SET @saved_cs_client     = @@character_set_client */;
/*!40101 SET character_set_client = utf8 */;
CREATE TABLE `volumes` (
  `id` int(11) NOT NULL AUTO_INCREMENT,
  `fieldLayoutId` int(11) DEFAULT NULL,
  `name` varchar(255) NOT NULL,
  `handle` varchar(255) NOT NULL,
  `fs` varchar(255) NOT NULL,
  `transformFs` varchar(255) DEFAULT NULL,
  `transformSubpath` varchar(255) DEFAULT NULL,
  `titleTranslationMethod` varchar(255) NOT NULL DEFAULT 'site',
  `titleTranslationKeyFormat` text DEFAULT NULL,
  `sortOrder` smallint(6) unsigned DEFAULT NULL,
  `dateCreated` datetime NOT NULL,
  `dateUpdated` datetime NOT NULL,
  `dateDeleted` datetime DEFAULT NULL,
  `uid` char(36) NOT NULL DEFAULT '0',
  PRIMARY KEY (`id`),
  KEY `idx_axgpwijfijxbfbcwetjwbkxnnerckheppprd` (`name`),
  KEY `idx_mhjgwoqmbokupdactphazydgtyqexbyglxgu` (`handle`),
  KEY `idx_fxbfpgfrmpukgtwonhhluuydurwvsspiktnd` (`fieldLayoutId`),
  KEY `idx_zeyryxbbhaprlfmprdsbamlsrgvvrouocjyn` (`dateDeleted`),
  CONSTRAINT `fk_tpjaqgjbtpeksjwjjcahllwpgdngxebaweor` FOREIGN KEY (`fieldLayoutId`) REFERENCES `fieldlayouts` (`id`) ON DELETE SET NULL
) ENGINE=InnoDB AUTO_INCREMENT=3 DEFAULT CHARSET=utf8 COLLATE=utf8_general_ci;
/*!40101 SET character_set_client = @saved_cs_client */;

--
-- Table structure for table `widgets`
--

DROP TABLE IF EXISTS `widgets`;
/*!40101 SET @saved_cs_client     = @@character_set_client */;
/*!40101 SET character_set_client = utf8 */;
CREATE TABLE `widgets` (
  `id` int(11) NOT NULL AUTO_INCREMENT,
  `userId` int(11) NOT NULL,
  `type` varchar(255) NOT NULL,
  `sortOrder` smallint(6) unsigned DEFAULT NULL,
  `colspan` tinyint(3) DEFAULT NULL,
  `settings` text DEFAULT NULL,
  `enabled` tinyint(1) NOT NULL DEFAULT 1,
  `dateCreated` datetime NOT NULL,
  `dateUpdated` datetime NOT NULL,
  `uid` char(36) NOT NULL DEFAULT '0',
  PRIMARY KEY (`id`),
  KEY `idx_rkqhqwxerhjqrbuavsvbuozuodkjbbkyxdvg` (`userId`),
  CONSTRAINT `fk_hfratxvlbdojbchbescyepmqoeprhntxgnfc` FOREIGN KEY (`userId`) REFERENCES `users` (`id`) ON DELETE CASCADE
) ENGINE=InnoDB AUTO_INCREMENT=5 DEFAULT CHARSET=utf8 COLLATE=utf8_general_ci;
/*!40101 SET character_set_client = @saved_cs_client */;

--
-- Dumping routines for database 'db'
--
/*!40103 SET TIME_ZONE=@OLD_TIME_ZONE */;

/*!40101 SET SQL_MODE=@OLD_SQL_MODE */;
/*!40014 SET FOREIGN_KEY_CHECKS=@OLD_FOREIGN_KEY_CHECKS */;
/*!40014 SET UNIQUE_CHECKS=@OLD_UNIQUE_CHECKS */;
/*!40101 SET CHARACTER_SET_CLIENT=@OLD_CHARACTER_SET_CLIENT */;
/*!40101 SET CHARACTER_SET_RESULTS=@OLD_CHARACTER_SET_RESULTS */;
/*!40101 SET COLLATION_CONNECTION=@OLD_COLLATION_CONNECTION */;
/*!40111 SET SQL_NOTES=@OLD_SQL_NOTES */;

-- Dump completed on 2023-06-13  9:33:03
-- MariaDB dump 10.19  Distrib 10.5.18-MariaDB, for debian-linux-gnu (x86_64)
--
-- Host: db    Database: db
-- ------------------------------------------------------
-- Server version	10.4.28-MariaDB-1:10.4.28+maria~ubu2004-log

/*!40101 SET @OLD_CHARACTER_SET_CLIENT=@@CHARACTER_SET_CLIENT */;
/*!40101 SET @OLD_CHARACTER_SET_RESULTS=@@CHARACTER_SET_RESULTS */;
/*!40101 SET @OLD_COLLATION_CONNECTION=@@COLLATION_CONNECTION */;
/*!40101 SET NAMES utf8 */;
/*!40103 SET @OLD_TIME_ZONE=@@TIME_ZONE */;
/*!40103 SET TIME_ZONE='+00:00' */;
/*!40014 SET @OLD_FOREIGN_KEY_CHECKS=@@FOREIGN_KEY_CHECKS, FOREIGN_KEY_CHECKS=0 */;
/*!40101 SET @OLD_SQL_MODE=@@SQL_MODE, SQL_MODE='NO_AUTO_VALUE_ON_ZERO' */;
/*!40111 SET @OLD_SQL_NOTES=@@SQL_NOTES, SQL_NOTES=0 */;

--
-- Dumping data for table `addresses`
--

LOCK TABLES `addresses` WRITE;
/*!40000 ALTER TABLE `addresses` DISABLE KEYS */;
set autocommit=0;
/*!40000 ALTER TABLE `addresses` ENABLE KEYS */;
UNLOCK TABLES;
commit;

--
-- Dumping data for table `announcements`
--

LOCK TABLES `announcements` WRITE;
/*!40000 ALTER TABLE `announcements` DISABLE KEYS */;
set autocommit=0;
/*!40000 ALTER TABLE `announcements` ENABLE KEYS */;
UNLOCK TABLES;
commit;

--
-- Dumping data for table `assetindexingsessions`
--

LOCK TABLES `assetindexingsessions` WRITE;
/*!40000 ALTER TABLE `assetindexingsessions` DISABLE KEYS */;
set autocommit=0;
/*!40000 ALTER TABLE `assetindexingsessions` ENABLE KEYS */;
UNLOCK TABLES;
commit;

--
-- Dumping data for table `assets`
--

LOCK TABLES `assets` WRITE;
/*!40000 ALTER TABLE `assets` DISABLE KEYS */;
set autocommit=0;
INSERT INTO `assets` VALUES (30,1,3,NULL,'315662-org.jpg','image',NULL,1575,2362,495020,NULL,NULL,NULL,'2023-06-11 14:35:02','2023-06-11 14:35:02','2023-06-11 14:35:02'),(31,2,6,11,'flower-field-250016_1920.jpg','image',NULL,1920,1389,1046549,NULL,NULL,NULL,'2023-06-11 14:35:41','2023-06-11 14:35:41','2023-06-11 14:35:41'),(45,2,2,11,'penguin-1719608_1920.jpg','image',NULL,1920,1280,455175,NULL,NULL,NULL,'2023-06-12 08:32:25','2023-06-12 08:32:25','2023-06-12 08:32:25'),(50,2,6,11,'munich-1220908.jpg','image',NULL,1920,1372,899203,NULL,NULL,NULL,'2023-06-12 08:52:51','2023-06-12 08:52:51','2023-06-12 08:52:51'),(53,2,6,11,'germany-4055578_1920.jpg','image',NULL,1920,1279,859675,NULL,NULL,NULL,'2023-06-12 09:02:05','2023-06-12 09:02:05','2023-06-12 09:02:05'),(68,2,6,11,'elevator-g2c70c7898_1280.jpg','image',NULL,1280,853,237275,NULL,NULL,NULL,'2023-06-13 07:57:32','2023-06-13 07:57:32','2023-06-13 07:57:32'),(71,2,6,11,'background-g118b1bd7e_1280.jpg','image',NULL,1280,960,329039,NULL,NULL,NULL,'2023-06-13 08:06:14','2023-06-13 08:06:14','2023-06-13 08:06:14'),(102,2,6,11,'lecture-g5758c6b98_1280.jpg','image',NULL,1280,949,459869,NULL,NULL,NULL,'2023-06-13 08:31:38','2023-06-13 08:31:38','2023-06-13 08:31:38'),(354,2,6,11,'team-3393037_1920.jpg','image',NULL,1920,830,345504,NULL,NULL,NULL,'2023-06-13 08:51:39','2023-06-13 08:51:39','2023-06-13 08:51:39');
/*!40000 ALTER TABLE `assets` ENABLE KEYS */;
UNLOCK TABLES;
commit;

--
-- Dumping data for table `categories`
--

LOCK TABLES `categories` WRITE;
/*!40000 ALTER TABLE `categories` DISABLE KEYS */;
set autocommit=0;
/*!40000 ALTER TABLE `categories` ENABLE KEYS */;
UNLOCK TABLES;
commit;

--
-- Dumping data for table `categorygroups`
--

LOCK TABLES `categorygroups` WRITE;
/*!40000 ALTER TABLE `categorygroups` DISABLE KEYS */;
set autocommit=0;
/*!40000 ALTER TABLE `categorygroups` ENABLE KEYS */;
UNLOCK TABLES;
commit;

--
-- Dumping data for table `categorygroups_sites`
--

LOCK TABLES `categorygroups_sites` WRITE;
/*!40000 ALTER TABLE `categorygroups_sites` DISABLE KEYS */;
set autocommit=0;
/*!40000 ALTER TABLE `categorygroups_sites` ENABLE KEYS */;
UNLOCK TABLES;
commit;

--
-- Dumping data for table `changedattributes`
--

LOCK TABLES `changedattributes` WRITE;
/*!40000 ALTER TABLE `changedattributes` DISABLE KEYS */;
set autocommit=0;
INSERT INTO `changedattributes` VALUES (11,1,'firstName','2023-06-11 15:22:11',0,11),(11,1,'fullName','2023-06-11 15:22:11',0,11),(11,1,'lastName','2023-06-11 15:22:11',0,11),(11,1,'photoId','2023-06-11 14:35:02',0,11),(12,1,'slug','2023-06-13 08:10:31',1,11),(12,2,'slug','2023-06-13 08:10:31',0,11),(12,2,'title','2023-06-13 08:10:31',0,11),(16,1,'slug','2023-06-13 08:08:25',1,11),(16,2,'slug','2023-06-13 08:08:25',0,11),(16,2,'title','2023-06-13 08:08:25',0,11),(20,1,'slug','2023-06-13 08:09:30',1,11),(20,2,'slug','2023-06-13 08:09:30',0,11),(20,2,'title','2023-06-13 08:09:30',0,11),(26,1,'slug','2023-06-11 14:31:41',1,NULL),(26,1,'uri','2023-06-11 14:31:41',1,NULL),(26,2,'slug','2023-06-11 14:31:41',0,NULL),(26,2,'title','2023-06-11 14:31:41',0,NULL),(26,2,'uri','2023-06-11 14:31:41',0,NULL),(35,1,'postDate','2023-06-11 14:55:50',1,11),(35,1,'slug','2023-06-13 08:46:54',0,11),(35,1,'title','2023-06-13 08:46:54',0,11),(35,1,'uri','2023-06-11 14:47:20',1,11),(35,2,'postDate','2023-06-11 14:55:50',0,11),(35,2,'slug','2023-06-13 08:46:54',1,11),(35,2,'title','2023-06-13 08:46:54',0,11),(35,2,'uri','2023-06-11 14:47:20',0,11),(353,1,'postDate','2023-06-13 08:53:11',1,11),(353,1,'slug','2023-06-13 08:53:11',1,11),(353,1,'title','2023-06-13 09:24:58',0,11),(353,1,'uri','2023-06-13 08:53:11',1,11),(353,2,'postDate','2023-06-13 08:53:11',0,11),(353,2,'slug','2023-06-13 08:53:11',0,11),(353,2,'title','2023-06-13 09:24:58',0,11),(353,2,'uri','2023-06-13 08:53:11',0,11);
/*!40000 ALTER TABLE `changedattributes` ENABLE KEYS */;
UNLOCK TABLES;
commit;

--
-- Dumping data for table `changedfields`
--

LOCK TABLES `changedfields` WRITE;
/*!40000 ALTER TABLE `changedfields` DISABLE KEYS */;
set autocommit=0;
INSERT INTO `changedfields` VALUES (1,1,1,'2023-06-13 08:49:36',0,11),(1,2,1,'2023-06-13 08:49:36',0,11),(4,1,1,'2023-06-12 08:53:25',0,11),(4,1,4,'2023-06-11 14:31:41',0,NULL),(4,1,5,'2023-06-11 14:31:41',0,NULL),(4,2,1,'2023-06-12 08:53:25',0,11),(4,2,4,'2023-06-11 14:31:41',1,NULL),(4,2,5,'2023-06-11 14:31:41',1,NULL),(12,1,1,'2023-06-13 07:58:23',0,11),(12,2,1,'2023-06-13 07:58:23',0,11),(12,2,3,'2023-06-13 08:10:31',0,11),(13,2,13,'2023-06-13 08:10:31',0,11),(16,1,1,'2023-06-13 08:08:25',0,11),(16,2,1,'2023-06-13 08:08:25',0,11),(16,2,3,'2023-06-13 08:08:25',0,11),(17,2,13,'2023-06-13 08:08:25',0,11),(20,1,1,'2023-06-13 08:32:03',0,11),(20,1,3,'2023-06-13 08:32:03',0,11),(20,2,1,'2023-06-13 08:32:03',0,11),(20,2,3,'2023-06-13 08:32:03',0,11),(21,1,13,'2023-06-13 08:24:03',0,11),(21,2,13,'2023-06-13 08:24:03',0,11),(22,1,6,'2023-06-13 08:24:03',0,11),(22,1,7,'2023-06-13 08:32:03',0,11),(22,2,6,'2023-06-13 08:24:03',0,11),(22,2,7,'2023-06-13 08:32:03',0,11),(35,1,1,'2023-06-12 09:02:49',0,11),(35,1,3,'2023-06-13 09:32:41',0,11),(35,2,1,'2023-06-12 09:02:49',0,11),(35,2,3,'2023-06-13 09:32:41',0,11),(36,1,12,'2023-06-11 14:47:32',0,11),(37,1,11,'2023-06-13 07:55:38',0,11),(37,1,12,'2023-06-11 14:49:07',0,11),(37,2,11,'2023-06-13 07:55:38',0,11),(37,2,12,'2023-06-11 14:49:07',0,11),(39,1,13,'2023-06-13 08:47:51',0,11),(39,2,13,'2023-06-13 08:47:51',0,11),(317,2,10,'2023-06-13 09:32:40',0,11),(318,1,9,'2023-06-13 09:32:40',1,11),(318,1,10,'2023-06-13 09:32:40',0,11),(318,2,9,'2023-06-13 09:32:40',0,11),(318,2,10,'2023-06-13 09:32:40',0,11),(353,1,1,'2023-06-13 08:51:40',0,11),(353,1,3,'2023-06-13 08:52:08',0,11),(353,2,1,'2023-06-13 08:52:08',1,11),(353,2,3,'2023-06-13 08:52:47',0,11),(359,2,10,'2023-06-13 08:52:29',0,11);
/*!40000 ALTER TABLE `changedfields` ENABLE KEYS */;
UNLOCK TABLES;
commit;

--
-- Dumping data for table `content`
--

LOCK TABLES `content` WRITE;
/*!40000 ALTER TABLE `content` DISABLE KEYS */;
set autocommit=0;
INSERT INTO `content` VALUES (1,1,1,'Home','2023-06-11 14:31:23','2023-06-13 08:49:36','a04896c4-dcd0-4e11-9aab-23c5a121224a',NULL,NULL,NULL),(2,1,2,'Home','2023-06-11 14:31:23','2023-06-13 08:49:36','14809664-948b-4553-87d3-793884249e55',NULL,NULL,NULL),(3,2,1,'Home','2023-06-11 14:31:23','2023-06-11 14:31:23','b15723b6-fde5-48c8-853f-53cabee16806',NULL,NULL,NULL),(4,2,2,'Home','2023-06-11 14:31:23','2023-06-11 14:31:23','37cb8086-1f13-4484-906a-f437818789a7',NULL,NULL,NULL),(5,3,2,'Home','2023-06-11 14:31:23','2023-06-11 14:31:23','6ea967f3-1f9d-4960-ab6b-0db89a745e48',NULL,NULL,NULL),(6,3,1,'Home','2023-06-11 14:31:23','2023-06-11 14:31:23','39ae4a7d-3af8-4d3c-8dbd-740f243da5d2',NULL,NULL,NULL),(7,4,1,'Site Info - Global Settings','2023-06-11 14:31:23','2023-06-12 08:53:25','3c8fa468-1ce8-425f-b99a-66f8f07b114f',NULL,'The Tutorial Inc.','Craft Tutorial'),(8,4,2,'Site Info - Global Settings','2023-06-11 14:31:23','2023-06-12 08:53:25','95780688-c305-425b-b027-fcb4338014cd',NULL,'The Tutorial Inc.','Craft Tutorial'),(9,5,1,'Site Info - Global Settings','2023-06-11 14:31:23','2023-06-11 14:31:23','07ed312e-4117-4e88-9d87-3ecddbadec7b',NULL,NULL,NULL),(10,5,2,'Site Info - Global Settings','2023-06-11 14:31:23','2023-06-11 14:31:23','96e23b78-7d4d-440c-bd92-9c158013d9fc',NULL,NULL,NULL),(11,6,1,'Site Info - Global Settings','2023-06-11 14:31:23','2023-06-11 14:31:23','8530c6ab-a734-469b-892c-07f6020a0ce6',NULL,NULL,NULL),(12,6,2,'Site Info - Global Settings','2023-06-11 14:31:23','2023-06-11 14:31:23','5293add0-fa3a-44ae-b7cc-daf7069c19fc',NULL,NULL,NULL),(13,7,1,'Home','2023-06-11 14:31:24','2023-06-11 14:31:24','c4b143ee-2e82-4b48-820b-f19fadee9032',NULL,NULL,NULL),(14,7,2,'Home','2023-06-11 14:31:24','2023-06-11 14:31:24','7b246af6-a5ea-42d0-8930-f1a7bc76adcb',NULL,NULL,NULL),(15,8,1,'Home','2023-06-11 14:31:24','2023-06-11 14:31:24','c2855f87-a3af-465a-80a5-24cee3b8d4c2',NULL,NULL,NULL),(16,8,2,'Home','2023-06-11 14:31:24','2023-06-11 14:31:24','f7e1dfd2-56fa-4fb5-8e07-aa0827114ea3',NULL,NULL,NULL),(17,9,1,'Site Info - Global Settings','2023-06-11 14:31:24','2023-06-11 14:31:24','cefe58f6-e9b6-43eb-ac18-501aeb3244c3',NULL,NULL,NULL),(18,9,2,'Site Info - Global Settings','2023-06-11 14:31:24','2023-06-11 14:31:24','055f9fb1-d6cb-4f5f-8d1d-ab46c87c3993',NULL,NULL,NULL),(19,10,1,'Site Info - Global Settings','2023-06-11 14:31:24','2023-06-11 14:31:24','3dda17c6-1779-4e3c-a0f1-3f03fe7919e8',NULL,NULL,NULL),(20,10,2,'Site Info - Global Settings','2023-06-11 14:31:24','2023-06-11 14:31:24','7268a0dd-c488-48b6-adbd-a24ba6c7b67d',NULL,NULL,NULL),(21,11,1,NULL,'2023-06-11 14:31:24','2023-06-11 15:22:11','3fa80741-b01d-4fa5-9417-896ecf3f60b7',NULL,NULL,NULL),(22,12,1,'Do These Five Things in an Elevator','2023-06-11 14:31:40','2023-06-13 08:10:31','4405a607-82ab-40e5-a0b4-a2cf5fd48d13',NULL,NULL,NULL),(23,12,2,'Tun Sie diese fnf Dinge in einem Aufzug','2023-06-11 14:31:40','2023-06-13 08:10:31','5a41d3f6-0095-49b3-8625-27bbaca8329f',NULL,NULL,NULL),(24,14,1,'Do These Five Things in an Elevator','2023-06-11 14:31:40','2023-06-11 14:31:40','ae9ca091-9bf7-4a28-826f-c4359f3a9486',NULL,NULL,NULL),(25,14,2,'Do These Five Things in an Elevator','2023-06-11 14:31:40','2023-06-11 14:31:40','314bd864-9f1b-4dc3-be28-e523ea27b933',NULL,NULL,NULL),(26,16,1,'Use This Trick to Save Money Dining Out','2023-06-11 14:31:40','2023-06-13 08:08:25','cdf9faf5-048b-46ab-a10e-c42a4a10fbef',NULL,NULL,NULL),(27,16,2,'Mit diesem Trick knnen Sie beim Essengehen Geld sparen','2023-06-11 14:31:40','2023-06-13 08:08:25','a07fa98b-c304-42b0-a201-ff612c56031c',NULL,NULL,NULL),(28,18,1,'Use This Trick to Save Money Dining Out','2023-06-11 14:31:40','2023-06-11 14:31:40','618394a1-206b-4773-aadf-0e05d0e39b95',NULL,NULL,NULL),(29,18,2,'Use This Trick to Save Money Dining Out','2023-06-11 14:31:40','2023-06-11 14:31:40','ec57b845-99a9-478f-9138-acb210799032',NULL,NULL,NULL),(30,20,1,'Dont Leave Home Without This Quote','2023-06-11 14:31:41','2023-06-13 08:32:03','00eb6915-7ac5-4650-9f0d-1d1916e74900',NULL,NULL,NULL),(31,20,2,'Gehen Sie nicht ohne dieses Zitat aus dem Haus','2023-06-11 14:31:41','2023-06-13 08:32:03','55f6d042-42cb-4026-8223-48ac2f9287a0',NULL,NULL,NULL),(32,23,1,'Dont Leave Home Without This Quote','2023-06-11 14:31:41','2023-06-11 14:31:41','1628db5b-34cb-45a5-969a-aebe30a22902',NULL,NULL,NULL),(33,23,2,'Dont Leave Home Without This Quote','2023-06-11 14:31:41','2023-06-11 14:31:41','75fe1862-16db-414c-ab12-83ac05514163',NULL,NULL,NULL),(34,26,2,'Beitrge','2023-06-11 14:31:41','2023-06-11 14:31:41','a26e7254-29e2-4d0c-8e6d-0858d5b6adac',NULL,NULL,NULL),(35,26,1,'Posts','2023-06-11 14:31:41','2023-06-11 14:31:41','b55a934b-e01f-495f-83f4-5aaf0a9b1c92',NULL,NULL,NULL),(36,27,2,'Posts','2023-06-11 14:31:41','2023-06-11 14:31:41','533434cd-207a-4cb4-b845-1d9833a16f00',NULL,NULL,NULL),(37,27,1,'Posts','2023-06-11 14:31:41','2023-06-11 14:31:41','8105c292-ecd4-4d27-b7ba-caee55a4c4f4',NULL,NULL,NULL),(38,28,2,'Beitrge','2023-06-11 14:31:41','2023-06-11 14:31:41','5360b0a2-f2bd-43a9-bfdd-a40995b42502',NULL,NULL,NULL),(39,28,1,'Posts','2023-06-11 14:31:41','2023-06-11 14:31:41','bd3bd93a-0196-4ab3-9fb6-56b9cd06c562',NULL,NULL,NULL),(40,29,1,'Site Info - Global Settings','2023-06-11 14:31:41','2023-06-11 14:31:41','81ca2d4e-8af9-40fa-92db-d75167939068',NULL,'The Tutorial Inc.','Craft Tutorial'),(41,29,2,'Site Info - Global Settings','2023-06-11 14:31:41','2023-06-11 14:31:41','31591d99-e43a-4042-8329-bffa1b850c72',NULL,'The Tutorial Inc.','Craft Tutorial'),(42,30,1,'315662 org','2023-06-11 14:35:02','2023-06-11 14:35:02','cdd32aec-a814-4a47-80fd-60092dfac3d9',NULL,NULL,NULL),(43,30,2,'315662 org','2023-06-11 14:35:02','2023-06-11 14:35:02','411184f0-c501-4350-82a0-3910d0fcd2e5',NULL,NULL,NULL),(44,31,1,'Flower field 250016 1920','2023-06-11 14:35:41','2023-06-13 07:40:17','c1d2cfee-1ef8-4b1f-9cf1-7020f8be5ea6','Flower field in front of a forest','Pixabay',NULL),(45,31,2,'Flower field 250016 1920','2023-06-11 14:35:41','2023-06-13 07:40:17','4eb5a512-bf94-4624-96cf-7caa15590210','Blumenfeld vor einem Wald','Pixabay',NULL),(48,33,2,'Do These Five Things in an Elevator','2023-06-11 14:36:25','2023-06-11 14:36:25','1afdd6b5-88ad-484c-9076-fe586c0c8a4d',NULL,NULL,NULL),(49,33,1,'Do These Five Things in an Elevator','2023-06-11 14:36:25','2023-06-11 14:36:25','a8a0e884-1826-4001-be3a-d4772818c2eb',NULL,NULL,NULL),(50,35,2,'Block-Beispiele','2023-06-11 14:47:10','2023-06-13 09:32:40','2e302019-4005-4c38-921b-819d74382594',NULL,NULL,NULL),(51,35,1,'Block Samples','2023-06-11 14:47:10','2023-06-13 09:32:40','8c6e4509-8272-42ca-972a-cb86792e74c4',NULL,NULL,NULL),(52,40,2,'Mein erster Beitrag','2023-06-11 14:55:50','2023-06-11 14:55:50','9329a0af-b416-4b52-97d9-75e1b07f5e7f',NULL,NULL,NULL),(53,40,1,'Mein erster Beitrag','2023-06-11 14:55:50','2023-06-11 14:55:50','1f037b6b-a646-410a-9d19-e6de10a7c761',NULL,NULL,NULL),(56,44,1,'Home','2023-06-12 08:29:08','2023-06-12 08:29:08','8b4e6b66-f585-42ee-b574-bb3d66619d49',NULL,NULL,NULL),(57,44,2,'Home','2023-06-12 08:29:08','2023-06-12 08:29:08','880ee694-8a64-4889-869e-9d799e8acefc',NULL,NULL,NULL),(58,45,1,'Penguin 1719608 1920','2023-06-12 08:32:25','2023-06-13 08:03:37','529b8171-996c-4b56-895b-a998949af02d','A group of penguins on the beach','Pixabay',NULL),(59,45,2,'Penguin 1719608 1920','2023-06-12 08:32:25','2023-06-13 08:03:37','c3ca7225-ff3e-4e61-a904-3ca36c487b42','Eine Gruppe Pinguine am Strand','Pixabay',NULL),(60,46,1,'Site Info - Global Settings','2023-06-12 08:51:30','2023-06-12 08:51:30','e98b39c9-ae95-4a08-ad70-441294b463d9',NULL,'The Tutorial Inc.','Craft Tutorial'),(61,46,2,'Site Info - Global Settings','2023-06-12 08:51:30','2023-06-12 08:51:30','c0a8bf66-a16f-4b92-9f8d-1c1323fb4ca0',NULL,'The Tutorial Inc.','Craft Tutorial'),(64,48,1,'Site Info - Global Settings','2023-06-12 08:51:42','2023-06-12 08:51:42','759e77ff-524b-45ab-9aa6-7267246416ec',NULL,'The Tutorial Inc.','Craft Tutorial'),(65,48,2,'Site Info - Global Settings','2023-06-12 08:51:42','2023-06-12 08:51:42','0c171166-8dd1-4294-b826-5d23b0e40253',NULL,'The Tutorial Inc.','Craft Tutorial'),(68,50,1,'Munich 1220908','2023-06-12 08:52:50','2023-06-13 08:04:30','cdf8c684-e945-46cc-9c24-1c21cb3923b5','A fast spinning chain carousel','Pixabay',NULL),(69,50,2,'Munich 1220908','2023-06-12 08:52:51','2023-06-13 08:04:30','597384c5-42fb-42ce-b910-4e1a59f29090','Ein sich schnell drehendes Kettenkarussell','Pixabay',NULL),(70,51,2,'Site Info - Global Settings','2023-06-12 08:53:25','2023-06-12 08:53:25','b81cc638-45ef-49de-b44e-5fbc4cd20682',NULL,'The Tutorial Inc.','Craft Tutorial'),(71,51,1,'Site Info - Global Settings','2023-06-12 08:53:25','2023-06-12 08:53:25','409d3dae-9d62-4a60-8d57-f1eb2ed39929',NULL,'The Tutorial Inc.','Craft Tutorial'),(74,53,1,'Germany 4055578 1920','2023-06-12 09:02:05','2023-06-13 07:39:56','4984e131-0d6f-41b8-80b6-ab2e1c39e098','Eibsee','Pixabay',NULL),(75,53,2,'Germany 4055578 1920','2023-06-12 09:02:05','2023-06-13 07:39:56','dfdf711d-2251-43ec-b3ac-4210aa06caa1','Eibsee','Pixabay',NULL),(76,54,1,'Mein erster Beitrag','2023-06-12 09:02:49','2023-06-12 09:02:49','a19a69f6-c2d0-4e7a-a3a1-454617e78d35',NULL,NULL,NULL),(77,54,2,'Mein erster Beitrag','2023-06-12 09:02:49','2023-06-12 09:02:49','aca774b3-44d4-4f53-9c8b-0e8ab9d9d507',NULL,NULL,NULL),(80,59,1,'Mein erster Beitrag','2023-06-13 07:47:45','2023-06-13 07:47:45','0b4c31e7-9f75-4572-9ef6-35cf943fd0ff',NULL,NULL,NULL),(81,59,2,'Mein erster Beitrag','2023-06-13 07:47:45','2023-06-13 07:47:45','02b182c6-b3ef-4f97-9d45-12e9d45d5f2b',NULL,NULL,NULL),(84,64,2,'Mein erster Beitrag','2023-06-13 07:55:38','2023-06-13 07:55:38','8e357d6e-891a-46f6-97a9-305f6b281ee0',NULL,NULL,NULL),(85,64,1,'Mein erster Beitrag','2023-06-13 07:55:38','2023-06-13 07:55:38','fae0cc7a-d178-4008-bbd6-92d1fed5d0ce',NULL,NULL,NULL),(88,68,1,'Elevator g2c70c7898 1280','2023-06-13 07:57:32','2023-06-13 07:58:18','789fd382-bed9-4184-96d4-85a9c9661044','Zwei Aufzugtren','Pixabay',NULL),(89,68,2,'Elevator g2c70c7898 1280','2023-06-13 07:57:32','2023-06-13 07:58:18','882930e4-2cc1-433b-9e71-1dc872cc521a','Two elevator doors','Pixabay',NULL),(90,69,1,'Do These Five Things in an Elevator','2023-06-13 07:58:23','2023-06-13 07:58:23','de790011-11f2-4017-a882-46b4258b69a1',NULL,NULL,NULL),(91,69,2,'Do These Five Things in an Elevator','2023-06-13 07:58:23','2023-06-13 07:58:23','6ca980f1-1b96-4865-a8a5-ea4bf4a0273f',NULL,NULL,NULL),(92,71,1,'Background g118b1bd7e 1280','2023-06-13 08:06:14','2023-06-13 08:08:00','ac08cace-8ca2-430a-beff-201c0fe77efd','Whipped eggs in flour','Pixabay',NULL),(93,71,2,'Background g118b1bd7e 1280','2023-06-13 08:06:14','2023-06-13 08:08:00','478af3d9-816e-4056-8d0e-b92033da0679','Ausgeschlagene Eier in Mehl','Pixabay',NULL),(96,74,2,'Mit diesem Trick knnen Sie beim Essengehen Geld sparen','2023-06-13 08:08:25','2023-06-13 08:08:25','7163bc6d-7ceb-4609-a0d8-fe523ea5dd68',NULL,NULL,NULL),(97,74,1,'Use This Trick to Save Money Dining Out','2023-06-13 08:08:25','2023-06-13 08:08:25','c1e7e092-041c-4b99-afae-811a3ac04104',NULL,NULL,NULL),(100,79,2,'Dont Leave Home Without This Quote','2023-06-13 08:09:00','2023-06-13 08:09:00','bc08d96d-b949-4bb2-9cf4-df955822c45f',NULL,NULL,NULL),(101,79,1,'Dont Leave Home Without This Quote','2023-06-13 08:09:00','2023-06-13 08:09:00','8badbeff-b7c7-4acb-b49a-0714f3336c4d',NULL,NULL,NULL),(104,83,2,'Gehen Sie nicht ohne dieses Zitat aus dem Haus','2023-06-13 08:09:30','2023-06-13 08:09:30','31b0d589-87a9-4a3a-acd3-a65e2e8b980b',NULL,NULL,NULL),(105,83,1,'Dont Leave Home Without This Quote','2023-06-13 08:09:30','2023-06-13 08:09:30','7daa2f41-5dc5-4d9d-8414-251d0f0f3178',NULL,NULL,NULL),(108,88,2,'Tun Sie diese fnf Dinge in einem Aufzug','2023-06-13 08:10:31','2023-06-13 08:10:31','613096e9-ef2b-4615-b2aa-53a4b00d9ad5',NULL,NULL,NULL),(109,88,1,'Do These Five Things in an Elevator','2023-06-13 08:10:31','2023-06-13 08:10:31','49621a21-ab78-45f3-97c7-ade18a501548',NULL,NULL,NULL),(112,91,1,'My First Post','2023-06-13 08:12:04','2023-06-13 08:12:04','b104d8bc-8175-4e6a-b8a5-1940e1187f28',NULL,NULL,NULL),(113,91,2,'Mein erster Beitrag','2023-06-13 08:12:04','2023-06-13 08:12:04','d9639a18-14e3-486d-9882-ec20af82002e',NULL,NULL,NULL),(116,97,2,'Gehen Sie nicht ohne dieses Zitat aus dem Haus','2023-06-13 08:24:03','2023-06-13 08:24:03','9a385795-ccde-4233-9ddb-c093305eb692',NULL,NULL,NULL),(117,97,1,'Dont Leave Home Without This Quote','2023-06-13 08:24:03','2023-06-13 08:24:03','a4b49880-cb09-4b9f-88bf-47d3124f7cdd',NULL,NULL,NULL),(120,102,1,'Lecture g5758c6b98 1280','2023-06-13 08:31:38','2023-06-13 08:32:01','b79d4ba3-da72-4bb9-9f1e-5c67fd8facc2','Meeting','Pixabay',NULL),(121,102,2,'Lecture g5758c6b98 1280','2023-06-13 08:31:38','2023-06-13 08:32:01','a7c0760c-1414-4fed-8207-8a8966e8e8b5','Meeting','Pixabay',NULL),(122,103,1,'Dont Leave Home Without This Quote','2023-06-13 08:32:03','2023-06-13 08:32:03','8a388838-95dc-4449-9509-26f4f7b4879c',NULL,NULL,NULL),(123,103,2,'Gehen Sie nicht ohne dieses Zitat aus dem Haus','2023-06-13 08:32:03','2023-06-13 08:32:03','5c27b8f8-3605-4cdb-83da-1142485043c6',NULL,NULL,NULL),(126,325,1,'Block Samples','2023-06-13 08:46:54','2023-06-13 08:46:54','d7bc25bd-0e11-467d-9715-369c0e87aea8',NULL,NULL,NULL),(127,325,2,'Block-Beispiele','2023-06-13 08:46:54','2023-06-13 08:46:54','8d8e79ec-e821-4085-a0d4-a06a72044bbe',NULL,NULL,NULL),(130,339,1,'Block Samples','2023-06-13 08:47:51','2023-06-13 08:47:51','c5268100-2cd5-4c76-a859-24a0d864a7c9',NULL,NULL,NULL),(131,339,2,'Block-Beispiele','2023-06-13 08:47:51','2023-06-13 08:47:51','25797236-23fa-46f2-89e5-f21fd66f67e5',NULL,NULL,NULL),(134,352,1,'Home','2023-06-13 08:49:36','2023-06-13 08:49:36','96245c90-dc62-43a9-9cb1-fd448c3fdbe3',NULL,NULL,NULL),(135,352,2,'Home','2023-06-13 08:49:36','2023-06-13 08:49:36','5b4306c2-82c2-483d-b13e-ca5c86bab89e',NULL,NULL,NULL),(136,353,1,'About Us','2023-06-13 08:51:17','2023-06-13 09:24:58','1bae1f06-cffe-41cf-b9b8-ce79667a6b9e',NULL,NULL,NULL),(137,353,2,'ber uns','2023-06-13 08:51:17','2023-06-13 09:24:58','bd8ad1bf-017c-4ace-968d-b10c0fc4d9a9',NULL,NULL,NULL),(138,354,1,'Team 3393037 1920','2023-06-13 08:51:39','2023-06-13 08:53:09','f4223827-356a-4485-ac8b-1277410be5cb','Team','Pixabay',NULL),(139,354,2,'Team 3393037 1920','2023-06-13 08:51:39','2023-06-13 08:53:09','8895228e-dadd-4291-b886-eb77e2f6fff3','Team','Pixabay',NULL),(140,363,2,'ber uns','2023-06-13 08:53:11','2023-06-13 08:53:11','75ea1e29-e252-4b5f-83d9-d4f574d612e7',NULL,NULL,NULL),(141,363,1,'ber uns','2023-06-13 08:53:11','2023-06-13 08:53:11','80b5cec1-692a-4be9-ab65-f02b8e00c9a9',NULL,NULL,NULL),(144,368,1,'About us','2023-06-13 09:24:05','2023-06-13 09:24:05','13931636-1b33-4edc-8758-3f5fb4a7c72e',NULL,NULL,NULL),(145,368,2,'About us','2023-06-13 09:24:05','2023-06-13 09:24:05','299843c1-87ca-46a2-a6fb-82262427b90e',NULL,NULL,NULL),(148,373,1,'About Us','2023-06-13 09:24:58','2023-06-13 09:24:58','07bc7b7b-6a9a-4c06-99af-3be711521ef4',NULL,NULL,NULL),(149,373,2,'ber uns','2023-06-13 09:24:58','2023-06-13 09:24:58','c7b5146c-fdc6-457a-9589-2a6c9df1f908',NULL,NULL,NULL),(152,406,2,'Block-Beispiele','2023-06-13 09:32:40','2023-06-13 09:32:40','b76daad0-023e-4d75-ad80-0bbcc68a6270',NULL,NULL,NULL),(153,406,1,'Block Samples','2023-06-13 09:32:40','2023-06-13 09:32:40','219503b0-f32f-4340-84d8-e10d515e1533',NULL,NULL,NULL);
/*!40000 ALTER TABLE `content` ENABLE KEYS */;
UNLOCK TABLES;
commit;

--
-- Dumping data for table `craftidtokens`
--

LOCK TABLES `craftidtokens` WRITE;
/*!40000 ALTER TABLE `craftidtokens` DISABLE KEYS */;
set autocommit=0;
/*!40000 ALTER TABLE `craftidtokens` ENABLE KEYS */;
UNLOCK TABLES;
commit;

--
-- Dumping data for table `deprecationerrors`
--

LOCK TABLES `deprecationerrors` WRITE;
/*!40000 ALTER TABLE `deprecationerrors` DISABLE KEYS */;
set autocommit=0;
/*!40000 ALTER TABLE `deprecationerrors` ENABLE KEYS */;
UNLOCK TABLES;
commit;

--
-- Dumping data for table `drafts`
--

LOCK TABLES `drafts` WRITE;
/*!40000 ALTER TABLE `drafts` DISABLE KEYS */;
set autocommit=0;
/*!40000 ALTER TABLE `drafts` ENABLE KEYS */;
UNLOCK TABLES;
commit;

--
-- Dumping data for table `elements`
--

LOCK TABLES `elements` WRITE;
/*!40000 ALTER TABLE `elements` DISABLE KEYS */;
set autocommit=0;
INSERT INTO `elements` VALUES (1,NULL,NULL,NULL,3,'craft\\elements\\Entry',1,0,'2023-06-11 14:31:23','2023-06-13 08:49:36',NULL,NULL,'92666341-0ce4-4e75-b08d-3933b344ade5'),(2,1,NULL,1,3,'craft\\elements\\Entry',1,0,'2023-06-11 14:31:23','2023-06-11 14:31:23',NULL,NULL,'f0793aeb-8f97-42a1-a053-9c7cc118bd8c'),(3,1,NULL,2,3,'craft\\elements\\Entry',1,0,'2023-06-11 14:31:23','2023-06-11 14:31:23',NULL,NULL,'11622f0d-5a8c-4f7c-913f-8b517bef033c'),(4,NULL,NULL,NULL,7,'craft\\elements\\Entry',1,0,'2023-06-11 14:31:23','2023-06-12 08:53:25',NULL,NULL,'0c6a3b90-ce96-4856-85a5-7f6fb9d90d49'),(5,4,NULL,3,7,'craft\\elements\\Entry',1,0,'2023-06-11 14:31:23','2023-06-11 14:31:23',NULL,NULL,'f38adf99-b983-4920-8d75-dff4fe291a30'),(6,4,NULL,4,7,'craft\\elements\\Entry',1,0,'2023-06-11 14:31:23','2023-06-11 14:31:23',NULL,NULL,'eb57df95-b1e2-4d52-8143-5ee29f25840e'),(7,1,NULL,5,3,'craft\\elements\\Entry',1,0,'2023-06-11 14:31:24','2023-06-11 14:31:24',NULL,NULL,'919d22cc-6a04-4685-9791-f4baefd8eb46'),(8,1,NULL,6,3,'craft\\elements\\Entry',1,0,'2023-06-11 14:31:24','2023-06-11 14:31:24',NULL,NULL,'7448327b-bebe-45d6-aeb3-f679dc25f2ac'),(9,4,NULL,7,7,'craft\\elements\\Entry',1,0,'2023-06-11 14:31:24','2023-06-11 14:31:24',NULL,NULL,'99dcc3c2-918b-448e-b71f-692dc495794e'),(10,4,NULL,8,7,'craft\\elements\\Entry',1,0,'2023-06-11 14:31:24','2023-06-11 14:31:24',NULL,NULL,'7a74f1fe-45e6-49d6-87c3-3e2fde955cd9'),(11,NULL,NULL,NULL,NULL,'craft\\elements\\User',1,0,'2023-06-11 14:31:24','2023-06-11 15:22:11',NULL,NULL,'0e587de9-dafa-4451-8918-754ecb6c5c9b'),(12,NULL,NULL,NULL,4,'craft\\elements\\Entry',1,0,'2023-06-11 14:31:40','2023-06-13 08:10:31',NULL,NULL,'2054acb6-bab2-42ef-b47e-a5dadf3c8751'),(13,NULL,NULL,NULL,11,'craft\\elements\\MatrixBlock',1,0,'2023-06-11 14:31:40','2023-06-13 08:10:31',NULL,NULL,'3e87113b-1cf0-4a6b-93be-407bd46cacde'),(14,12,NULL,9,4,'craft\\elements\\Entry',1,0,'2023-06-11 14:31:40','2023-06-11 14:31:40',NULL,NULL,'ccc03914-1b56-4ca0-8a00-1dc1a2d53fd8'),(15,13,NULL,10,11,'craft\\elements\\MatrixBlock',1,0,'2023-06-11 14:31:40','2023-06-11 14:31:40',NULL,NULL,'d756fd79-5847-4130-bd19-8108af572cc9'),(16,NULL,NULL,NULL,4,'craft\\elements\\Entry',1,0,'2023-06-11 14:31:40','2023-06-13 08:08:25',NULL,NULL,'c9fe158f-6e90-4e1d-a3a2-9df5b85c49b1'),(17,NULL,NULL,NULL,11,'craft\\elements\\MatrixBlock',1,0,'2023-06-11 14:31:40','2023-06-13 08:08:25',NULL,NULL,'bed2616a-1635-41ab-ad5a-ca6e3336216b'),(18,16,NULL,11,4,'craft\\elements\\Entry',1,0,'2023-06-11 14:31:40','2023-06-11 14:31:40',NULL,NULL,'5c973b4f-6b97-4da4-b1a5-063f907e0b18'),(19,17,NULL,12,11,'craft\\elements\\MatrixBlock',1,0,'2023-06-11 14:31:40','2023-06-11 14:31:40',NULL,NULL,'90415589-f6e5-4a34-934f-dfde6c151537'),(20,NULL,NULL,NULL,4,'craft\\elements\\Entry',1,0,'2023-06-11 14:31:41','2023-06-13 08:32:03',NULL,NULL,'f5a8c62f-5cee-44a2-bd8c-ab8f48814728'),(21,NULL,NULL,NULL,11,'craft\\elements\\MatrixBlock',1,0,'2023-06-11 14:31:41','2023-06-13 08:24:03',NULL,NULL,'b8c1acff-f941-4d4c-9eac-f95399cbd283'),(22,NULL,NULL,NULL,8,'craft\\elements\\MatrixBlock',1,0,'2023-06-11 14:31:41','2023-06-13 08:32:03',NULL,NULL,'7bfff729-4cdf-4dad-b99c-316fb9776774'),(23,20,NULL,13,4,'craft\\elements\\Entry',1,0,'2023-06-11 14:31:41','2023-06-11 14:31:41',NULL,NULL,'1cba8582-4f59-42b9-963b-ea7bd3906670'),(24,21,NULL,14,11,'craft\\elements\\MatrixBlock',1,0,'2023-06-11 14:31:41','2023-06-11 14:31:41',NULL,NULL,'7cccf5c1-d44f-4e76-932e-640ab660dff1'),(25,22,NULL,15,8,'craft\\elements\\MatrixBlock',1,0,'2023-06-11 14:31:41','2023-06-11 14:31:41',NULL,NULL,'c4aec2cc-2877-46f6-82bc-3c00ded7dad3'),(26,NULL,NULL,NULL,6,'craft\\elements\\Entry',1,0,'2023-06-11 14:31:41','2023-06-11 14:31:41',NULL,NULL,'f1a270b8-e667-445f-8309-f9dc33e2e84e'),(27,26,NULL,16,6,'craft\\elements\\Entry',1,0,'2023-06-11 14:31:41','2023-06-11 14:31:41',NULL,NULL,'9dd48b93-0253-4699-95d1-50d55775a434'),(28,26,NULL,17,6,'craft\\elements\\Entry',1,0,'2023-06-11 14:31:41','2023-06-11 14:31:41',NULL,NULL,'6b7740f8-1ffb-4163-aa37-dc4f88aa9bba'),(29,4,NULL,18,7,'craft\\elements\\Entry',1,0,'2023-06-11 14:31:41','2023-06-11 14:31:41',NULL,NULL,'a6c3b517-51bc-4b75-9163-b6ac69ec3e00'),(30,NULL,NULL,NULL,1,'craft\\elements\\Asset',1,0,'2023-06-11 14:35:02','2023-06-11 14:35:02',NULL,NULL,'86fbc179-f186-42f8-81e4-16526e9c5694'),(31,NULL,NULL,NULL,2,'craft\\elements\\Asset',1,0,'2023-06-11 14:35:41','2023-06-13 07:40:17',NULL,NULL,'f6ca5f57-bcf3-4806-ab8b-ab7bc3f6ff94'),(33,12,NULL,19,4,'craft\\elements\\Entry',1,0,'2023-06-11 14:36:25','2023-06-11 14:36:25',NULL,NULL,'7da96dc1-af45-45da-8c2a-ce9bec564db2'),(34,13,NULL,20,11,'craft\\elements\\MatrixBlock',1,0,'2023-06-11 14:31:40','2023-06-11 14:36:25',NULL,NULL,'7f50df9b-0db9-4d3a-bf69-fa221c57f400'),(35,NULL,NULL,NULL,4,'craft\\elements\\Entry',1,0,'2023-06-11 14:47:10','2023-06-13 09:32:40',NULL,NULL,'43fb8e55-23d4-4e34-af5f-993aa9380ebc'),(36,NULL,NULL,NULL,10,'craft\\elements\\MatrixBlock',1,0,'2023-06-11 14:47:32','2023-06-11 14:47:32',NULL,'2023-06-11 14:47:36','37a1a3ec-d0fa-4eef-a0f8-1df205912265'),(37,NULL,NULL,NULL,10,'craft\\elements\\MatrixBlock',1,0,'2023-06-11 14:47:36','2023-06-13 07:55:38',NULL,NULL,'26da6c5e-966c-4848-898b-63a48f7e1792'),(38,NULL,NULL,NULL,11,'craft\\elements\\MatrixBlock',1,0,'2023-06-11 14:49:20','2023-06-11 14:49:20',NULL,'2023-06-11 14:49:24','3f5731a7-e10c-4682-bd13-150f246f2d43'),(39,NULL,NULL,NULL,11,'craft\\elements\\MatrixBlock',1,0,'2023-06-11 14:49:24','2023-06-13 08:47:51',NULL,NULL,'d1dd292e-3346-4929-9581-6f65d7f8d328'),(40,35,NULL,21,4,'craft\\elements\\Entry',1,0,'2023-06-11 14:55:50','2023-06-11 14:55:50',NULL,NULL,'32829877-405c-4e7e-b51e-e07840b81a8c'),(41,37,NULL,22,10,'craft\\elements\\MatrixBlock',1,0,'2023-06-11 14:49:07','2023-06-11 14:55:50',NULL,NULL,'ac583d3e-6710-4670-b948-ff711c342b8c'),(42,39,NULL,23,11,'craft\\elements\\MatrixBlock',1,0,'2023-06-11 14:49:24','2023-06-11 14:55:50',NULL,NULL,'19cefa16-bd17-4bd6-ada1-19c08dedf69f'),(44,1,NULL,24,3,'craft\\elements\\Entry',1,0,'2023-06-12 08:29:08','2023-06-12 08:29:08',NULL,NULL,'a27d43df-c3be-4e3c-aea6-12c36ab23ef5'),(45,NULL,NULL,NULL,2,'craft\\elements\\Asset',1,0,'2023-06-12 08:32:25','2023-06-13 08:03:37',NULL,NULL,'ff11528c-355d-4738-8da5-6a86c5a7b894'),(46,4,NULL,25,7,'craft\\elements\\Entry',1,0,'2023-06-12 08:51:30','2023-06-12 08:51:30',NULL,NULL,'5889a221-da94-4ca3-9ef3-7db341411741'),(48,4,NULL,26,7,'craft\\elements\\Entry',1,0,'2023-06-12 08:51:42','2023-06-12 08:51:42',NULL,NULL,'792b5ed4-f500-4abb-9c18-53ed2e84a199'),(50,NULL,NULL,NULL,2,'craft\\elements\\Asset',1,0,'2023-06-12 08:52:50','2023-06-13 08:04:30',NULL,NULL,'94cb5d24-3fcb-4ca1-b07d-ec7f2bf4e86d'),(51,4,NULL,27,7,'craft\\elements\\Entry',1,0,'2023-06-12 08:53:25','2023-06-12 08:53:25',NULL,NULL,'fa6702f2-97a2-4d65-9436-9bb37882b790'),(53,NULL,NULL,NULL,2,'craft\\elements\\Asset',1,0,'2023-06-12 09:02:05','2023-06-13 07:39:56',NULL,NULL,'70fcad67-7277-4bff-ace7-de26492169e8'),(54,35,NULL,28,4,'craft\\elements\\Entry',1,0,'2023-06-12 09:02:49','2023-06-12 09:02:49',NULL,NULL,'efb24325-0417-4d36-8190-38a587165db6'),(55,37,NULL,29,10,'craft\\elements\\MatrixBlock',1,0,'2023-06-11 14:49:07','2023-06-12 09:02:49',NULL,NULL,'1514d7d8-2182-4664-9ff8-73d2339d503f'),(56,39,NULL,30,11,'craft\\elements\\MatrixBlock',1,0,'2023-06-11 14:49:24','2023-06-12 09:02:49',NULL,NULL,'3f107413-616e-4029-b0de-9950f10ca707'),(59,35,NULL,31,4,'craft\\elements\\Entry',1,0,'2023-06-13 07:47:45','2023-06-13 07:47:45',NULL,NULL,'222693d7-5328-4dab-a9e6-fcd99b34b60d'),(60,37,NULL,32,10,'craft\\elements\\MatrixBlock',1,0,'2023-06-13 07:47:45','2023-06-13 07:47:45',NULL,NULL,'697994f1-ce53-4bf5-a036-ac03f5e8cb4f'),(61,39,NULL,33,11,'craft\\elements\\MatrixBlock',1,0,'2023-06-11 14:49:24','2023-06-13 07:47:45',NULL,NULL,'1607a363-17bc-405f-83d8-f4e7c016a169'),(64,35,NULL,34,4,'craft\\elements\\Entry',1,0,'2023-06-13 07:55:38','2023-06-13 07:55:38',NULL,NULL,'f8c24df9-b93d-4ab7-9539-46f78d9f5c97'),(65,37,NULL,35,10,'craft\\elements\\MatrixBlock',1,0,'2023-06-13 07:55:38','2023-06-13 07:55:38',NULL,NULL,'c5206a63-b70d-453f-b3ee-13832e737649'),(66,39,NULL,36,11,'craft\\elements\\MatrixBlock',1,0,'2023-06-11 14:49:24','2023-06-13 07:55:38',NULL,NULL,'74648f51-4a35-41b3-96c9-ab807009ca57'),(68,NULL,NULL,NULL,2,'craft\\elements\\Asset',1,0,'2023-06-13 07:57:32','2023-06-13 07:58:18',NULL,NULL,'884db0d0-7e21-4402-a927-901b0b227bf0'),(69,12,NULL,37,4,'craft\\elements\\Entry',1,0,'2023-06-13 07:58:23','2023-06-13 07:58:23',NULL,NULL,'7009ed17-034c-42a5-99c9-c8a5037e5def'),(70,13,NULL,38,11,'craft\\elements\\MatrixBlock',1,0,'2023-06-11 14:31:40','2023-06-13 07:58:23',NULL,NULL,'015a1e42-922d-4684-b91f-56f10adcbc27'),(71,NULL,NULL,NULL,2,'craft\\elements\\Asset',1,0,'2023-06-13 08:06:14','2023-06-13 08:08:00',NULL,NULL,'9adc0a18-6b09-4a0c-b1e1-968dcac7ed53'),(74,16,NULL,39,4,'craft\\elements\\Entry',1,0,'2023-06-13 08:08:25','2023-06-13 08:08:25',NULL,NULL,'7170fbe0-d1ba-4dbe-b374-06eeb8b19b5b'),(75,17,NULL,40,11,'craft\\elements\\MatrixBlock',1,0,'2023-06-13 08:08:25','2023-06-13 08:08:25',NULL,NULL,'c02055c9-f41a-405b-95e5-984bae99ae54'),(79,20,NULL,41,4,'craft\\elements\\Entry',1,0,'2023-06-13 08:09:00','2023-06-13 08:09:00',NULL,NULL,'c2108c91-8f18-47b2-bace-c6f049d353bd'),(80,21,NULL,42,11,'craft\\elements\\MatrixBlock',1,0,'2023-06-13 08:09:00','2023-06-13 08:09:00',NULL,NULL,'27f9d82e-8b50-4044-9ecf-d3d7192bccdc'),(81,22,NULL,43,8,'craft\\elements\\MatrixBlock',1,0,'2023-06-13 08:09:00','2023-06-13 08:09:00',NULL,NULL,'381971f7-1f05-4410-8bf3-4ef647a2c037'),(83,20,NULL,44,4,'craft\\elements\\Entry',1,0,'2023-06-13 08:09:30','2023-06-13 08:09:30',NULL,NULL,'bdb0c00b-6a48-4956-a0d8-8b1f21b698ee'),(84,21,NULL,45,11,'craft\\elements\\MatrixBlock',1,0,'2023-06-13 08:09:00','2023-06-13 08:09:30',NULL,NULL,'f25b9fb2-13d2-454a-8d0a-3b9df6d2d577'),(85,22,NULL,46,8,'craft\\elements\\MatrixBlock',1,0,'2023-06-13 08:09:00','2023-06-13 08:09:30',NULL,NULL,'ee994778-4d22-4b03-8a9e-693d10a174f2'),(88,12,NULL,47,4,'craft\\elements\\Entry',1,0,'2023-06-13 08:10:31','2023-06-13 08:10:31',NULL,NULL,'ba216429-8bf4-4237-a462-d74fa8a0eac2'),(89,13,NULL,48,11,'craft\\elements\\MatrixBlock',1,0,'2023-06-13 08:10:31','2023-06-13 08:10:31',NULL,NULL,'fd2acfad-a06a-4d97-8084-a6a2677717a1'),(91,35,NULL,49,4,'craft\\elements\\Entry',1,0,'2023-06-13 08:12:04','2023-06-13 08:12:04',NULL,NULL,'b592eacc-e6bb-45d8-b475-72230f8c8847'),(92,37,NULL,50,10,'craft\\elements\\MatrixBlock',1,0,'2023-06-13 07:55:38','2023-06-13 08:12:04',NULL,NULL,'3729cee0-cd8d-4cf7-b198-7ad042a49f96'),(93,39,NULL,51,11,'craft\\elements\\MatrixBlock',1,0,'2023-06-11 14:49:24','2023-06-13 08:12:04',NULL,NULL,'45618ea2-daba-4e86-8619-d099d43b05be'),(97,20,NULL,52,4,'craft\\elements\\Entry',1,0,'2023-06-13 08:24:03','2023-06-13 08:24:03',NULL,NULL,'5954db81-f99a-48d3-b8cf-e1289f31c492'),(98,21,NULL,53,11,'craft\\elements\\MatrixBlock',1,0,'2023-06-13 08:24:03','2023-06-13 08:24:03',NULL,NULL,'0540a520-48c7-44ba-8062-372f4f9c0a49'),(99,22,NULL,54,8,'craft\\elements\\MatrixBlock',1,0,'2023-06-13 08:24:03','2023-06-13 08:24:03',NULL,NULL,'7f89139c-36c4-4027-aeef-616b50aeb881'),(102,NULL,NULL,NULL,2,'craft\\elements\\Asset',1,0,'2023-06-13 08:31:38','2023-06-13 08:32:01',NULL,NULL,'741998b4-e04f-4c29-b903-b78fd3da6e6c'),(103,20,NULL,55,4,'craft\\elements\\Entry',1,0,'2023-06-13 08:32:03','2023-06-13 08:32:03',NULL,NULL,'5790998c-0675-4720-8578-3f2a1fcedd62'),(104,21,NULL,56,11,'craft\\elements\\MatrixBlock',1,0,'2023-06-13 08:24:03','2023-06-13 08:32:03',NULL,NULL,'04546d33-e7e1-44b8-9f24-051869e9205f'),(105,22,NULL,57,8,'craft\\elements\\MatrixBlock',1,0,'2023-06-13 08:32:03','2023-06-13 08:32:03',NULL,NULL,'58a547b6-cb5f-4ad8-8ae0-04aed3d34828'),(107,NULL,NULL,NULL,9,'craft\\elements\\MatrixBlock',1,0,'2023-06-13 08:39:13','2023-06-13 08:39:13',NULL,'2023-06-13 08:39:19','7db08d8a-1f54-4b85-99f4-41feecc9eaa1'),(108,NULL,NULL,NULL,9,'craft\\elements\\MatrixBlock',1,0,'2023-06-13 08:39:19','2023-06-13 08:39:19',NULL,'2023-06-13 08:39:22','b809218c-6be1-4e7e-9d08-77e7f19ea1e8'),(109,NULL,NULL,NULL,9,'craft\\elements\\MatrixBlock',1,0,'2023-06-13 08:39:22','2023-06-13 08:39:22',NULL,'2023-06-13 08:39:28','d9ea9dcc-fb11-45e2-9240-e196d30a9204'),(110,NULL,NULL,NULL,11,'craft\\elements\\MatrixBlock',1,0,'2023-06-13 08:39:22','2023-06-13 08:39:22',NULL,'2023-06-13 08:39:28','67c0ec2e-b74b-451f-a200-84cf1ebf92d7'),(111,NULL,NULL,NULL,9,'craft\\elements\\MatrixBlock',1,0,'2023-06-13 08:39:28','2023-06-13 08:39:28',NULL,'2023-06-13 08:39:29','7251c2c9-2d20-4871-96f9-be78199c079f'),(112,NULL,NULL,NULL,11,'craft\\elements\\MatrixBlock',1,0,'2023-06-13 08:39:28','2023-06-13 08:39:28',NULL,'2023-06-13 08:39:30','1ad8fbfd-874a-4e80-871d-e31ed2ae2838'),(113,NULL,NULL,NULL,9,'craft\\elements\\MatrixBlock',1,0,'2023-06-13 08:39:29','2023-06-13 08:39:29',NULL,'2023-06-13 08:39:37','9ea3cb76-0469-46f2-a8bf-c2cfbcd67334'),(114,NULL,NULL,NULL,11,'craft\\elements\\MatrixBlock',1,0,'2023-06-13 08:39:29','2023-06-13 08:39:29',NULL,'2023-06-13 08:39:37','31e04130-037f-4275-b195-0bd26bf2abcc'),(115,NULL,NULL,NULL,11,'craft\\elements\\MatrixBlock',1,0,'2023-06-13 08:39:29','2023-06-13 08:39:29',NULL,'2023-06-13 08:39:37','85ad5b75-80cb-4835-9ae7-8d4b27824d6f'),(116,NULL,NULL,NULL,9,'craft\\elements\\MatrixBlock',1,0,'2023-06-13 08:39:37','2023-06-13 08:39:37',NULL,'2023-06-13 08:39:39','208b87cc-b7a3-4c4b-be29-daa53a548ecd'),(117,NULL,NULL,NULL,11,'craft\\elements\\MatrixBlock',1,0,'2023-06-13 08:39:37','2023-06-13 08:39:37',NULL,'2023-06-13 08:39:39','1438ce44-eaba-4140-8937-83fa4efbbd97'),(118,NULL,NULL,NULL,11,'craft\\elements\\MatrixBlock',1,0,'2023-06-13 08:39:37','2023-06-13 08:39:37',NULL,'2023-06-13 08:39:39','845df3c6-b891-4039-9492-a5a27a5edeb7'),(119,NULL,NULL,NULL,9,'craft\\elements\\MatrixBlock',1,0,'2023-06-13 08:39:39','2023-06-13 08:39:39',NULL,'2023-06-13 08:39:45','baf07371-54d4-4b41-a46d-a79f98b64bcb'),(120,NULL,NULL,NULL,11,'craft\\elements\\MatrixBlock',1,0,'2023-06-13 08:39:39','2023-06-13 08:39:39',NULL,'2023-06-13 08:39:45','89603002-a187-4920-9441-93841692679a'),(121,NULL,NULL,NULL,9,'craft\\elements\\MatrixBlock',1,0,'2023-06-13 08:39:39','2023-06-13 08:39:39',NULL,'2023-06-13 08:39:45','98514e90-ff82-4cac-9099-361e4f890783'),(122,NULL,NULL,NULL,11,'craft\\elements\\MatrixBlock',1,0,'2023-06-13 08:39:39','2023-06-13 08:39:39',NULL,'2023-06-13 08:39:45','704911a3-4261-40e2-be0f-a6afc590a9d0'),(123,NULL,NULL,NULL,9,'craft\\elements\\MatrixBlock',1,0,'2023-06-13 08:39:45','2023-06-13 08:39:45',NULL,'2023-06-13 08:39:46','461ab588-0370-4f68-967e-3ef94d1e1a8d'),(124,NULL,NULL,NULL,11,'craft\\elements\\MatrixBlock',1,0,'2023-06-13 08:39:45','2023-06-13 08:39:45',NULL,'2023-06-13 08:39:46','947972da-e720-4560-87b1-fdb57627bf50'),(125,NULL,NULL,NULL,9,'craft\\elements\\MatrixBlock',1,0,'2023-06-13 08:39:45','2023-06-13 08:39:45',NULL,'2023-06-13 08:39:46','6c4b7abc-0c77-4ef1-917e-310d9ca6068c'),(126,NULL,NULL,NULL,11,'craft\\elements\\MatrixBlock',1,0,'2023-06-13 08:39:45','2023-06-13 08:39:45',NULL,'2023-06-13 08:39:46','244bddd9-4099-49b8-8402-4227fdb617ad'),(127,NULL,NULL,NULL,9,'craft\\elements\\MatrixBlock',1,0,'2023-06-13 08:39:46','2023-06-13 08:39:46',NULL,'2023-06-13 08:39:51','b9e72a30-b07c-4681-83e2-bdae79ad4238'),(128,NULL,NULL,NULL,11,'craft\\elements\\MatrixBlock',1,0,'2023-06-13 08:39:46','2023-06-13 08:39:46',NULL,'2023-06-13 08:39:51','8f02e99e-fb68-4e01-a0ad-b7da41fb7667'),(129,NULL,NULL,NULL,9,'craft\\elements\\MatrixBlock',1,0,'2023-06-13 08:39:46','2023-06-13 08:39:46',NULL,'2023-06-13 08:39:51','42d6f62d-2040-4230-ae9c-3b2266b4c0f1'),(130,NULL,NULL,NULL,11,'craft\\elements\\MatrixBlock',1,0,'2023-06-13 08:39:46','2023-06-13 08:39:46',NULL,'2023-06-13 08:39:51','ce32aea4-8cb5-42e4-8b0b-5841a8de6c14'),(131,NULL,NULL,NULL,9,'craft\\elements\\MatrixBlock',1,0,'2023-06-13 08:39:51','2023-06-13 08:39:51',NULL,'2023-06-13 08:39:59','ff569ee8-e5be-4f2a-ab38-1a6ec0feefc1'),(132,NULL,NULL,NULL,11,'craft\\elements\\MatrixBlock',1,0,'2023-06-13 08:39:51','2023-06-13 08:39:51',NULL,'2023-06-13 08:39:59','099b72d6-900a-40d2-bfbb-c10663c9fc20'),(133,NULL,NULL,NULL,9,'craft\\elements\\MatrixBlock',1,0,'2023-06-13 08:39:51','2023-06-13 08:39:51',NULL,'2023-06-13 08:39:59','872f9f56-19cc-4e09-82c2-3906489a8a3e'),(134,NULL,NULL,NULL,11,'craft\\elements\\MatrixBlock',1,0,'2023-06-13 08:39:51','2023-06-13 08:39:51',NULL,'2023-06-13 08:39:59','215a363a-2615-4d31-9f0c-8dc9fdac2b39'),(135,NULL,NULL,NULL,8,'craft\\elements\\MatrixBlock',1,0,'2023-06-13 08:39:51','2023-06-13 08:39:51',NULL,'2023-06-13 08:39:59','bf4c25ec-37b3-41a4-aeb4-9b55742f1558'),(136,NULL,NULL,NULL,9,'craft\\elements\\MatrixBlock',1,0,'2023-06-13 08:39:59','2023-06-13 08:39:59',NULL,'2023-06-13 08:40:04','6fac6095-2293-4612-b279-b7d928386199'),(137,NULL,NULL,NULL,11,'craft\\elements\\MatrixBlock',1,0,'2023-06-13 08:39:59','2023-06-13 08:39:59',NULL,'2023-06-13 08:40:04','c6b08f8b-ded0-4a5e-936e-d2c49be44154'),(138,NULL,NULL,NULL,9,'craft\\elements\\MatrixBlock',1,0,'2023-06-13 08:39:59','2023-06-13 08:39:59',NULL,'2023-06-13 08:40:04','2900d710-1c1d-4c87-92c8-9c2e255d02e6'),(139,NULL,NULL,NULL,11,'craft\\elements\\MatrixBlock',1,0,'2023-06-13 08:39:59','2023-06-13 08:39:59',NULL,'2023-06-13 08:40:04','cc64a76f-36f6-43e8-8d44-6545c5779ced'),(140,NULL,NULL,NULL,8,'craft\\elements\\MatrixBlock',1,0,'2023-06-13 08:39:59','2023-06-13 08:39:59',NULL,'2023-06-13 08:40:04','e5bbc5d6-4d8b-4fc0-b0ac-03ed741af926'),(141,NULL,NULL,NULL,9,'craft\\elements\\MatrixBlock',1,0,'2023-06-13 08:40:04','2023-06-13 08:40:04',NULL,'2023-06-13 08:40:42','09e0f696-1fd4-4554-a23e-ebf9bf35ec2f'),(142,NULL,NULL,NULL,11,'craft\\elements\\MatrixBlock',1,0,'2023-06-13 08:40:04','2023-06-13 08:40:04',NULL,'2023-06-13 08:40:42','723f843c-0610-4b36-b085-de632345e04b'),(143,NULL,NULL,NULL,9,'craft\\elements\\MatrixBlock',1,0,'2023-06-13 08:40:04','2023-06-13 08:40:04',NULL,'2023-06-13 08:40:42','625a5011-b525-4d10-88a0-f8539c42f9fa'),(144,NULL,NULL,NULL,11,'craft\\elements\\MatrixBlock',1,0,'2023-06-13 08:40:04','2023-06-13 08:40:04',NULL,'2023-06-13 08:40:42','0f5de857-f75c-4832-9eb2-7d43ae0a86a5'),(145,NULL,NULL,NULL,8,'craft\\elements\\MatrixBlock',1,0,'2023-06-13 08:40:04','2023-06-13 08:40:04',NULL,'2023-06-13 08:40:42','e2d0f5bf-b7bd-4911-a5f4-7a8a09f707e7'),(146,NULL,NULL,NULL,9,'craft\\elements\\MatrixBlock',1,0,'2023-06-13 08:40:42','2023-06-13 08:40:42',NULL,'2023-06-13 08:40:46','89306806-b218-4046-849b-ead2df04b8cf'),(147,NULL,NULL,NULL,9,'craft\\elements\\MatrixBlock',1,0,'2023-06-13 08:40:42','2023-06-13 08:40:42',NULL,'2023-06-13 08:40:46','5bbb8aa0-9f20-46e8-8dda-1df938370d74'),(148,NULL,NULL,NULL,11,'craft\\elements\\MatrixBlock',1,0,'2023-06-13 08:40:42','2023-06-13 08:40:42',NULL,'2023-06-13 08:40:46','43bb0dda-75d4-4118-8610-3b460242cb3a'),(149,NULL,NULL,NULL,9,'craft\\elements\\MatrixBlock',1,0,'2023-06-13 08:40:42','2023-06-13 08:40:42',NULL,'2023-06-13 08:40:46','8925f184-8802-4726-8a85-95feff0abb8f'),(150,NULL,NULL,NULL,11,'craft\\elements\\MatrixBlock',1,0,'2023-06-13 08:40:42','2023-06-13 08:40:42',NULL,'2023-06-13 08:40:46','23691d81-911b-4547-9df1-1ff6c7b31bad'),(151,NULL,NULL,NULL,8,'craft\\elements\\MatrixBlock',1,0,'2023-06-13 08:40:42','2023-06-13 08:40:42',NULL,'2023-06-13 08:40:46','8a95e612-25de-424e-a394-054405deaec0'),(152,NULL,NULL,NULL,9,'craft\\elements\\MatrixBlock',1,0,'2023-06-13 08:40:46','2023-06-13 08:40:46',NULL,'2023-06-13 08:40:47','84de8348-3b8c-41dd-8a1e-3e3eb6774e3e'),(153,NULL,NULL,NULL,9,'craft\\elements\\MatrixBlock',1,0,'2023-06-13 08:40:46','2023-06-13 08:40:46',NULL,'2023-06-13 08:40:47','3ee81d24-827d-486d-82b8-35814d8c9d07'),(154,NULL,NULL,NULL,11,'craft\\elements\\MatrixBlock',1,0,'2023-06-13 08:40:46','2023-06-13 08:40:46',NULL,'2023-06-13 08:40:47','d202bc86-dadc-4bac-9dcd-3af8d7d730ec'),(155,NULL,NULL,NULL,9,'craft\\elements\\MatrixBlock',1,0,'2023-06-13 08:40:46','2023-06-13 08:40:46',NULL,'2023-06-13 08:40:47','bb81b438-73f4-4803-a833-859012dae63e'),(156,NULL,NULL,NULL,11,'craft\\elements\\MatrixBlock',1,0,'2023-06-13 08:40:46','2023-06-13 08:40:46',NULL,'2023-06-13 08:40:47','6758adc3-a0b4-4236-b288-e112d3ea23bc'),(157,NULL,NULL,NULL,8,'craft\\elements\\MatrixBlock',1,0,'2023-06-13 08:40:46','2023-06-13 08:40:46',NULL,'2023-06-13 08:40:47','c62be84a-5c03-4df1-ad93-55f015501895'),(158,NULL,NULL,NULL,9,'craft\\elements\\MatrixBlock',1,0,'2023-06-13 08:40:47','2023-06-13 08:40:47',NULL,'2023-06-13 08:40:52','543fcae6-9985-408d-a6fb-195383184512'),(159,NULL,NULL,NULL,9,'craft\\elements\\MatrixBlock',1,0,'2023-06-13 08:40:47','2023-06-13 08:40:47',NULL,'2023-06-13 08:40:52','4bfa5100-4b6c-487a-a292-b76f144597af'),(160,NULL,NULL,NULL,11,'craft\\elements\\MatrixBlock',1,0,'2023-06-13 08:40:47','2023-06-13 08:40:47',NULL,'2023-06-13 08:40:52','7b66e71f-1ad3-41ca-ac64-3988eea0c4c0'),(161,NULL,NULL,NULL,9,'craft\\elements\\MatrixBlock',1,0,'2023-06-13 08:40:47','2023-06-13 08:40:47',NULL,'2023-06-13 08:40:52','3b5834fa-bbcc-48b3-b31e-9791f4bfdc3c'),(162,NULL,NULL,NULL,11,'craft\\elements\\MatrixBlock',1,0,'2023-06-13 08:40:47','2023-06-13 08:40:47',NULL,'2023-06-13 08:40:52','02abd312-0de0-472c-9aa3-e678876d9e7c'),(163,NULL,NULL,NULL,8,'craft\\elements\\MatrixBlock',1,0,'2023-06-13 08:40:47','2023-06-13 08:40:47',NULL,'2023-06-13 08:40:52','3625b08f-e4c7-43a5-93cb-34e9d801a654'),(164,NULL,NULL,NULL,9,'craft\\elements\\MatrixBlock',1,0,'2023-06-13 08:40:52','2023-06-13 08:40:52',NULL,'2023-06-13 08:40:53','7e0ba54b-8e01-442c-9adc-8583541f667b'),(165,NULL,NULL,NULL,9,'craft\\elements\\MatrixBlock',1,0,'2023-06-13 08:40:52','2023-06-13 08:40:52',NULL,'2023-06-13 08:40:53','7f6e6e06-5300-47bc-8aaa-fcc962026d23'),(166,NULL,NULL,NULL,11,'craft\\elements\\MatrixBlock',1,0,'2023-06-13 08:40:52','2023-06-13 08:40:52',NULL,'2023-06-13 08:40:53','167475b4-72ab-4175-ab23-397468655a2a'),(167,NULL,NULL,NULL,9,'craft\\elements\\MatrixBlock',1,0,'2023-06-13 08:40:52','2023-06-13 08:40:52',NULL,'2023-06-13 08:40:53','75e8363b-afe9-4509-8cf8-f76ab7c337c8'),(168,NULL,NULL,NULL,11,'craft\\elements\\MatrixBlock',1,0,'2023-06-13 08:40:52','2023-06-13 08:40:52',NULL,'2023-06-13 08:40:53','aa4a80ee-3cbf-42b1-b58f-efd2f91c3719'),(169,NULL,NULL,NULL,8,'craft\\elements\\MatrixBlock',1,0,'2023-06-13 08:40:52','2023-06-13 08:40:52',NULL,'2023-06-13 08:40:53','2ec66252-de4e-47ed-8117-f9591988a47a'),(170,NULL,NULL,NULL,9,'craft\\elements\\MatrixBlock',1,0,'2023-06-13 08:40:53','2023-06-13 08:40:53',NULL,'2023-06-13 08:40:56','d87c0a27-4e12-4368-aa84-61b6711d7dab'),(171,NULL,NULL,NULL,9,'craft\\elements\\MatrixBlock',1,0,'2023-06-13 08:40:53','2023-06-13 08:40:53',NULL,'2023-06-13 08:40:56','4f014fb3-8269-4904-8e69-c0deedcb2046'),(172,NULL,NULL,NULL,11,'craft\\elements\\MatrixBlock',1,0,'2023-06-13 08:40:53','2023-06-13 08:40:53',NULL,'2023-06-13 08:40:56','00e60b94-261d-4b96-a473-070172fc4d07'),(173,NULL,NULL,NULL,9,'craft\\elements\\MatrixBlock',1,0,'2023-06-13 08:40:53','2023-06-13 08:40:53',NULL,'2023-06-13 08:40:56','c7964808-6730-41f5-bd37-f0a3f2edfa07'),(174,NULL,NULL,NULL,11,'craft\\elements\\MatrixBlock',1,0,'2023-06-13 08:40:53','2023-06-13 08:40:53',NULL,'2023-06-13 08:40:56','4cab8d19-d9dd-4e66-a3ee-32218bb91b9d'),(175,NULL,NULL,NULL,8,'craft\\elements\\MatrixBlock',1,0,'2023-06-13 08:40:53','2023-06-13 08:40:53',NULL,'2023-06-13 08:40:56','99fc74b0-1be2-4ad1-8803-80aaad961cb3'),(176,NULL,NULL,NULL,9,'craft\\elements\\MatrixBlock',1,0,'2023-06-13 08:40:56','2023-06-13 08:40:56',NULL,'2023-06-13 08:41:59','6c8ff94a-a972-497a-ac08-471921e96bd2'),(177,NULL,NULL,NULL,9,'craft\\elements\\MatrixBlock',1,0,'2023-06-13 08:40:56','2023-06-13 08:40:56',NULL,'2023-06-13 08:41:59','a3bbd7e2-d401-4e60-b0cb-85787fc7d3b3'),(178,NULL,NULL,NULL,11,'craft\\elements\\MatrixBlock',1,0,'2023-06-13 08:40:56','2023-06-13 08:40:56',NULL,'2023-06-13 08:41:59','b3cf38e3-88ad-4347-a454-abf72f050444'),(179,NULL,NULL,NULL,9,'craft\\elements\\MatrixBlock',1,0,'2023-06-13 08:40:56','2023-06-13 08:40:56',NULL,'2023-06-13 08:41:59','77c4479f-f5f7-4d9b-a6d6-15fccdd0683b'),(180,NULL,NULL,NULL,11,'craft\\elements\\MatrixBlock',1,0,'2023-06-13 08:40:56','2023-06-13 08:40:56',NULL,'2023-06-13 08:41:59','ca082a9b-8946-4edb-9fb3-bd9e11993275'),(181,NULL,NULL,NULL,8,'craft\\elements\\MatrixBlock',1,0,'2023-06-13 08:40:56','2023-06-13 08:40:56',NULL,'2023-06-13 08:41:59','9f93ffc3-bc0e-4a5e-8dee-63fc509f3323'),(183,NULL,NULL,NULL,9,'craft\\elements\\MatrixBlock',1,0,'2023-06-13 08:41:59','2023-06-13 08:41:59',NULL,'2023-06-13 08:42:01','65b3333a-96c5-4951-85bd-10f0877516b9'),(184,NULL,NULL,NULL,9,'craft\\elements\\MatrixBlock',1,0,'2023-06-13 08:41:59','2023-06-13 08:41:59',NULL,'2023-06-13 08:42:01','92b8e997-564a-4e32-bf1a-0dc51b08f551'),(185,NULL,NULL,NULL,9,'craft\\elements\\MatrixBlock',1,0,'2023-06-13 08:41:59','2023-06-13 08:41:59',NULL,'2023-06-13 08:42:01','a7f4938b-0674-4896-ba9e-68abfe665629'),(186,NULL,NULL,NULL,11,'craft\\elements\\MatrixBlock',1,0,'2023-06-13 08:41:59','2023-06-13 08:41:59',NULL,'2023-06-13 08:42:01','dabd6d9e-60fd-4ce7-98d4-f3f2d2ff9f33'),(187,NULL,NULL,NULL,9,'craft\\elements\\MatrixBlock',1,0,'2023-06-13 08:41:59','2023-06-13 08:41:59',NULL,'2023-06-13 08:42:01','b518a629-aaf6-4e58-8742-4b3e1cd94f67'),(188,NULL,NULL,NULL,11,'craft\\elements\\MatrixBlock',1,0,'2023-06-13 08:41:59','2023-06-13 08:41:59',NULL,'2023-06-13 08:42:01','9d617004-2133-4a0c-aeec-a2329bde0d50'),(189,NULL,NULL,NULL,8,'craft\\elements\\MatrixBlock',1,0,'2023-06-13 08:41:59','2023-06-13 08:41:59',NULL,'2023-06-13 08:42:01','3351f57c-7b77-4a59-9c01-2c23be0f484b'),(190,NULL,NULL,NULL,9,'craft\\elements\\MatrixBlock',1,0,'2023-06-13 08:42:01','2023-06-13 08:42:01',NULL,'2023-06-13 08:42:03','40710d40-32ee-40db-b165-9be74c88ad71'),(191,NULL,NULL,NULL,9,'craft\\elements\\MatrixBlock',1,0,'2023-06-13 08:42:01','2023-06-13 08:42:01',NULL,'2023-06-13 08:42:03','03dea3f9-3da2-4f5e-8210-d62020646ea9'),(192,NULL,NULL,NULL,9,'craft\\elements\\MatrixBlock',1,0,'2023-06-13 08:42:01','2023-06-13 08:42:01',NULL,'2023-06-13 08:42:03','02e92116-1ac1-4b95-8e13-7614ab7e9f82'),(193,NULL,NULL,NULL,11,'craft\\elements\\MatrixBlock',1,0,'2023-06-13 08:42:01','2023-06-13 08:42:01',NULL,'2023-06-13 08:42:03','a7deb0f9-e018-465f-a295-8e35ca7c75f4'),(194,NULL,NULL,NULL,9,'craft\\elements\\MatrixBlock',1,0,'2023-06-13 08:42:01','2023-06-13 08:42:01',NULL,'2023-06-13 08:42:03','4690370f-1815-40d3-b728-3a7b1290243c'),(195,NULL,NULL,NULL,11,'craft\\elements\\MatrixBlock',1,0,'2023-06-13 08:42:01','2023-06-13 08:42:01',NULL,'2023-06-13 08:42:03','c51d9ead-f2a2-4ab3-9e5d-ad29151a78c9'),(196,NULL,NULL,NULL,8,'craft\\elements\\MatrixBlock',1,0,'2023-06-13 08:42:01','2023-06-13 08:42:01',NULL,'2023-06-13 08:42:03','5303c8c7-f70d-4994-bc37-98ce381d8712'),(197,NULL,NULL,NULL,9,'craft\\elements\\MatrixBlock',1,0,'2023-06-13 08:42:03','2023-06-13 08:42:03',NULL,'2023-06-13 08:42:17','740b34c6-c634-45af-8161-6c6c0d3f8904'),(198,NULL,NULL,NULL,9,'craft\\elements\\MatrixBlock',1,0,'2023-06-13 08:42:03','2023-06-13 08:42:03',NULL,'2023-06-13 08:42:17','08bab4f4-40c0-4ac0-a24c-0d73923bee6c'),(199,NULL,NULL,NULL,9,'craft\\elements\\MatrixBlock',1,0,'2023-06-13 08:42:03','2023-06-13 08:42:03',NULL,'2023-06-13 08:42:17','df0a3db4-5662-4827-8cde-cd3c903dbd75'),(200,NULL,NULL,NULL,11,'craft\\elements\\MatrixBlock',1,0,'2023-06-13 08:42:03','2023-06-13 08:42:03',NULL,'2023-06-13 08:42:17','600482a2-79dd-4bbf-8e45-c7d24ec070fd'),(201,NULL,NULL,NULL,9,'craft\\elements\\MatrixBlock',1,0,'2023-06-13 08:42:03','2023-06-13 08:42:03',NULL,'2023-06-13 08:42:17','c22a0f5f-307a-4db3-aa77-70f09d21dfff'),(202,NULL,NULL,NULL,11,'craft\\elements\\MatrixBlock',1,0,'2023-06-13 08:42:03','2023-06-13 08:42:03',NULL,'2023-06-13 08:42:17','c364c299-92ff-43ef-a5e5-b335131208bf'),(203,NULL,NULL,NULL,8,'craft\\elements\\MatrixBlock',1,0,'2023-06-13 08:42:03','2023-06-13 08:42:03',NULL,'2023-06-13 08:42:17','f5c474e0-1706-4c3e-9c83-bb7f2717d9ba'),(204,NULL,NULL,NULL,9,'craft\\elements\\MatrixBlock',1,0,'2023-06-13 08:42:17','2023-06-13 08:42:17',NULL,'2023-06-13 08:42:20','4a6c95f7-f53b-4bc6-a601-bfd1fbe902b6'),(205,NULL,NULL,NULL,9,'craft\\elements\\MatrixBlock',1,0,'2023-06-13 08:42:17','2023-06-13 08:42:17',NULL,'2023-06-13 08:42:20','9f6a6cf5-4488-4f8e-9338-cd68cb6bbc1d'),(206,NULL,NULL,NULL,9,'craft\\elements\\MatrixBlock',1,0,'2023-06-13 08:42:17','2023-06-13 08:42:17',NULL,'2023-06-13 08:42:20','0c6ccf66-7d81-4bb2-b6af-7b1e2dec1b57'),(207,NULL,NULL,NULL,11,'craft\\elements\\MatrixBlock',1,0,'2023-06-13 08:42:17','2023-06-13 08:42:17',NULL,'2023-06-13 08:42:20','a96be77b-0d81-4569-bb55-50d2918ec2bd'),(208,NULL,NULL,NULL,9,'craft\\elements\\MatrixBlock',1,0,'2023-06-13 08:42:17','2023-06-13 08:42:17',NULL,'2023-06-13 08:42:20','5b164a00-9f89-497e-9cd2-515b45e2d0cd'),(209,NULL,NULL,NULL,11,'craft\\elements\\MatrixBlock',1,0,'2023-06-13 08:42:17','2023-06-13 08:42:17',NULL,'2023-06-13 08:42:20','ab4c1e05-a191-4292-83ee-b3d767189fce'),(210,NULL,NULL,NULL,8,'craft\\elements\\MatrixBlock',1,0,'2023-06-13 08:42:17','2023-06-13 08:42:17',NULL,'2023-06-13 08:42:20','41c1b98e-8e0c-4ed0-bcab-930e60e4615c'),(211,NULL,NULL,NULL,9,'craft\\elements\\MatrixBlock',1,0,'2023-06-13 08:42:20','2023-06-13 08:42:20',NULL,'2023-06-13 08:42:21','f3b2f43b-79ec-416f-826c-d1756c2d0a51'),(212,NULL,NULL,NULL,9,'craft\\elements\\MatrixBlock',1,0,'2023-06-13 08:42:20','2023-06-13 08:42:20',NULL,'2023-06-13 08:42:21','ab6161ce-0065-4e5d-8521-cf211091f04b'),(213,NULL,NULL,NULL,9,'craft\\elements\\MatrixBlock',1,0,'2023-06-13 08:42:20','2023-06-13 08:42:20',NULL,'2023-06-13 08:42:21','ba8b46e7-8b01-45be-b5d6-5882af2ba233'),(214,NULL,NULL,NULL,11,'craft\\elements\\MatrixBlock',1,0,'2023-06-13 08:42:20','2023-06-13 08:42:20',NULL,'2023-06-13 08:42:21','a82aeed9-2d75-4a10-bfe4-13de747090b2'),(215,NULL,NULL,NULL,9,'craft\\elements\\MatrixBlock',1,0,'2023-06-13 08:42:20','2023-06-13 08:42:20',NULL,'2023-06-13 08:42:21','0641ec6b-7bf9-43d4-82bd-5c8ab79d43b3'),(216,NULL,NULL,NULL,11,'craft\\elements\\MatrixBlock',1,0,'2023-06-13 08:42:20','2023-06-13 08:42:20',NULL,'2023-06-13 08:42:21','416b55c2-5b6e-48b9-85f6-8b729ce66882'),(217,NULL,NULL,NULL,8,'craft\\elements\\MatrixBlock',1,0,'2023-06-13 08:42:20','2023-06-13 08:42:20',NULL,'2023-06-13 08:42:21','49005304-f7d8-497d-a81c-38597da8c8b7'),(218,NULL,NULL,NULL,9,'craft\\elements\\MatrixBlock',1,0,'2023-06-13 08:42:21','2023-06-13 08:42:21',NULL,'2023-06-13 08:42:43','5e3e6811-6785-409c-b3bd-a37962e162ab'),(219,NULL,NULL,NULL,9,'craft\\elements\\MatrixBlock',1,0,'2023-06-13 08:42:21','2023-06-13 08:42:21',NULL,'2023-06-13 08:42:43','51801bca-60dd-49c4-b3e9-725d662ac6e7'),(220,NULL,NULL,NULL,9,'craft\\elements\\MatrixBlock',1,0,'2023-06-13 08:42:21','2023-06-13 08:42:21',NULL,'2023-06-13 08:42:43','cad5885b-265b-4a6e-9bb5-6f8674c57683'),(221,NULL,NULL,NULL,11,'craft\\elements\\MatrixBlock',1,0,'2023-06-13 08:42:21','2023-06-13 08:42:21',NULL,'2023-06-13 08:42:43','c604f047-693d-43ef-b415-72b4a6c67a07'),(222,NULL,NULL,NULL,9,'craft\\elements\\MatrixBlock',1,0,'2023-06-13 08:42:21','2023-06-13 08:42:21',NULL,'2023-06-13 08:42:43','ea5ffc20-9ce8-4b76-85d5-be73390ec349'),(223,NULL,NULL,NULL,11,'craft\\elements\\MatrixBlock',1,0,'2023-06-13 08:42:21','2023-06-13 08:42:21',NULL,'2023-06-13 08:42:43','764f5d9d-5832-4d18-91b1-8a8a934ce205'),(224,NULL,NULL,NULL,8,'craft\\elements\\MatrixBlock',1,0,'2023-06-13 08:42:21','2023-06-13 08:42:21',NULL,'2023-06-13 08:42:43','45efe984-50cb-42ee-b286-c85368481f52'),(225,NULL,NULL,NULL,9,'craft\\elements\\MatrixBlock',1,0,'2023-06-13 08:42:42','2023-06-13 08:42:42',NULL,'2023-06-13 08:42:46','4284219f-9138-4827-9df3-599e0ce8ae2d'),(226,NULL,NULL,NULL,9,'craft\\elements\\MatrixBlock',1,0,'2023-06-13 08:42:42','2023-06-13 08:42:42',NULL,'2023-06-13 08:42:46','d640b12f-50e9-4893-9371-c41b2b02ba56'),(227,NULL,NULL,NULL,9,'craft\\elements\\MatrixBlock',1,0,'2023-06-13 08:42:42','2023-06-13 08:42:42',NULL,'2023-06-13 08:42:46','57e03faf-5737-4912-b46d-d03fc0529114'),(228,NULL,NULL,NULL,11,'craft\\elements\\MatrixBlock',1,0,'2023-06-13 08:42:42','2023-06-13 08:42:42',NULL,'2023-06-13 08:42:46','d62989de-fa6c-4c2e-a743-21f6bf270e81'),(229,NULL,NULL,NULL,9,'craft\\elements\\MatrixBlock',1,0,'2023-06-13 08:42:42','2023-06-13 08:42:42',NULL,'2023-06-13 08:42:46','ccab74fd-5f11-4be3-89c2-35feb4f1b887'),(230,NULL,NULL,NULL,9,'craft\\elements\\MatrixBlock',1,0,'2023-06-13 08:42:42','2023-06-13 08:42:42',NULL,'2023-06-13 08:42:46','6af16d98-bee4-4421-a104-a1c4a5101df5'),(231,NULL,NULL,NULL,11,'craft\\elements\\MatrixBlock',1,0,'2023-06-13 08:42:42','2023-06-13 08:42:42',NULL,'2023-06-13 08:42:46','e5583d77-e6b9-4097-892d-0f29acb43833'),(232,NULL,NULL,NULL,8,'craft\\elements\\MatrixBlock',1,0,'2023-06-13 08:42:43','2023-06-13 08:42:43',NULL,'2023-06-13 08:42:46','29a72658-270e-43ae-b824-184d73951a1f'),(233,NULL,NULL,NULL,9,'craft\\elements\\MatrixBlock',1,0,'2023-06-13 08:42:45','2023-06-13 08:42:45',NULL,'2023-06-13 08:42:51','bcd15674-aef3-4b74-a506-865891875102'),(234,NULL,NULL,NULL,9,'craft\\elements\\MatrixBlock',1,0,'2023-06-13 08:42:45','2023-06-13 08:42:45',NULL,'2023-06-13 08:42:51','c30c0847-1d30-4ff7-adab-fe330abcdf7b'),(235,NULL,NULL,NULL,9,'craft\\elements\\MatrixBlock',1,0,'2023-06-13 08:42:45','2023-06-13 08:42:45',NULL,'2023-06-13 08:42:51','181fb41f-52c7-4c3d-bfe7-002318e9f909'),(236,NULL,NULL,NULL,11,'craft\\elements\\MatrixBlock',1,0,'2023-06-13 08:42:45','2023-06-13 08:42:45',NULL,'2023-06-13 08:42:51','fd6a9a40-efb7-4c97-9f5a-00c3b1202a73'),(237,NULL,NULL,NULL,9,'craft\\elements\\MatrixBlock',1,0,'2023-06-13 08:42:46','2023-06-13 08:42:46',NULL,'2023-06-13 08:42:51','664c38e9-db44-4d8d-af60-a7c37348018d'),(238,NULL,NULL,NULL,9,'craft\\elements\\MatrixBlock',1,0,'2023-06-13 08:42:46','2023-06-13 08:42:46',NULL,'2023-06-13 08:42:51','48a84f79-6954-40bc-bbf4-e8cb6b92448c'),(239,NULL,NULL,NULL,11,'craft\\elements\\MatrixBlock',1,0,'2023-06-13 08:42:46','2023-06-13 08:42:46',NULL,'2023-06-13 08:42:51','06be52ef-1f9c-416a-b1e7-5eedbb76151a'),(240,NULL,NULL,NULL,8,'craft\\elements\\MatrixBlock',1,0,'2023-06-13 08:42:46','2023-06-13 08:42:46',NULL,'2023-06-13 08:42:51','e334210d-1628-411b-872c-cae648b26479'),(241,NULL,NULL,NULL,9,'craft\\elements\\MatrixBlock',1,0,'2023-06-13 08:42:51','2023-06-13 08:42:51',NULL,'2023-06-13 08:42:58','16505049-9fa4-41af-9a5b-b5f6734589e0'),(242,NULL,NULL,NULL,9,'craft\\elements\\MatrixBlock',1,0,'2023-06-13 08:42:51','2023-06-13 08:42:51',NULL,'2023-06-13 08:42:58','f4250afa-7163-4d88-94ec-3b62493572bd'),(243,NULL,NULL,NULL,9,'craft\\elements\\MatrixBlock',1,0,'2023-06-13 08:42:51','2023-06-13 08:42:51',NULL,'2023-06-13 08:42:58','03a029aa-7bac-4d38-98cd-af0f389acf69'),(244,NULL,NULL,NULL,11,'craft\\elements\\MatrixBlock',1,0,'2023-06-13 08:42:51','2023-06-13 08:42:51',NULL,'2023-06-13 08:42:58','5ddf396e-06d3-411c-80b1-1ab5ef9687e8'),(245,NULL,NULL,NULL,9,'craft\\elements\\MatrixBlock',1,0,'2023-06-13 08:42:51','2023-06-13 08:42:51',NULL,'2023-06-13 08:42:58','9bd4d24b-8f5b-409f-b127-36c6a2885e7b'),(246,NULL,NULL,NULL,9,'craft\\elements\\MatrixBlock',1,0,'2023-06-13 08:42:51','2023-06-13 08:42:51',NULL,'2023-06-13 08:42:58','150bae6c-e8e7-4dda-a56f-e777a024fb6e'),(247,NULL,NULL,NULL,11,'craft\\elements\\MatrixBlock',1,0,'2023-06-13 08:42:51','2023-06-13 08:42:51',NULL,'2023-06-13 08:42:58','be1f0b43-91fa-4c4c-abf8-e8bb3dc7c470'),(248,NULL,NULL,NULL,8,'craft\\elements\\MatrixBlock',1,0,'2023-06-13 08:42:51','2023-06-13 08:42:51',NULL,'2023-06-13 08:42:58','4f498dac-f379-4fc8-aaee-e9db684fd3d8'),(249,NULL,NULL,NULL,9,'craft\\elements\\MatrixBlock',1,0,'2023-06-13 08:42:58','2023-06-13 08:42:58',NULL,'2023-06-13 08:43:01','ed4b4259-fa34-445f-a5e5-2b3424593692'),(250,NULL,NULL,NULL,9,'craft\\elements\\MatrixBlock',1,0,'2023-06-13 08:42:58','2023-06-13 08:42:58',NULL,'2023-06-13 08:43:01','877f8ed8-8d8c-4a32-9340-020ce5e9cd03'),(251,NULL,NULL,NULL,9,'craft\\elements\\MatrixBlock',1,0,'2023-06-13 08:42:58','2023-06-13 08:42:58',NULL,'2023-06-13 08:43:01','2795e77c-08f1-4358-bf40-414969967a06'),(252,NULL,NULL,NULL,11,'craft\\elements\\MatrixBlock',1,0,'2023-06-13 08:42:58','2023-06-13 08:42:58',NULL,'2023-06-13 08:43:01','0a677682-03c5-4e76-97dd-165ce78f6027'),(253,NULL,NULL,NULL,9,'craft\\elements\\MatrixBlock',1,0,'2023-06-13 08:42:58','2023-06-13 08:42:58',NULL,'2023-06-13 08:43:01','c9d7be7c-612a-4b1b-b23d-4fe01d9ca436'),(254,NULL,NULL,NULL,9,'craft\\elements\\MatrixBlock',1,0,'2023-06-13 08:42:58','2023-06-13 08:42:58',NULL,'2023-06-13 08:43:01','c8e3dafa-1091-47a4-a111-be6383bce47d'),(255,NULL,NULL,NULL,8,'craft\\elements\\MatrixBlock',1,0,'2023-06-13 08:42:58','2023-06-13 08:42:58',NULL,'2023-06-13 08:43:01','49a0f275-959f-4cc3-92ee-79505232f2d5'),(256,NULL,NULL,NULL,9,'craft\\elements\\MatrixBlock',1,0,'2023-06-13 08:43:01','2023-06-13 08:43:01',NULL,'2023-06-13 08:43:09','28779842-2e99-488c-bd86-66c969928998'),(257,NULL,NULL,NULL,9,'craft\\elements\\MatrixBlock',1,0,'2023-06-13 08:43:01','2023-06-13 08:43:01',NULL,'2023-06-13 08:43:09','5682fbd6-5baf-4e48-8f7f-9aeb1f476579'),(258,NULL,NULL,NULL,9,'craft\\elements\\MatrixBlock',1,0,'2023-06-13 08:43:01','2023-06-13 08:43:01',NULL,'2023-06-13 08:43:09','3385cbec-9f24-4807-8205-457ee96fd1b3'),(259,NULL,NULL,NULL,11,'craft\\elements\\MatrixBlock',1,0,'2023-06-13 08:43:01','2023-06-13 08:43:01',NULL,'2023-06-13 08:43:09','83296a6e-056f-439a-9aa4-5be0e653dd8f'),(260,NULL,NULL,NULL,9,'craft\\elements\\MatrixBlock',1,0,'2023-06-13 08:43:01','2023-06-13 08:43:01',NULL,'2023-06-13 08:43:09','4a3b136c-3bfa-4b11-bb77-06666049f5a4'),(261,NULL,NULL,NULL,9,'craft\\elements\\MatrixBlock',1,0,'2023-06-13 08:43:01','2023-06-13 08:43:01',NULL,'2023-06-13 08:43:09','9305380a-0801-4c51-a3a9-18ac8a496264'),(262,NULL,NULL,NULL,8,'craft\\elements\\MatrixBlock',1,0,'2023-06-13 08:43:01','2023-06-13 08:43:01',NULL,'2023-06-13 08:43:09','992114e3-cb89-4881-8899-7fc076b7ce14'),(263,NULL,NULL,NULL,9,'craft\\elements\\MatrixBlock',1,0,'2023-06-13 08:43:01','2023-06-13 08:43:01',NULL,'2023-06-13 08:43:09','8a4780cd-7718-45cb-9165-3beb7705f077'),(264,NULL,NULL,NULL,9,'craft\\elements\\MatrixBlock',1,0,'2023-06-13 08:43:09','2023-06-13 08:43:09',NULL,'2023-06-13 08:43:16','be33b481-550f-4a41-a15c-9884ebe7cdac'),(265,NULL,NULL,NULL,9,'craft\\elements\\MatrixBlock',1,0,'2023-06-13 08:43:09','2023-06-13 08:43:09',NULL,'2023-06-13 08:43:16','49cff56a-d22f-465f-9064-aaeadb1d24aa'),(266,NULL,NULL,NULL,9,'craft\\elements\\MatrixBlock',1,0,'2023-06-13 08:43:09','2023-06-13 08:43:09',NULL,'2023-06-13 08:43:16','4a20a8ae-355a-4610-a2c1-04b9e28deb1b'),(267,NULL,NULL,NULL,11,'craft\\elements\\MatrixBlock',1,0,'2023-06-13 08:43:09','2023-06-13 08:43:09',NULL,'2023-06-13 08:43:16','6ec777e4-6e88-4422-a726-c9f097980472'),(268,NULL,NULL,NULL,9,'craft\\elements\\MatrixBlock',1,0,'2023-06-13 08:43:09','2023-06-13 08:43:09',NULL,'2023-06-13 08:43:16','3a0b3f7d-4996-4667-9143-a3613cdd8425'),(269,NULL,NULL,NULL,9,'craft\\elements\\MatrixBlock',1,0,'2023-06-13 08:43:09','2023-06-13 08:43:09',NULL,'2023-06-13 08:43:16','944cf504-23ad-4317-82e6-8772187d54e5'),(270,NULL,NULL,NULL,8,'craft\\elements\\MatrixBlock',1,0,'2023-06-13 08:43:09','2023-06-13 08:43:09',NULL,'2023-06-13 08:43:16','e32a8c4c-2dec-442c-8671-6ec34806e2cb'),(271,NULL,NULL,NULL,9,'craft\\elements\\MatrixBlock',1,0,'2023-06-13 08:43:09','2023-06-13 08:43:09',NULL,'2023-06-13 08:43:16','a23309a4-705c-455d-a35b-ac7608e685b5'),(272,NULL,NULL,NULL,9,'craft\\elements\\MatrixBlock',1,0,'2023-06-13 08:43:16','2023-06-13 08:43:16',NULL,'2023-06-13 08:43:18','26b2a687-d1ab-46ee-b852-a4d66feb3a45'),(273,NULL,NULL,NULL,9,'craft\\elements\\MatrixBlock',1,0,'2023-06-13 08:43:16','2023-06-13 08:43:16',NULL,'2023-06-13 08:43:18','0405bb78-a24a-4f2f-b651-e4278905102c'),(274,NULL,NULL,NULL,9,'craft\\elements\\MatrixBlock',1,0,'2023-06-13 08:43:16','2023-06-13 08:43:16',NULL,'2023-06-13 08:43:18','f9834f8e-f01b-41c8-835b-18aa26943b62'),(275,NULL,NULL,NULL,11,'craft\\elements\\MatrixBlock',1,0,'2023-06-13 08:43:16','2023-06-13 08:43:16',NULL,'2023-06-13 08:43:18','ce9957b3-f25e-4df8-b2c9-88360df08b06'),(276,NULL,NULL,NULL,9,'craft\\elements\\MatrixBlock',1,0,'2023-06-13 08:43:16','2023-06-13 08:43:16',NULL,'2023-06-13 08:43:18','bba5108b-5c94-475b-bc3c-76028986abfa'),(277,NULL,NULL,NULL,9,'craft\\elements\\MatrixBlock',1,0,'2023-06-13 08:43:16','2023-06-13 08:43:16',NULL,'2023-06-13 08:43:18','71753689-ff95-4b50-bec7-fb6ebf6c2794'),(278,NULL,NULL,NULL,8,'craft\\elements\\MatrixBlock',1,0,'2023-06-13 08:43:16','2023-06-13 08:43:16',NULL,'2023-06-13 08:43:18','53b9d061-efb2-4759-8178-5ea1a83f5344'),(279,NULL,NULL,NULL,9,'craft\\elements\\MatrixBlock',1,0,'2023-06-13 08:43:16','2023-06-13 08:43:16',NULL,'2023-06-13 08:43:18','cb0005bb-68df-474b-b5d7-bbd9509802e9'),(280,NULL,NULL,NULL,9,'craft\\elements\\MatrixBlock',1,0,'2023-06-13 08:43:18','2023-06-13 08:43:18',NULL,'2023-06-13 08:43:25','7dd887aa-e62f-485c-9fa7-10276c6a146f'),(281,NULL,NULL,NULL,9,'craft\\elements\\MatrixBlock',1,0,'2023-06-13 08:43:18','2023-06-13 08:43:18',NULL,'2023-06-13 08:43:25','b6354edc-e548-4581-be8e-dfc266674d55'),(282,NULL,NULL,NULL,9,'craft\\elements\\MatrixBlock',1,0,'2023-06-13 08:43:18','2023-06-13 08:43:18',NULL,'2023-06-13 08:43:25','975a2847-2f7c-413a-b5c0-34a67ca147b1'),(283,NULL,NULL,NULL,11,'craft\\elements\\MatrixBlock',1,0,'2023-06-13 08:43:18','2023-06-13 08:43:18',NULL,'2023-06-13 08:43:25','ca0a94d2-5110-443d-905a-5beac2bdc33b'),(284,NULL,NULL,NULL,9,'craft\\elements\\MatrixBlock',1,0,'2023-06-13 08:43:18','2023-06-13 08:43:18',NULL,'2023-06-13 08:43:25','660752f8-d2c4-4367-9303-b3620cfc9ca7'),(285,NULL,NULL,NULL,9,'craft\\elements\\MatrixBlock',1,0,'2023-06-13 08:43:18','2023-06-13 08:43:18',NULL,'2023-06-13 08:43:25','4e3dc9ef-8fab-4d99-9164-01a99f8d9220'),(286,NULL,NULL,NULL,8,'craft\\elements\\MatrixBlock',1,0,'2023-06-13 08:43:18','2023-06-13 08:43:18',NULL,'2023-06-13 08:43:25','a0b64d57-04b3-4259-878e-12c866740e40'),(287,NULL,NULL,NULL,9,'craft\\elements\\MatrixBlock',1,0,'2023-06-13 08:43:18','2023-06-13 08:43:18',NULL,'2023-06-13 08:43:25','4fda7f8b-f7c6-4ccc-8575-c99bede73c12'),(288,NULL,NULL,NULL,8,'craft\\elements\\MatrixBlock',1,0,'2023-06-13 08:43:18','2023-06-13 08:43:18',NULL,'2023-06-13 08:43:25','6b5fa0dd-6de8-4da6-b35e-fd01f0af5120'),(289,NULL,NULL,NULL,9,'craft\\elements\\MatrixBlock',1,0,'2023-06-13 08:43:25','2023-06-13 08:43:25',NULL,'2023-06-13 08:43:30','dc10e521-c116-4c64-ba7a-8b72d45468ed'),(290,NULL,NULL,NULL,9,'craft\\elements\\MatrixBlock',1,0,'2023-06-13 08:43:25','2023-06-13 08:43:25',NULL,'2023-06-13 08:43:30','dc1da707-7041-43b0-ad99-8b487e8388cb'),(291,NULL,NULL,NULL,9,'craft\\elements\\MatrixBlock',1,0,'2023-06-13 08:43:25','2023-06-13 08:43:25',NULL,'2023-06-13 08:43:30','659885c0-8758-4e78-bc5d-0ca6bc0d0975'),(292,NULL,NULL,NULL,11,'craft\\elements\\MatrixBlock',1,0,'2023-06-13 08:43:25','2023-06-13 08:43:25',NULL,'2023-06-13 08:43:30','9fda716d-a6ae-4c6e-a8e1-625033ec07cf'),(293,NULL,NULL,NULL,9,'craft\\elements\\MatrixBlock',1,0,'2023-06-13 08:43:25','2023-06-13 08:43:25',NULL,'2023-06-13 08:43:30','eac199eb-ae0a-4048-a032-7799094a52be'),(294,NULL,NULL,NULL,9,'craft\\elements\\MatrixBlock',1,0,'2023-06-13 08:43:25','2023-06-13 08:43:25',NULL,'2023-06-13 08:43:30','51dc003b-4555-44fd-9da0-0d295d526b7e'),(295,NULL,NULL,NULL,8,'craft\\elements\\MatrixBlock',1,0,'2023-06-13 08:43:25','2023-06-13 08:43:25',NULL,'2023-06-13 08:43:30','69f2656e-f6fa-4cb0-8920-f4c7e6bcb3ab'),(296,NULL,NULL,NULL,9,'craft\\elements\\MatrixBlock',1,0,'2023-06-13 08:43:25','2023-06-13 08:43:25',NULL,'2023-06-13 08:43:30','7f2d327b-32ad-40f0-b233-8a468f35c1e1'),(297,NULL,NULL,NULL,8,'craft\\elements\\MatrixBlock',1,0,'2023-06-13 08:43:25','2023-06-13 08:43:25',NULL,'2023-06-13 08:43:30','9cbb16cd-7661-4964-93a0-a1f76e71cabb'),(298,NULL,NULL,NULL,9,'craft\\elements\\MatrixBlock',1,0,'2023-06-13 08:43:30','2023-06-13 08:43:30',NULL,'2023-06-13 08:44:35','26fc0f3a-8038-43e9-b075-06daad300afa'),(299,NULL,NULL,NULL,9,'craft\\elements\\MatrixBlock',1,0,'2023-06-13 08:43:30','2023-06-13 08:43:30',NULL,'2023-06-13 08:44:35','56724743-c650-4668-96d4-e1070ab991c7'),(300,NULL,NULL,NULL,9,'craft\\elements\\MatrixBlock',1,0,'2023-06-13 08:43:30','2023-06-13 08:43:30',NULL,'2023-06-13 08:44:35','9248a0f2-80af-41da-98d9-1107153bb86b'),(301,NULL,NULL,NULL,11,'craft\\elements\\MatrixBlock',1,0,'2023-06-13 08:43:30','2023-06-13 08:43:30',NULL,'2023-06-13 08:44:35','a62af204-8643-45a4-a6c3-c9c9a2d9052c'),(302,NULL,NULL,NULL,9,'craft\\elements\\MatrixBlock',1,0,'2023-06-13 08:43:30','2023-06-13 08:43:30',NULL,'2023-06-13 08:44:35','831a5638-2017-4c86-841f-162e2a0eec81'),(303,NULL,NULL,NULL,9,'craft\\elements\\MatrixBlock',1,0,'2023-06-13 08:43:30','2023-06-13 08:43:30',NULL,'2023-06-13 08:44:35','1b22b078-538d-456c-8792-2df520ffaa08'),(304,NULL,NULL,NULL,8,'craft\\elements\\MatrixBlock',1,0,'2023-06-13 08:43:30','2023-06-13 08:43:30',NULL,'2023-06-13 08:44:35','7c392209-32e2-46eb-9baf-b4adc79864da'),(305,NULL,NULL,NULL,9,'craft\\elements\\MatrixBlock',1,0,'2023-06-13 08:43:30','2023-06-13 08:43:30',NULL,'2023-06-13 08:44:35','5942c1b1-7294-40f7-afbe-aac8df208722'),(306,NULL,NULL,NULL,8,'craft\\elements\\MatrixBlock',1,0,'2023-06-13 08:43:30','2023-06-13 08:43:30',NULL,'2023-06-13 08:44:35','6519accb-e0e7-4915-8423-972e5635f773'),(316,NULL,NULL,NULL,9,'craft\\elements\\MatrixBlock',1,0,'2023-06-13 08:46:54','2023-06-13 08:46:54',NULL,NULL,'412d47c5-2798-4272-a7ef-929e50f8acce'),(317,NULL,NULL,NULL,9,'craft\\elements\\MatrixBlock',1,0,'2023-06-13 08:46:54','2023-06-13 09:32:40',NULL,NULL,'c642ed35-b667-4102-8107-4aeb4f3247f2'),(318,NULL,NULL,NULL,9,'craft\\elements\\MatrixBlock',1,0,'2023-06-13 08:46:54','2023-06-13 09:32:40',NULL,NULL,'813992b5-c7fd-4837-b6af-1fdec48f6a67'),(319,NULL,NULL,NULL,11,'craft\\elements\\MatrixBlock',1,0,'2023-06-13 08:46:54','2023-06-13 08:46:54',NULL,NULL,'b6c9da0e-21ac-42d3-ac57-ac1e71df9bf2'),(320,NULL,NULL,NULL,9,'craft\\elements\\MatrixBlock',1,0,'2023-06-13 08:46:54','2023-06-13 08:46:54',NULL,NULL,'47e2470f-da7b-4ec9-b5b0-a5fdfeddfc36'),(321,NULL,NULL,NULL,9,'craft\\elements\\MatrixBlock',1,0,'2023-06-13 08:46:54','2023-06-13 08:46:54',NULL,NULL,'f46bdab0-3758-4aa4-ae14-a715f9513a82'),(322,NULL,NULL,NULL,8,'craft\\elements\\MatrixBlock',1,0,'2023-06-13 08:46:54','2023-06-13 08:46:54',NULL,NULL,'97155f0c-6345-4cef-b121-763a007d6d63'),(323,NULL,NULL,NULL,9,'craft\\elements\\MatrixBlock',1,0,'2023-06-13 08:46:54','2023-06-13 08:46:54',NULL,NULL,'b779c7bb-8958-4407-b2f8-cbf23e69f21e'),(324,NULL,NULL,NULL,8,'craft\\elements\\MatrixBlock',1,0,'2023-06-13 08:46:54','2023-06-13 08:46:54',NULL,NULL,'6fa99f84-53ed-4bbe-b15d-2f80f4d41e33'),(325,35,NULL,58,4,'craft\\elements\\Entry',1,0,'2023-06-13 08:46:54','2023-06-13 08:46:54',NULL,NULL,'65521359-0f65-4544-990a-c6966a22b696'),(326,316,NULL,59,9,'craft\\elements\\MatrixBlock',1,0,'2023-06-13 08:46:54','2023-06-13 08:46:54',NULL,NULL,'214cd98c-dadd-4d60-818b-68ddc08733ac'),(327,39,NULL,60,11,'craft\\elements\\MatrixBlock',1,0,'2023-06-13 08:46:54','2023-06-13 08:46:54',NULL,NULL,'7b9027fb-693d-479d-b4d6-61a3c1dbbcba'),(328,317,NULL,61,9,'craft\\elements\\MatrixBlock',1,0,'2023-06-13 08:46:54','2023-06-13 08:46:54',NULL,NULL,'eb68b4d6-5201-4c09-8118-57f5c3d8a72f'),(329,37,NULL,62,10,'craft\\elements\\MatrixBlock',1,0,'2023-06-13 07:55:38','2023-06-13 08:46:54',NULL,NULL,'b52d362a-2855-4214-a330-259337c5ae39'),(330,318,NULL,63,9,'craft\\elements\\MatrixBlock',1,0,'2023-06-13 08:46:54','2023-06-13 08:46:54',NULL,NULL,'3c15eeda-5952-45bc-a061-08c4261074a1'),(331,319,NULL,64,11,'craft\\elements\\MatrixBlock',1,0,'2023-06-13 08:46:54','2023-06-13 08:46:54',NULL,NULL,'d6232a96-a959-40a0-81d6-10524bfae808'),(332,320,NULL,65,9,'craft\\elements\\MatrixBlock',1,0,'2023-06-13 08:46:54','2023-06-13 08:46:54',NULL,NULL,'3dcd6f20-d4ca-44d0-b5e4-af8f9c6f98e4'),(333,321,NULL,66,9,'craft\\elements\\MatrixBlock',1,0,'2023-06-13 08:46:54','2023-06-13 08:46:54',NULL,NULL,'03dea197-9b3b-4159-aa01-a6c3eddbe1de'),(334,322,NULL,67,8,'craft\\elements\\MatrixBlock',1,0,'2023-06-13 08:46:54','2023-06-13 08:46:54',NULL,NULL,'3530214d-8253-4882-b4d5-afa076a4b926'),(335,323,NULL,68,9,'craft\\elements\\MatrixBlock',1,0,'2023-06-13 08:46:54','2023-06-13 08:46:54',NULL,NULL,'9c99596c-9813-41fa-81dc-91b19dc6893d'),(336,324,NULL,69,8,'craft\\elements\\MatrixBlock',1,0,'2023-06-13 08:46:54','2023-06-13 08:46:54',NULL,NULL,'a177796f-03d4-4137-b966-82112b2c9b5d'),(339,35,NULL,70,4,'craft\\elements\\Entry',1,0,'2023-06-13 08:47:51','2023-06-13 08:47:51',NULL,NULL,'72c6d6d4-ac73-474b-b220-3398ddba5298'),(340,316,NULL,71,9,'craft\\elements\\MatrixBlock',1,0,'2023-06-13 08:46:54','2023-06-13 08:47:51',NULL,NULL,'e646a4cf-3805-4089-a1a1-62860cefea09'),(341,39,NULL,72,11,'craft\\elements\\MatrixBlock',1,0,'2023-06-13 08:47:51','2023-06-13 08:47:51',NULL,NULL,'89b61605-9e29-4046-9ee2-9fdf03f7f8da'),(342,317,NULL,73,9,'craft\\elements\\MatrixBlock',1,0,'2023-06-13 08:46:54','2023-06-13 08:47:51',NULL,NULL,'69867ddd-7cad-4245-94bc-a6b0a4ded55e'),(343,37,NULL,74,10,'craft\\elements\\MatrixBlock',1,0,'2023-06-13 07:55:38','2023-06-13 08:47:51',NULL,NULL,'40a92de8-b594-4961-8ab2-d19ab9eb6ec4'),(344,318,NULL,75,9,'craft\\elements\\MatrixBlock',1,0,'2023-06-13 08:46:54','2023-06-13 08:47:51',NULL,NULL,'8f3e45a5-837f-4e71-849a-e9255b7a77b4'),(345,319,NULL,76,11,'craft\\elements\\MatrixBlock',1,0,'2023-06-13 08:46:54','2023-06-13 08:47:51',NULL,NULL,'40d8f554-93ce-4418-afb8-667fb9069a0a'),(346,320,NULL,77,9,'craft\\elements\\MatrixBlock',1,0,'2023-06-13 08:46:54','2023-06-13 08:47:51',NULL,NULL,'6b87b31b-6fb8-45bc-8999-83687abf0bfc'),(347,321,NULL,78,9,'craft\\elements\\MatrixBlock',1,0,'2023-06-13 08:46:54','2023-06-13 08:47:51',NULL,NULL,'a8f4335f-68f5-42cc-b431-51fee98b1ec3'),(348,322,NULL,79,8,'craft\\elements\\MatrixBlock',1,0,'2023-06-13 08:46:54','2023-06-13 08:47:51',NULL,NULL,'31f5c3dd-25cf-4fc1-ac43-c91d99d6a41e'),(349,323,NULL,80,9,'craft\\elements\\MatrixBlock',1,0,'2023-06-13 08:46:54','2023-06-13 08:47:51',NULL,NULL,'82d85ae7-8c0e-42d4-a37b-2d0420d5c742'),(350,324,NULL,81,8,'craft\\elements\\MatrixBlock',1,0,'2023-06-13 08:46:54','2023-06-13 08:47:51',NULL,NULL,'50d3fa7a-d4ad-4498-ad05-8ed400b54e79'),(352,1,NULL,82,3,'craft\\elements\\Entry',1,0,'2023-06-13 08:49:36','2023-06-13 08:49:36',NULL,NULL,'d5791f4a-7cce-4cbc-af2f-bd970d93d96f'),(353,NULL,NULL,NULL,5,'craft\\elements\\Entry',1,0,'2023-06-13 08:51:17','2023-06-13 09:24:58',NULL,NULL,'e44ea57b-5dc9-46ce-9602-efd4fb63048d'),(354,NULL,NULL,NULL,2,'craft\\elements\\Asset',1,0,'2023-06-13 08:51:39','2023-06-13 08:53:09',NULL,NULL,'7fa0a872-22fb-41e2-a910-e97d4bdc2ba7'),(355,NULL,NULL,NULL,9,'craft\\elements\\MatrixBlock',1,0,'2023-06-13 08:51:56','2023-06-13 08:51:56',NULL,'2023-06-13 08:52:02','e6840389-13eb-4be1-8c38-090c977e2efd'),(356,NULL,NULL,NULL,9,'craft\\elements\\MatrixBlock',1,0,'2023-06-13 08:52:02','2023-06-13 08:52:02',NULL,'2023-06-13 08:52:03','e2021d1d-e5a6-4a53-ac06-ee0bce94d462'),(357,NULL,NULL,NULL,9,'craft\\elements\\MatrixBlock',1,0,'2023-06-13 08:52:03','2023-06-13 08:52:03',NULL,'2023-06-13 08:52:08','11a92bc2-c39b-4773-9a74-68a6031cfd67'),(358,NULL,NULL,NULL,11,'craft\\elements\\MatrixBlock',1,0,'2023-06-13 08:52:03','2023-06-13 08:52:03',NULL,'2023-06-13 08:52:08','e2eccd5a-e6dc-4c0d-8a7d-41e3bc309ad1'),(359,NULL,NULL,NULL,9,'craft\\elements\\MatrixBlock',1,0,'2023-06-13 08:52:08','2023-06-13 08:52:29',NULL,NULL,'c956f35c-6030-4df3-9120-c50733b2d1bb'),(360,NULL,NULL,NULL,11,'craft\\elements\\MatrixBlock',1,0,'2023-06-13 08:52:08','2023-06-13 08:52:08',NULL,NULL,'4edd73ed-7eea-46a8-86f0-0c263366b586'),(361,NULL,NULL,NULL,11,'craft\\elements\\MatrixBlock',1,0,'2023-06-13 08:52:43','2023-06-13 08:52:43',NULL,'2023-06-13 08:52:47','f60516a6-9ec7-4988-ad50-341ccd29c678'),(362,NULL,NULL,NULL,11,'craft\\elements\\MatrixBlock',1,0,'2023-06-13 08:52:47','2023-06-13 08:52:47',NULL,NULL,'ca38278b-10e9-4e31-96a1-5da199e978ca'),(363,353,NULL,83,5,'craft\\elements\\Entry',1,0,'2023-06-13 08:53:11','2023-06-13 08:53:11',NULL,NULL,'e4f9df80-b9e3-40ef-a166-a17eceb025ef'),(364,362,NULL,84,11,'craft\\elements\\MatrixBlock',1,0,'2023-06-13 08:52:47','2023-06-13 08:53:11',NULL,NULL,'bcc45e1f-c5f9-4ac1-9df9-a72f8142f15d'),(365,359,NULL,85,9,'craft\\elements\\MatrixBlock',1,0,'2023-06-13 08:52:29','2023-06-13 08:53:11',NULL,NULL,'c6c8114d-33a2-47b3-9169-1611572f227f'),(366,360,NULL,86,11,'craft\\elements\\MatrixBlock',1,0,'2023-06-13 08:52:08','2023-06-13 08:53:12',NULL,NULL,'a063bab4-7f5f-4b73-8f33-b6e82a42649a'),(368,353,NULL,87,5,'craft\\elements\\Entry',1,0,'2023-06-13 09:24:05','2023-06-13 09:24:05',NULL,NULL,'f87a88dd-f2fc-477f-9d39-f46ba96539d6'),(369,362,NULL,88,11,'craft\\elements\\MatrixBlock',1,0,'2023-06-13 08:52:47','2023-06-13 09:24:05',NULL,NULL,'69a11481-88ee-471c-8ec1-37c1acd32333'),(370,359,NULL,89,9,'craft\\elements\\MatrixBlock',1,0,'2023-06-13 08:52:29','2023-06-13 09:24:05',NULL,NULL,'52f79d40-e945-423a-9ced-11af7e32a3c2'),(371,360,NULL,90,11,'craft\\elements\\MatrixBlock',1,0,'2023-06-13 08:52:08','2023-06-13 09:24:05',NULL,NULL,'4959f1f8-14a1-4693-98cf-3c3cdd4b7072'),(373,353,NULL,91,5,'craft\\elements\\Entry',1,0,'2023-06-13 09:24:58','2023-06-13 09:24:58',NULL,NULL,'5df8bba6-6ab5-4be9-a6db-3a17d04066a6'),(374,362,NULL,92,11,'craft\\elements\\MatrixBlock',1,0,'2023-06-13 08:52:47','2023-06-13 09:24:58',NULL,NULL,'e8a29e74-b775-4809-8ebe-862586b55c1c'),(375,359,NULL,93,9,'craft\\elements\\MatrixBlock',1,0,'2023-06-13 08:52:29','2023-06-13 09:24:58',NULL,NULL,'ef7c92d0-41ed-4e3c-879f-5603d0c565cb'),(376,360,NULL,94,11,'craft\\elements\\MatrixBlock',1,0,'2023-06-13 08:52:08','2023-06-13 09:24:58',NULL,NULL,'b95f566b-1c1c-4a9d-8ff0-ee3124d9cd9d'),(380,NULL,NULL,NULL,11,'craft\\elements\\MatrixBlock',1,0,'2023-06-13 09:31:23','2023-06-13 09:31:23',NULL,'2023-06-13 09:31:27','0513bb45-55a5-4af5-8884-71c075b2fcea'),(381,NULL,NULL,NULL,11,'craft\\elements\\MatrixBlock',1,0,'2023-06-13 09:31:27','2023-06-13 09:31:27',NULL,'2023-06-13 09:31:38','9552a083-e15b-45df-b409-1676490d7537'),(382,NULL,NULL,NULL,11,'craft\\elements\\MatrixBlock',1,0,'2023-06-13 09:31:38','2023-06-13 09:31:38',NULL,'2023-06-13 09:31:51','bc7ccf65-fb6a-489b-9bf0-73312e073cbf'),(383,NULL,NULL,NULL,11,'craft\\elements\\MatrixBlock',1,0,'2023-06-13 09:31:51','2023-06-13 09:31:51',NULL,'2023-06-13 09:31:57','07fdf5e4-fde5-4990-9a47-ac11828557db'),(384,NULL,NULL,NULL,11,'craft\\elements\\MatrixBlock',1,0,'2023-06-13 09:31:57','2023-06-13 09:31:57',NULL,'2023-06-13 09:32:01','737f91e0-0544-49ed-bba6-f69016bcea2c'),(385,NULL,NULL,NULL,11,'craft\\elements\\MatrixBlock',1,0,'2023-06-13 09:31:57','2023-06-13 09:31:57',NULL,'2023-06-13 09:32:01','5f50021e-fc70-4499-996c-5c115f1cbd2b'),(386,NULL,NULL,NULL,11,'craft\\elements\\MatrixBlock',1,0,'2023-06-13 09:32:01','2023-06-13 09:32:01',NULL,'2023-06-13 09:32:11','7ddfb1a7-50a1-49bf-b7c4-d8b0a30bd2d5'),(387,NULL,NULL,NULL,11,'craft\\elements\\MatrixBlock',1,0,'2023-06-13 09:32:01','2023-06-13 09:32:01',NULL,'2023-06-13 09:32:11','e55cfcf5-7ce1-44c0-9290-7e7685da5044'),(388,NULL,NULL,NULL,11,'craft\\elements\\MatrixBlock',1,0,'2023-06-13 09:32:11','2023-06-13 09:32:11',NULL,'2023-06-13 09:32:16','66470368-3eed-4cff-b297-ff81525376eb'),(389,NULL,NULL,NULL,11,'craft\\elements\\MatrixBlock',1,0,'2023-06-13 09:32:11','2023-06-13 09:32:11',NULL,'2023-06-13 09:32:16','322051b0-de5a-4d1d-b4ae-9a6a7b0ff7e4'),(390,NULL,NULL,NULL,11,'craft\\elements\\MatrixBlock',1,0,'2023-06-13 09:32:11','2023-06-13 09:32:11',NULL,'2023-06-13 09:32:16','aacd9e1f-c078-41fe-bedf-45ed9a252962'),(391,NULL,NULL,NULL,11,'craft\\elements\\MatrixBlock',1,0,'2023-06-13 09:32:15','2023-06-13 09:32:15',NULL,'2023-06-13 09:32:26','0ba0fdb5-0dba-4393-9e4d-0f3fd1645c31'),(392,NULL,NULL,NULL,11,'craft\\elements\\MatrixBlock',1,0,'2023-06-13 09:32:15','2023-06-13 09:32:15',NULL,'2023-06-13 09:32:26','c9bce0b6-33d0-4f7f-916f-d62d819e6036'),(393,NULL,NULL,NULL,11,'craft\\elements\\MatrixBlock',1,0,'2023-06-13 09:32:15','2023-06-13 09:32:15',NULL,'2023-06-13 09:32:26','395896bb-dc45-4ee0-9aa6-add5efd19769'),(394,NULL,NULL,NULL,11,'craft\\elements\\MatrixBlock',1,0,'2023-06-13 09:32:26','2023-06-13 09:32:26',NULL,'2023-06-13 09:32:29','dd92803a-5fd5-4449-af7c-8635758e81be'),(395,NULL,NULL,NULL,11,'craft\\elements\\MatrixBlock',1,0,'2023-06-13 09:32:26','2023-06-13 09:32:26',NULL,'2023-06-13 09:32:29','d913199f-fc6a-4a2d-9203-b2b91baa9208'),(396,NULL,NULL,NULL,11,'craft\\elements\\MatrixBlock',1,0,'2023-06-13 09:32:26','2023-06-13 09:32:26',NULL,'2023-06-13 09:32:29','d5e208b8-3a20-4699-9430-f6231d48e1ee'),(397,NULL,NULL,NULL,11,'craft\\elements\\MatrixBlock',1,0,'2023-06-13 09:32:26','2023-06-13 09:32:26',NULL,'2023-06-13 09:32:29','ad7f591c-bc4b-445f-86d3-2d60980eb419'),(402,NULL,NULL,NULL,11,'craft\\elements\\MatrixBlock',1,0,'2023-06-13 09:32:40','2023-06-13 09:32:40',NULL,NULL,'b5a775f1-af71-4c74-a42e-61d1b821b00f'),(403,NULL,NULL,NULL,11,'craft\\elements\\MatrixBlock',1,0,'2023-06-13 09:32:40','2023-06-13 09:32:40',NULL,NULL,'47d97ce6-d2fb-4afd-a925-a1ce51621b31'),(404,NULL,NULL,NULL,11,'craft\\elements\\MatrixBlock',1,0,'2023-06-13 09:32:40','2023-06-13 09:32:40',NULL,NULL,'0556229d-2a27-4408-8942-2b1d9ac00bae'),(405,NULL,NULL,NULL,11,'craft\\elements\\MatrixBlock',1,0,'2023-06-13 09:32:40','2023-06-13 09:32:40',NULL,NULL,'41f20e58-a409-4170-94a8-aa4ae9df1889'),(406,35,NULL,95,4,'craft\\elements\\Entry',1,0,'2023-06-13 09:32:40','2023-06-13 09:32:40',NULL,NULL,'6ba06156-c046-4bda-b045-7f19ec39ba57'),(407,316,NULL,96,9,'craft\\elements\\MatrixBlock',1,0,'2023-06-13 08:46:54','2023-06-13 09:32:40',NULL,NULL,'969f4bd6-acfe-40f5-b8f3-a2d5b57d0a8c'),(408,39,NULL,97,11,'craft\\elements\\MatrixBlock',1,0,'2023-06-13 08:47:51','2023-06-13 09:32:41',NULL,NULL,'7322a4a0-bfe5-40d1-9dd9-da4c5361c2bd'),(409,318,NULL,98,9,'craft\\elements\\MatrixBlock',1,0,'2023-06-13 09:32:40','2023-06-13 09:32:41',NULL,NULL,'9b1a0e64-2882-4a17-a7dd-73f4552c7b13'),(410,319,NULL,99,11,'craft\\elements\\MatrixBlock',1,0,'2023-06-13 08:46:54','2023-06-13 09:32:41',NULL,NULL,'7792a05c-e663-4069-987f-3f18163702a8'),(411,317,NULL,100,9,'craft\\elements\\MatrixBlock',1,0,'2023-06-13 09:32:40','2023-06-13 09:32:41',NULL,NULL,'ea6d3a63-efa2-48dc-a832-20fe26d7aa74'),(412,37,NULL,101,10,'craft\\elements\\MatrixBlock',1,0,'2023-06-13 07:55:38','2023-06-13 09:32:41',NULL,NULL,'2530b23f-3b85-408d-8652-0514309b125b'),(413,320,NULL,102,9,'craft\\elements\\MatrixBlock',1,0,'2023-06-13 08:46:54','2023-06-13 09:32:41',NULL,NULL,'71360942-b2d2-411c-8c16-30ec047417d7'),(414,321,NULL,103,9,'craft\\elements\\MatrixBlock',1,0,'2023-06-13 08:46:54','2023-06-13 09:32:41',NULL,NULL,'f1639fd7-448b-4395-9ba0-9e213f1d03e8'),(415,402,NULL,104,11,'craft\\elements\\MatrixBlock',1,0,'2023-06-13 09:32:40','2023-06-13 09:32:41',NULL,NULL,'e2f6aca6-bcb0-43ba-a799-bdc18b684838'),(416,322,NULL,105,8,'craft\\elements\\MatrixBlock',1,0,'2023-06-13 08:46:54','2023-06-13 09:32:41',NULL,NULL,'a3617f64-7c17-4159-b98e-fd292c668457'),(417,403,NULL,106,11,'craft\\elements\\MatrixBlock',1,0,'2023-06-13 09:32:40','2023-06-13 09:32:41',NULL,NULL,'0d6d81e7-f93b-4067-82d9-15a45daee54a'),(418,323,NULL,107,9,'craft\\elements\\MatrixBlock',1,0,'2023-06-13 08:46:54','2023-06-13 09:32:41',NULL,NULL,'7ea6d8a6-ca65-49b4-a035-0d815a81377b'),(419,404,NULL,108,11,'craft\\elements\\MatrixBlock',1,0,'2023-06-13 09:32:40','2023-06-13 09:32:41',NULL,NULL,'cb916b33-f66a-4f63-892e-0962606cb418'),(420,324,NULL,109,8,'craft\\elements\\MatrixBlock',1,0,'2023-06-13 08:46:54','2023-06-13 09:32:41',NULL,NULL,'6841e7f8-1310-4f55-9487-4234b1e713bf'),(421,405,NULL,110,11,'craft\\elements\\MatrixBlock',1,0,'2023-06-13 09:32:40','2023-06-13 09:32:41',NULL,NULL,'497cf524-6a65-45f2-adf9-d3f097b49622');
/*!40000 ALTER TABLE `elements` ENABLE KEYS */;
UNLOCK TABLES;
commit;

--
-- Dumping data for table `elements_sites`
--

LOCK TABLES `elements_sites` WRITE;
/*!40000 ALTER TABLE `elements_sites` DISABLE KEYS */;
set autocommit=0;
INSERT INTO `elements_sites` VALUES (1,1,1,'home','__home__',1,'2023-06-11 14:31:23','2023-06-11 14:31:23','3f6c1e1b-a076-4380-af01-3f2e87ec9b18'),(2,1,2,'home','__home__',1,'2023-06-11 14:31:23','2023-06-11 14:31:23','cac1816f-d6b5-4efa-afa1-519804bda321'),(3,2,1,'home','__home__',1,'2023-06-11 14:31:23','2023-06-11 14:31:23','7d3d7d2c-933c-4c5a-8a05-1e638e98bc8f'),(4,2,2,'home','__home__',1,'2023-06-11 14:31:23','2023-06-11 14:31:23','0ebc1e33-6b06-4b2e-81a4-0c8e346428e6'),(5,3,2,'home','__home__',1,'2023-06-11 14:31:23','2023-06-11 14:31:23','821137e8-4ef4-4659-88e0-f4a23cbe64e0'),(6,3,1,'home','__home__',1,'2023-06-11 14:31:23','2023-06-11 14:31:23','c449ed66-b437-4e61-aaf4-99d68ba96ecb'),(7,4,1,'site-info-global-settings',NULL,1,'2023-06-11 14:31:23','2023-06-11 14:31:23','3da5121a-f61f-4a34-a00f-65fd66a40e7d'),(8,4,2,'site-info-global-settings',NULL,1,'2023-06-11 14:31:23','2023-06-11 14:31:23','d1e6fa45-41d3-4b19-b06a-606a2afbee60'),(9,5,1,'site-info-global-settings',NULL,1,'2023-06-11 14:31:23','2023-06-11 14:31:23','1e888661-cfd6-4433-80bd-fc3c59c35555'),(10,5,2,'site-info-global-settings',NULL,1,'2023-06-11 14:31:23','2023-06-11 14:31:23','ef5f8ed2-5b1c-42a8-93c6-f2016fec58f8'),(11,6,1,'site-info-global-settings',NULL,1,'2023-06-11 14:31:23','2023-06-11 14:31:23','82cfa3fc-fa93-44a6-93a3-6ad8c3501434'),(12,6,2,'site-info-global-settings',NULL,1,'2023-06-11 14:31:23','2023-06-11 14:31:23','03d2845e-9d93-49a1-9503-a20e23cf303a'),(13,7,1,'home','__home__',1,'2023-06-11 14:31:24','2023-06-11 14:31:24','679ae298-60a2-436b-8779-a3c800f1bde3'),(14,7,2,'home','__home__',1,'2023-06-11 14:31:24','2023-06-11 14:31:24','34e5e76e-5fc2-4669-b394-d8d44e43b889'),(15,8,1,'home','__home__',1,'2023-06-11 14:31:24','2023-06-11 14:31:24','9a1c558a-f9f6-48bd-b815-a6f3d3b6c05e'),(16,8,2,'home','__home__',1,'2023-06-11 14:31:24','2023-06-11 14:31:24','ea082e30-2f08-40d7-8134-18bbb96837ba'),(17,9,1,'site-info-global-settings',NULL,1,'2023-06-11 14:31:24','2023-06-11 14:31:24','4b92f572-08be-4046-965f-a03241c52040'),(18,9,2,'site-info-global-settings',NULL,1,'2023-06-11 14:31:24','2023-06-11 14:31:24','cd50aa18-e899-4c25-8380-579ffa5c2aa0'),(19,10,1,'site-info-global-settings',NULL,1,'2023-06-11 14:31:24','2023-06-11 14:31:24','bbb7f059-5515-4bb1-a6bb-278107baff67'),(20,10,2,'site-info-global-settings',NULL,1,'2023-06-11 14:31:24','2023-06-11 14:31:24','24d302fa-7b37-4753-940f-5d5aabfb72a8'),(21,11,1,NULL,NULL,1,'2023-06-11 14:31:24','2023-06-11 14:31:24','36c2f210-198e-4c26-bda8-a16d106db943'),(22,12,1,'five-things-elevator','posts/five-things-elevator',1,'2023-06-11 14:31:40','2023-06-11 14:31:40','36bbec68-8415-4a06-9b67-203b4af43ec0'),(23,12,2,'tun-sie-diese-fuenf-dinge-in-einem-aufzug','beitraege/tun-sie-diese-fuenf-dinge-in-einem-aufzug',1,'2023-06-11 14:31:40','2023-06-13 08:10:31','c9e154fc-6eff-4c59-a77b-4f14ad80c203'),(24,13,1,NULL,NULL,1,'2023-06-11 14:31:40','2023-06-11 14:31:40','2569e68f-035d-4cd8-bc34-d514da8be2f0'),(25,13,2,NULL,NULL,1,'2023-06-11 14:31:40','2023-06-11 14:31:40','1d29d128-3e3b-4954-baf4-1c62a5329b2f'),(26,14,1,'five-things-elevator','posts/five-things-elevator',1,'2023-06-11 14:31:40','2023-06-11 14:31:40','302fa840-9ea6-44d9-96d9-2d4f221659bb'),(27,14,2,'five-things-elevator','beitraege/five-things-elevator',1,'2023-06-11 14:31:40','2023-06-11 14:31:40','35391f8c-c208-4ac4-ac51-e02cb1321a01'),(28,15,1,NULL,NULL,1,'2023-06-11 14:31:40','2023-06-11 14:31:40','fb125e6f-3f92-4a4a-91bc-08df34c9ffc6'),(29,15,2,NULL,NULL,1,'2023-06-11 14:31:40','2023-06-11 14:31:40','bc62a3df-50fa-4afe-ad10-65f03bfdb878'),(30,16,1,'trick-save-money-dining-out','posts/trick-save-money-dining-out',1,'2023-06-11 14:31:40','2023-06-11 14:31:40','af2a681f-352a-4360-9374-0d29233256a7'),(31,16,2,'mit-diesem-trick-koennen-sie-beim-essengehen-geld-sparen','beitraege/mit-diesem-trick-koennen-sie-beim-essengehen-geld-sparen',1,'2023-06-11 14:31:40','2023-06-13 08:08:25','9550ac69-230d-4788-8b10-8e204b79b050'),(32,17,1,NULL,NULL,1,'2023-06-11 14:31:40','2023-06-11 14:31:40','198d439c-9c65-4c77-ad16-8670fc96d0e2'),(33,17,2,NULL,NULL,1,'2023-06-11 14:31:40','2023-06-11 14:31:40','4dc5c865-feea-4719-9bc8-ca4dc2a312c9'),(34,18,1,'trick-save-money-dining-out','posts/trick-save-money-dining-out',1,'2023-06-11 14:31:40','2023-06-11 14:31:40','42364aa4-d8c0-4db5-811c-ba469a3e5000'),(35,18,2,'trick-save-money-dining-out','beitraege/trick-save-money-dining-out',1,'2023-06-11 14:31:40','2023-06-11 14:31:40','f247d58f-375c-46bd-a3e7-4c43a1fd1375'),(36,19,1,NULL,NULL,1,'2023-06-11 14:31:40','2023-06-11 14:31:40','ade597d9-42ae-4c3c-81d8-acf024a5571b'),(37,19,2,NULL,NULL,1,'2023-06-11 14:31:40','2023-06-11 14:31:40','ccda3b17-6a6a-4807-8df3-b577adb08890'),(38,20,1,'dont-leave-home-without-quote','posts/dont-leave-home-without-quote',1,'2023-06-11 14:31:41','2023-06-11 14:31:41','61e21979-06c9-470f-a412-ad152f1d2164'),(39,20,2,'gehen-sie-nicht-ohne-dieses-zitat-aus-dem-haus','beitraege/gehen-sie-nicht-ohne-dieses-zitat-aus-dem-haus',1,'2023-06-11 14:31:41','2023-06-13 08:09:30','9b9a7f62-8f02-42ff-83b4-ee1d393fcbd6'),(40,21,1,NULL,NULL,1,'2023-06-11 14:31:41','2023-06-11 14:31:41','eb309431-517c-4c4f-96fa-a38dfda1ebc9'),(41,21,2,NULL,NULL,1,'2023-06-11 14:31:41','2023-06-11 14:31:41','b788d04f-c298-4090-b1f1-ac3659309c81'),(42,22,1,NULL,NULL,1,'2023-06-11 14:31:41','2023-06-11 14:31:41','7b557f60-451e-41be-b79b-7c800d26b7aa'),(43,22,2,NULL,NULL,1,'2023-06-11 14:31:41','2023-06-11 14:31:41','f63fa1a3-48c2-4ee2-80c3-16b2b2ee605e'),(44,23,1,'dont-leave-home-without-quote','posts/dont-leave-home-without-quote',1,'2023-06-11 14:31:41','2023-06-11 14:31:41','777e16f3-f4c9-48b5-893e-ecabf9ba7634'),(45,23,2,'dont-leave-home-without-quote','beitraege/dont-leave-home-without-quote',1,'2023-06-11 14:31:41','2023-06-11 14:31:41','0703a551-843e-4a56-9306-b2a03e602acc'),(46,24,1,NULL,NULL,1,'2023-06-11 14:31:41','2023-06-11 14:31:41','b0a3317d-28d4-4097-9e7c-331d370c96bd'),(47,24,2,NULL,NULL,1,'2023-06-11 14:31:41','2023-06-11 14:31:41','d2ae938d-4efb-4ed4-a780-8a0ffbe4173f'),(48,25,1,NULL,NULL,1,'2023-06-11 14:31:41','2023-06-11 14:31:41','3df28bec-59a1-4026-9e18-9fa7a215f1db'),(49,25,2,NULL,NULL,1,'2023-06-11 14:31:41','2023-06-11 14:31:41','76defe6d-e035-4404-a98e-09f9c8b501ee'),(50,26,2,'beitraege','beitraege',1,'2023-06-11 14:31:41','2023-06-11 14:32:05','e40511a2-04db-4aa1-888b-f85a92a799e9'),(51,26,1,'posts','posts',1,'2023-06-11 14:31:41','2023-06-11 14:32:05','ad4545d5-da12-4394-96e5-45b376c1ec75'),(52,27,2,'posts','posts',1,'2023-06-11 14:31:41','2023-06-11 14:31:41','5e37d2e1-aa2a-4335-9b1b-cfb3798eb560'),(53,27,1,'posts','posts',1,'2023-06-11 14:31:41','2023-06-11 14:31:41','871fbb94-3677-4178-ab90-a834a83b99a1'),(54,28,2,'beitraege','beitraege',1,'2023-06-11 14:31:41','2023-06-11 14:31:41','e1054292-76f3-4558-a399-c27a2fab0b19'),(55,28,1,'posts','posts',1,'2023-06-11 14:31:41','2023-06-11 14:31:41','ea7b3f62-4e17-48a9-a69b-c04ca3e3b16a'),(56,29,1,'site-info-global-settings',NULL,1,'2023-06-11 14:31:41','2023-06-11 14:31:41','b022001d-cab5-40fa-be90-833f71d32769'),(57,29,2,'site-info-global-settings',NULL,1,'2023-06-11 14:31:41','2023-06-11 14:31:41','8a9d6391-db4f-48dc-900a-38323133c6e7'),(58,30,1,NULL,NULL,1,'2023-06-11 14:35:02','2023-06-11 14:35:02','6a0c5fae-cd13-41a4-9aef-6f96dd29a4f2'),(59,30,2,NULL,NULL,1,'2023-06-11 14:35:02','2023-06-11 14:35:02','aa54edce-73bf-4db8-8404-118cbab20719'),(60,31,1,NULL,NULL,1,'2023-06-11 14:35:41','2023-06-11 14:35:41','65dc486d-1a88-44d2-a5e1-2e974b13b2f1'),(61,31,2,NULL,NULL,1,'2023-06-11 14:35:41','2023-06-11 14:35:41','fb3e7ab9-5525-439f-9c2d-4aef39de5bac'),(64,33,2,'five-things-elevator','beitraege/five-things-elevator',1,'2023-06-11 14:36:25','2023-06-11 14:36:25','f780d622-ce9b-454a-99b9-5014d9395979'),(65,33,1,'five-things-elevator','posts/five-things-elevator',1,'2023-06-11 14:36:25','2023-06-11 14:36:25','1ebd49d4-e466-473c-b7c4-61138043c885'),(66,34,2,NULL,NULL,1,'2023-06-11 14:36:25','2023-06-11 14:36:25','fa27ee2a-4e02-4a38-8800-ec9294512f5b'),(67,34,1,NULL,NULL,1,'2023-06-11 14:36:25','2023-06-11 14:36:25','2f190e2b-497c-4cd0-81e4-ca979d7c19d2'),(68,35,2,'block-beispiele','beitraege/block-beispiele',1,'2023-06-11 14:47:10','2023-06-13 08:46:54','562d5cca-ff45-4320-9a0c-158e2d435e5f'),(69,35,1,'block-samples','posts/block-samples',1,'2023-06-11 14:47:10','2023-06-13 08:46:54','f77a9c1c-e752-442b-baf7-15128460b211'),(70,36,2,NULL,NULL,1,'2023-06-11 14:47:32','2023-06-11 14:47:32','66c67421-ff9f-4798-9229-501cab008c45'),(71,36,1,NULL,NULL,1,'2023-06-11 14:47:32','2023-06-11 14:47:32','b91cdd16-be29-4f30-80ef-ec01828fb94f'),(72,37,2,NULL,NULL,1,'2023-06-11 14:47:36','2023-06-11 14:47:36','a3dde23e-32e9-4e2b-b646-87e693db8ded'),(73,37,1,NULL,NULL,1,'2023-06-11 14:47:36','2023-06-11 14:47:36','1a530e65-2e37-4f63-8859-31e02f1797ee'),(74,38,2,NULL,NULL,1,'2023-06-11 14:49:20','2023-06-11 14:49:20','35f868bb-d9f3-43c3-98b7-8d69ac399375'),(75,38,1,NULL,NULL,1,'2023-06-11 14:49:20','2023-06-11 14:49:20','ccef3220-effa-4e67-ab2c-3e189ec00ab9'),(76,39,2,NULL,NULL,1,'2023-06-11 14:49:24','2023-06-11 14:49:24','85f4c821-92da-4f07-a67d-2df06623bc5b'),(77,39,1,NULL,NULL,1,'2023-06-11 14:49:24','2023-06-11 14:49:24','12d8984d-148a-4618-8a6c-0024656f7ff7'),(78,40,2,'mein-erster-beitrag','beitraege/mein-erster-beitrag',1,'2023-06-11 14:55:50','2023-06-11 14:55:50','09dd92f8-e06f-450b-ab84-3829994fc0fb'),(79,40,1,'mein-erster-beitrag','posts/mein-erster-beitrag',1,'2023-06-11 14:55:50','2023-06-11 14:55:50','3eaf88b0-7e40-4d39-b0e2-04de2fc239e6'),(80,41,2,NULL,NULL,1,'2023-06-11 14:55:50','2023-06-11 14:55:50','d1209729-d03e-4f91-8e61-337649bfb17e'),(81,41,1,NULL,NULL,1,'2023-06-11 14:55:50','2023-06-11 14:55:50','8083fb9b-01a6-4a82-82bf-3bcbd07775ac'),(82,42,2,NULL,NULL,1,'2023-06-11 14:55:50','2023-06-11 14:55:50','dcfb5ef7-610f-423e-919d-57f3581d46ff'),(83,42,1,NULL,NULL,1,'2023-06-11 14:55:50','2023-06-11 14:55:50','5837376a-3cc0-4ae6-9bed-c0e4e2190e4e'),(86,44,1,'home','__home__',1,'2023-06-12 08:29:08','2023-06-12 08:29:08','80380308-e283-4619-b24a-8e5af13fe29e'),(87,44,2,'home','__home__',1,'2023-06-12 08:29:08','2023-06-12 08:29:08','49fdbaa6-4df8-4457-874e-1149b18a696c'),(88,45,1,NULL,NULL,1,'2023-06-12 08:32:25','2023-06-12 08:32:25','61e39529-2519-42bc-b43a-e181570f4a1b'),(89,45,2,NULL,NULL,1,'2023-06-12 08:32:25','2023-06-12 08:32:25','9c253612-c88a-474e-a48b-00473ada2a8a'),(90,46,1,'site-info-global-settings',NULL,1,'2023-06-12 08:51:30','2023-06-12 08:51:30','c4ee589b-f75f-482d-8ea7-6294e68386e1'),(91,46,2,'site-info-global-settings',NULL,1,'2023-06-12 08:51:30','2023-06-12 08:51:30','b217621c-155f-495a-bbf4-66004b533465'),(94,48,1,'site-info-global-settings',NULL,1,'2023-06-12 08:51:42','2023-06-12 08:51:42','c34443f1-14c2-48d4-a3ec-67bed127e09f'),(95,48,2,'site-info-global-settings',NULL,1,'2023-06-12 08:51:42','2023-06-12 08:51:42','20912617-be33-4793-b830-a94fdf01204d'),(98,50,1,NULL,NULL,1,'2023-06-12 08:52:50','2023-06-12 08:52:50','a9648e6b-f1ca-4403-9d09-f5d55da7136e'),(99,50,2,NULL,NULL,1,'2023-06-12 08:52:51','2023-06-12 08:52:51','a3772ef2-599e-4363-83fe-6b1d47c8a469'),(100,51,2,'site-info-global-settings',NULL,1,'2023-06-12 08:53:25','2023-06-12 08:53:25','a4496af1-982a-4f12-b087-e0120c3773a2'),(101,51,1,'site-info-global-settings',NULL,1,'2023-06-12 08:53:25','2023-06-12 08:53:25','bd772c0b-3a51-4887-ac7a-71e380bad376'),(104,53,1,NULL,NULL,1,'2023-06-12 09:02:05','2023-06-12 09:02:05','17383dad-cfe1-4d65-b049-1df9f3dcc2a1'),(105,53,2,NULL,NULL,1,'2023-06-12 09:02:05','2023-06-12 09:02:05','5783c342-f189-40e5-b53f-c9f497f02954'),(106,54,1,'mein-erster-beitrag','posts/mein-erster-beitrag',1,'2023-06-12 09:02:49','2023-06-12 09:02:49','5e1f31d1-43c9-4aaf-94ea-7cc320b29ec2'),(107,54,2,'mein-erster-beitrag','beitraege/mein-erster-beitrag',1,'2023-06-12 09:02:49','2023-06-12 09:02:49','6149be0a-8838-4276-b3eb-3c3c039bbddd'),(108,55,1,NULL,NULL,1,'2023-06-12 09:02:49','2023-06-12 09:02:49','8199de58-e42c-4ec1-84dd-99ccadf5d7e5'),(109,55,2,NULL,NULL,1,'2023-06-12 09:02:49','2023-06-12 09:02:49','5e22e650-6e67-49dc-9ac8-4ba466d70505'),(110,56,1,NULL,NULL,1,'2023-06-12 09:02:49','2023-06-12 09:02:49','6f083e1c-f346-4ec8-b636-80992df8eafd'),(111,56,2,NULL,NULL,1,'2023-06-12 09:02:49','2023-06-12 09:02:49','1523d5d0-9304-453a-88bc-ef8a674de779'),(116,59,1,'mein-erster-beitrag','posts/mein-erster-beitrag',1,'2023-06-13 07:47:45','2023-06-13 07:47:45','d1ae62bf-dc2d-4b86-8d9d-72ab59c64964'),(117,59,2,'mein-erster-beitrag','beitraege/mein-erster-beitrag',1,'2023-06-13 07:47:45','2023-06-13 07:47:45','dd048df7-736b-4225-8695-07bc9a7693ba'),(118,60,1,NULL,NULL,1,'2023-06-13 07:47:45','2023-06-13 07:47:45','bea365e8-85d0-4be9-b6a8-fa41f458285e'),(119,60,2,NULL,NULL,1,'2023-06-13 07:47:45','2023-06-13 07:47:45','b61ea243-b46c-46c9-b942-beae0a6b1272'),(120,61,1,NULL,NULL,1,'2023-06-13 07:47:45','2023-06-13 07:47:45','dba3bbe8-0ed1-4c5b-b998-c7a2fd07cf80'),(121,61,2,NULL,NULL,1,'2023-06-13 07:47:45','2023-06-13 07:47:45','938a4c95-e23d-4475-a4bb-d4fd32c230c5'),(126,64,2,'mein-erster-beitrag','beitraege/mein-erster-beitrag',1,'2023-06-13 07:55:38','2023-06-13 07:55:38','ecb82b18-d187-4d98-b3e8-396d7884003d'),(127,64,1,'mein-erster-beitrag','posts/mein-erster-beitrag',1,'2023-06-13 07:55:38','2023-06-13 07:55:38','87e3a5d8-922a-4594-9f12-6decf875f582'),(128,65,2,NULL,NULL,1,'2023-06-13 07:55:38','2023-06-13 07:55:38','a53b4441-8335-41f8-8004-b6c5d206b246'),(129,65,1,NULL,NULL,1,'2023-06-13 07:55:38','2023-06-13 07:55:38','e76dcd15-3c8f-46e0-8889-6dda39417d9e'),(130,66,2,NULL,NULL,1,'2023-06-13 07:55:38','2023-06-13 07:55:38','a2b629a8-5b2a-4b9b-a36c-d8b9ccd37669'),(131,66,1,NULL,NULL,1,'2023-06-13 07:55:38','2023-06-13 07:55:38','8e91c1d7-5c0c-4b0e-9188-2fbd9f4f5774'),(134,68,1,NULL,NULL,1,'2023-06-13 07:57:32','2023-06-13 07:57:32','232583d9-4b64-415a-9790-09c4e2e658fd'),(135,68,2,NULL,NULL,1,'2023-06-13 07:57:32','2023-06-13 07:57:32','781c0694-8b62-4a92-ac78-1c4fea584f49'),(136,69,1,'five-things-elevator','posts/five-things-elevator',1,'2023-06-13 07:58:23','2023-06-13 07:58:23','6256a67d-4c6f-4de7-9e2b-cb371858a011'),(137,69,2,'five-things-elevator','beitraege/five-things-elevator',1,'2023-06-13 07:58:23','2023-06-13 07:58:23','239398d3-7324-4aa7-8ef5-fe83dbbfbdd7'),(138,70,1,NULL,NULL,1,'2023-06-13 07:58:23','2023-06-13 07:58:23','7dbc20ce-adc6-480c-826d-4afffe8d6850'),(139,70,2,NULL,NULL,1,'2023-06-13 07:58:23','2023-06-13 07:58:23','b3e90b3b-1217-4a26-92d9-361890a486d3'),(140,71,1,NULL,NULL,1,'2023-06-13 08:06:14','2023-06-13 08:06:14','70cb5bdf-7fc5-45ff-b7af-6200043810d5'),(141,71,2,NULL,NULL,1,'2023-06-13 08:06:14','2023-06-13 08:06:14','e809dc65-0aca-440f-973c-4993877502d6'),(146,74,2,'mit-diesem-trick-koennen-sie-beim-essengehen-geld-sparen','beitraege/mit-diesem-trick-koennen-sie-beim-essengehen-geld-sparen',1,'2023-06-13 08:08:25','2023-06-13 08:08:25','c639934a-3163-480d-9181-27c62bedeb6c'),(147,74,1,'trick-save-money-dining-out','posts/trick-save-money-dining-out',1,'2023-06-13 08:08:25','2023-06-13 08:08:25','9204b0fa-0406-474b-9afd-3920ef7d8a7f'),(148,75,2,NULL,NULL,1,'2023-06-13 08:08:25','2023-06-13 08:08:25','afc5ff0c-ab24-43d6-b037-2e64f3706007'),(149,75,1,NULL,NULL,1,'2023-06-13 08:08:25','2023-06-13 08:08:25','63c2d797-c95e-4c99-a9b1-b7edb5f19b14'),(156,79,2,'dont-leave-home-without-this-quote','beitraege/dont-leave-home-without-this-quote',1,'2023-06-13 08:09:00','2023-06-13 08:09:00','7a59b324-8197-47d6-b7ee-0d96f2da9a33'),(157,79,1,'dont-leave-home-without-quote','posts/dont-leave-home-without-quote',1,'2023-06-13 08:09:00','2023-06-13 08:09:00','3521e70e-d4d9-402b-b87e-52f9ecc59b93'),(158,80,2,NULL,NULL,1,'2023-06-13 08:09:00','2023-06-13 08:09:00','06657397-9171-4be3-a0af-41e14dcb5293'),(159,80,1,NULL,NULL,1,'2023-06-13 08:09:00','2023-06-13 08:09:00','c3baf35b-1a2d-49c5-9f71-9eeab9aa6bc4'),(160,81,2,NULL,NULL,1,'2023-06-13 08:09:00','2023-06-13 08:09:00','fd335494-4750-4fdd-b488-4d8d82a354ee'),(161,81,1,NULL,NULL,1,'2023-06-13 08:09:00','2023-06-13 08:09:00','a883b50c-058e-412c-8608-ace941b29dfa'),(164,83,2,'gehen-sie-nicht-ohne-dieses-zitat-aus-dem-haus','beitraege/gehen-sie-nicht-ohne-dieses-zitat-aus-dem-haus',1,'2023-06-13 08:09:30','2023-06-13 08:09:30','9ea41a5c-7024-4905-8cbb-ac1d89d842d9'),(165,83,1,'dont-leave-home-without-quote','posts/dont-leave-home-without-quote',1,'2023-06-13 08:09:30','2023-06-13 08:09:30','964da6fa-ab93-4985-a001-2d5b7bd52322'),(166,84,2,NULL,NULL,1,'2023-06-13 08:09:30','2023-06-13 08:09:30','73c5c7a9-554d-46ef-9421-871b3ae55431'),(167,84,1,NULL,NULL,1,'2023-06-13 08:09:30','2023-06-13 08:09:30','b3747ec0-ddeb-410d-9705-4c3476dd8314'),(168,85,2,NULL,NULL,1,'2023-06-13 08:09:30','2023-06-13 08:09:30','90dce5a1-154d-4dba-9b64-948f06970ac9'),(169,85,1,NULL,NULL,1,'2023-06-13 08:09:30','2023-06-13 08:09:30','e04f463e-e0de-4d59-9077-a8775b26b504'),(174,88,2,'tun-sie-diese-fuenf-dinge-in-einem-aufzug','beitraege/tun-sie-diese-fuenf-dinge-in-einem-aufzug',1,'2023-06-13 08:10:31','2023-06-13 08:10:31','5928194d-acb9-4589-bcd3-f3caa5b33716'),(175,88,1,'five-things-elevator','posts/five-things-elevator',1,'2023-06-13 08:10:31','2023-06-13 08:10:31','81df3088-5273-4169-8d01-64527ec8e13e'),(176,89,2,NULL,NULL,1,'2023-06-13 08:10:31','2023-06-13 08:10:31','157ea8aa-1452-4a2f-80fb-3cca57a2afeb'),(177,89,1,NULL,NULL,1,'2023-06-13 08:10:31','2023-06-13 08:10:31','94297f36-506a-4328-aee0-f680cafd96ea'),(180,91,1,'my-first-post','posts/my-first-post',1,'2023-06-13 08:12:04','2023-06-13 08:12:04','1ac3b7a9-a461-47c3-bd10-a19c8f4e30e5'),(181,91,2,'mein-erster-beitrag','beitraege/mein-erster-beitrag',1,'2023-06-13 08:12:04','2023-06-13 08:12:04','820e692b-2f42-4e9b-ad6c-9b9ad5d1fb69'),(182,92,1,NULL,NULL,1,'2023-06-13 08:12:04','2023-06-13 08:12:04','ccc0a075-5441-495f-ad8e-614162ae411e'),(183,92,2,NULL,NULL,1,'2023-06-13 08:12:04','2023-06-13 08:12:04','34c93e2c-af54-42cb-816f-ffb334b3acb0'),(184,93,1,NULL,NULL,1,'2023-06-13 08:12:04','2023-06-13 08:12:04','3be4cf9f-ec8d-4361-970b-45fda136450e'),(185,93,2,NULL,NULL,1,'2023-06-13 08:12:04','2023-06-13 08:12:04','54caaf54-9552-4946-ad4a-f268cbc8dacf'),(192,97,2,'gehen-sie-nicht-ohne-dieses-zitat-aus-dem-haus','beitraege/gehen-sie-nicht-ohne-dieses-zitat-aus-dem-haus',1,'2023-06-13 08:24:03','2023-06-13 08:24:03','646a0187-fcb8-49ea-9dfa-023e218398c1'),(193,97,1,'dont-leave-home-without-quote','posts/dont-leave-home-without-quote',1,'2023-06-13 08:24:03','2023-06-13 08:24:03','a678a507-04dc-4e91-91cf-f715c96ff21b'),(194,98,2,NULL,NULL,1,'2023-06-13 08:24:03','2023-06-13 08:24:03','f5aa473a-6045-47ba-a25b-a298d7007ec7'),(195,98,1,NULL,NULL,1,'2023-06-13 08:24:03','2023-06-13 08:24:03','94202c40-a0fa-447d-8cc8-2edfa969d6c3'),(196,99,2,NULL,NULL,1,'2023-06-13 08:24:03','2023-06-13 08:24:03','80013f12-a373-4f19-96ce-ec682b747656'),(197,99,1,NULL,NULL,1,'2023-06-13 08:24:03','2023-06-13 08:24:03','d4859929-a4e6-4366-93f8-fa5bffaf1f29'),(202,102,1,NULL,NULL,1,'2023-06-13 08:31:38','2023-06-13 08:31:38','0d31fa85-8113-452c-8e27-33fdf00a7918'),(203,102,2,NULL,NULL,1,'2023-06-13 08:31:38','2023-06-13 08:31:38','c454e389-3ca9-4cff-aaad-c8f6bbb1b5eb'),(204,103,1,'dont-leave-home-without-quote','posts/dont-leave-home-without-quote',1,'2023-06-13 08:32:03','2023-06-13 08:32:03','8c989246-a66f-475e-b27f-78c069c40545'),(205,103,2,'gehen-sie-nicht-ohne-dieses-zitat-aus-dem-haus','beitraege/gehen-sie-nicht-ohne-dieses-zitat-aus-dem-haus',1,'2023-06-13 08:32:03','2023-06-13 08:32:03','7c7df96d-c9e6-4924-8b5c-cbe1eb8ce2fe'),(206,104,1,NULL,NULL,1,'2023-06-13 08:32:03','2023-06-13 08:32:03','3955996e-f4a9-4004-9016-ccb638a96e3b'),(207,104,2,NULL,NULL,1,'2023-06-13 08:32:03','2023-06-13 08:32:03','78d0ee28-3a73-4896-87eb-0bc514e6bdc9'),(208,105,1,NULL,NULL,1,'2023-06-13 08:32:03','2023-06-13 08:32:03','1e27c38e-e7a9-4fb0-a04e-f6a8f245c285'),(209,105,2,NULL,NULL,1,'2023-06-13 08:32:03','2023-06-13 08:32:03','0e96b8f8-2198-484c-a52f-83f50371527a'),(212,107,1,NULL,NULL,1,'2023-06-13 08:39:13','2023-06-13 08:39:13','e331bd5a-830b-4e56-85f5-b0116f516331'),(213,107,2,NULL,NULL,1,'2023-06-13 08:39:13','2023-06-13 08:39:13','11ac2bc3-950b-4145-9c4a-c4a81355c9fb'),(214,108,1,NULL,NULL,1,'2023-06-13 08:39:19','2023-06-13 08:39:19','7f02dd59-f161-4dde-ac8b-99882d0e3822'),(215,108,2,NULL,NULL,1,'2023-06-13 08:39:19','2023-06-13 08:39:19','c298b154-09b8-4a1a-b876-fd002d2c2d78'),(216,109,1,NULL,NULL,1,'2023-06-13 08:39:22','2023-06-13 08:39:22','da2320b0-8ff4-4440-81ca-6b13cc5d69fb'),(217,109,2,NULL,NULL,1,'2023-06-13 08:39:22','2023-06-13 08:39:22','fc6573a6-d309-4407-83bb-56c4517497c6'),(218,110,1,NULL,NULL,1,'2023-06-13 08:39:22','2023-06-13 08:39:22','ef587be2-1a0b-4b2f-85a4-ad9b66faeccb'),(219,110,2,NULL,NULL,1,'2023-06-13 08:39:22','2023-06-13 08:39:22','486e9f69-8441-43d3-99e6-5f7aa008f69e'),(220,111,1,NULL,NULL,1,'2023-06-13 08:39:28','2023-06-13 08:39:28','6503d5a2-1c87-458b-a89d-e0c32ec3ec8e'),(221,111,2,NULL,NULL,1,'2023-06-13 08:39:28','2023-06-13 08:39:28','ed9f165c-9345-4c6c-a0b4-e66bcb5e76a9'),(222,112,1,NULL,NULL,1,'2023-06-13 08:39:28','2023-06-13 08:39:28','43b7b9f1-720a-404a-981d-221e99b80c72'),(223,112,2,NULL,NULL,1,'2023-06-13 08:39:28','2023-06-13 08:39:28','6517aa18-7b4c-404b-8618-d9ed309e7917'),(224,113,1,NULL,NULL,1,'2023-06-13 08:39:29','2023-06-13 08:39:29','3e64720c-680f-4f59-8ce2-b33ebd952e70'),(225,113,2,NULL,NULL,1,'2023-06-13 08:39:29','2023-06-13 08:39:29','998783bb-52f7-4bcb-b69a-50ec6450308c'),(226,114,1,NULL,NULL,1,'2023-06-13 08:39:29','2023-06-13 08:39:29','c4626873-e05f-4ca4-86d3-4ed65806ac48'),(227,114,2,NULL,NULL,1,'2023-06-13 08:39:29','2023-06-13 08:39:29','53f7cd85-8cf4-465a-a9c3-0490297d1ab2'),(228,115,1,NULL,NULL,1,'2023-06-13 08:39:29','2023-06-13 08:39:29','c0bfc611-dca5-4a6d-a95e-0856ab351167'),(229,115,2,NULL,NULL,1,'2023-06-13 08:39:29','2023-06-13 08:39:29','9cc93c34-0be5-44df-9e70-e18764181641'),(230,116,1,NULL,NULL,1,'2023-06-13 08:39:37','2023-06-13 08:39:37','73d651c7-42a2-4970-8f33-73cae92a6d7d'),(231,116,2,NULL,NULL,1,'2023-06-13 08:39:37','2023-06-13 08:39:37','29003b43-9a0a-405f-9e50-bbc2fba8a10c'),(232,117,1,NULL,NULL,1,'2023-06-13 08:39:37','2023-06-13 08:39:37','01b47c4b-70e6-4d81-b43a-0b3cb0c3d03e'),(233,117,2,NULL,NULL,1,'2023-06-13 08:39:37','2023-06-13 08:39:37','464e59fd-444c-40eb-947e-c2e1da16c265'),(234,118,1,NULL,NULL,1,'2023-06-13 08:39:37','2023-06-13 08:39:37','0a6f9bd1-adac-4f73-b9b6-6c71ec0a3bb1'),(235,118,2,NULL,NULL,1,'2023-06-13 08:39:37','2023-06-13 08:39:37','258a0170-508b-427d-bc93-7fbb76cb0ae8'),(236,119,1,NULL,NULL,1,'2023-06-13 08:39:39','2023-06-13 08:39:39','4f80a5fe-09ee-4ed2-81e7-0a61278ff9fe'),(237,119,2,NULL,NULL,1,'2023-06-13 08:39:39','2023-06-13 08:39:39','fab0090d-9652-4a09-a272-dde8f06459e2'),(238,120,1,NULL,NULL,1,'2023-06-13 08:39:39','2023-06-13 08:39:39','2906ac20-90d6-4148-9348-228dcdcea52c'),(239,120,2,NULL,NULL,1,'2023-06-13 08:39:39','2023-06-13 08:39:39','c0ccb9b7-be04-47b1-8287-7a76625eb3aa'),(240,121,1,NULL,NULL,1,'2023-06-13 08:39:39','2023-06-13 08:39:39','c8cbd0af-90c7-46c3-9d51-a83d30644a3f'),(241,121,2,NULL,NULL,1,'2023-06-13 08:39:39','2023-06-13 08:39:39','832e7f25-4f8b-45bd-8198-5caa65b07118'),(242,122,1,NULL,NULL,1,'2023-06-13 08:39:39','2023-06-13 08:39:39','dced0daa-291f-4dc3-a153-f3a473946f33'),(243,122,2,NULL,NULL,1,'2023-06-13 08:39:39','2023-06-13 08:39:39','57a7d1a4-81ba-4921-a4d4-46bbc2012b25'),(244,123,1,NULL,NULL,1,'2023-06-13 08:39:45','2023-06-13 08:39:45','2c317b20-57de-4c34-84c8-8d71c47b01f9'),(245,123,2,NULL,NULL,1,'2023-06-13 08:39:45','2023-06-13 08:39:45','fda57d23-7d77-4761-a8e6-b8bdc24a5183'),(246,124,1,NULL,NULL,1,'2023-06-13 08:39:45','2023-06-13 08:39:45','6538e4e7-e4c4-4e64-9b31-8aa9131f1574'),(247,124,2,NULL,NULL,1,'2023-06-13 08:39:45','2023-06-13 08:39:45','368551c7-89c0-4821-9fb2-c2d3c9efedc2'),(248,125,1,NULL,NULL,1,'2023-06-13 08:39:45','2023-06-13 08:39:45','7f806ad3-a499-4cd5-b94b-48d846658a3e'),(249,125,2,NULL,NULL,1,'2023-06-13 08:39:45','2023-06-13 08:39:45','06bed95c-21f5-4477-b40e-81afb07f4ef7'),(250,126,1,NULL,NULL,1,'2023-06-13 08:39:45','2023-06-13 08:39:45','18ce81bb-aa61-458b-8590-e2d6704480e6'),(251,126,2,NULL,NULL,1,'2023-06-13 08:39:45','2023-06-13 08:39:45','35268d17-faa3-4068-bf87-e7ba0450f63c'),(252,127,1,NULL,NULL,1,'2023-06-13 08:39:46','2023-06-13 08:39:46','4cd57388-7fc7-4d64-beba-ec4e75dd2a6a'),(253,127,2,NULL,NULL,1,'2023-06-13 08:39:46','2023-06-13 08:39:46','7a1636c7-a931-4542-bdda-b0031f836feb'),(254,128,1,NULL,NULL,1,'2023-06-13 08:39:46','2023-06-13 08:39:46','d81031e4-0e11-42ae-8081-e449769f9453'),(255,128,2,NULL,NULL,1,'2023-06-13 08:39:46','2023-06-13 08:39:46','3939717e-ec8e-4c85-84e7-032d5427bb43'),(256,129,1,NULL,NULL,1,'2023-06-13 08:39:46','2023-06-13 08:39:46','0dd1087f-cbce-4335-bd19-c7e318bcc7c2'),(257,129,2,NULL,NULL,1,'2023-06-13 08:39:46','2023-06-13 08:39:46','6878fdbe-eff9-4be7-980b-d1a5feaf5f52'),(258,130,1,NULL,NULL,1,'2023-06-13 08:39:46','2023-06-13 08:39:46','0a0faf41-ca59-4fbd-b3e6-b98669c00d8c'),(259,130,2,NULL,NULL,1,'2023-06-13 08:39:46','2023-06-13 08:39:46','54ea254b-70cd-4c0e-a891-eee91eb29868'),(260,131,1,NULL,NULL,1,'2023-06-13 08:39:51','2023-06-13 08:39:51','3333013b-073c-49fe-84d2-47fe8d84b195'),(261,131,2,NULL,NULL,1,'2023-06-13 08:39:51','2023-06-13 08:39:51','5b362290-f583-44a6-881c-bf134736b243'),(262,132,1,NULL,NULL,1,'2023-06-13 08:39:51','2023-06-13 08:39:51','5d4d1cf4-afd4-47fc-8344-635cf46bf09f'),(263,132,2,NULL,NULL,1,'2023-06-13 08:39:51','2023-06-13 08:39:51','f710e81b-961c-44ea-8b32-083a2bb976fe'),(264,133,1,NULL,NULL,1,'2023-06-13 08:39:51','2023-06-13 08:39:51','a926f902-620d-40a0-8f03-a99767e93ae1'),(265,133,2,NULL,NULL,1,'2023-06-13 08:39:51','2023-06-13 08:39:51','036e1bf7-a258-4d4c-8551-4df46aeeece8'),(266,134,1,NULL,NULL,1,'2023-06-13 08:39:51','2023-06-13 08:39:51','b34b2ff5-0e97-4c96-8a89-7ac5a486db4d'),(267,134,2,NULL,NULL,1,'2023-06-13 08:39:51','2023-06-13 08:39:51','f6118dae-28fb-4ec4-9166-93894c3eb180'),(268,135,1,NULL,NULL,1,'2023-06-13 08:39:51','2023-06-13 08:39:51','a4d35c1b-597c-4265-be94-19d8bc9f1473'),(269,135,2,NULL,NULL,1,'2023-06-13 08:39:51','2023-06-13 08:39:51','9672255e-6240-4975-a72d-a75d5943914f'),(270,136,1,NULL,NULL,1,'2023-06-13 08:39:59','2023-06-13 08:39:59','560b09c1-df20-45e8-8bdf-5080f29e91ba'),(271,136,2,NULL,NULL,1,'2023-06-13 08:39:59','2023-06-13 08:39:59','b6c5fb8f-8a59-47b8-a6f6-983780ac9d97'),(272,137,1,NULL,NULL,1,'2023-06-13 08:39:59','2023-06-13 08:39:59','55774762-3166-48be-9d5f-9aeaeb9f8d98'),(273,137,2,NULL,NULL,1,'2023-06-13 08:39:59','2023-06-13 08:39:59','580471dc-48a6-44d7-8a6f-889c29422f3a'),(274,138,1,NULL,NULL,1,'2023-06-13 08:39:59','2023-06-13 08:39:59','ce84b85b-b42e-4918-aa87-1911d5225917'),(275,138,2,NULL,NULL,1,'2023-06-13 08:39:59','2023-06-13 08:39:59','899dd8f7-68dd-4d7c-ba22-49eaa770f955'),(276,139,1,NULL,NULL,1,'2023-06-13 08:39:59','2023-06-13 08:39:59','0c3b3341-0266-4674-b864-67e08e5b6275'),(277,139,2,NULL,NULL,1,'2023-06-13 08:39:59','2023-06-13 08:39:59','326b9e63-eb4c-47f4-99be-e42046a677e2'),(278,140,1,NULL,NULL,1,'2023-06-13 08:39:59','2023-06-13 08:39:59','f60eee59-ae4a-4c1b-9009-401374ef4fb2'),(279,140,2,NULL,NULL,1,'2023-06-13 08:39:59','2023-06-13 08:39:59','0b0dd052-af4d-4050-8774-cae336dc9199'),(280,141,1,NULL,NULL,1,'2023-06-13 08:40:04','2023-06-13 08:40:04','a15686f3-bf84-45ec-8d3a-2b27b0451a39'),(281,141,2,NULL,NULL,1,'2023-06-13 08:40:04','2023-06-13 08:40:04','e300a95b-e1e1-4227-97c1-a81091b45041'),(282,142,1,NULL,NULL,1,'2023-06-13 08:40:04','2023-06-13 08:40:04','80acf13a-2d76-4b35-9686-2af685285227'),(283,142,2,NULL,NULL,1,'2023-06-13 08:40:04','2023-06-13 08:40:04','36b2b9e3-c517-4f6c-8b47-56ac1484d50c'),(284,143,1,NULL,NULL,1,'2023-06-13 08:40:04','2023-06-13 08:40:04','8298d7f5-55c5-457f-b379-f7e5dd6a2a14'),(285,143,2,NULL,NULL,1,'2023-06-13 08:40:04','2023-06-13 08:40:04','b427e672-2d72-4eb4-afff-bb2cf6717c86'),(286,144,1,NULL,NULL,1,'2023-06-13 08:40:04','2023-06-13 08:40:04','101b198e-94ee-4923-b1b9-120cbd719900'),(287,144,2,NULL,NULL,1,'2023-06-13 08:40:04','2023-06-13 08:40:04','532f8b82-6835-4300-8489-5b57ffdf50fe'),(288,145,1,NULL,NULL,1,'2023-06-13 08:40:04','2023-06-13 08:40:04','560aa3ba-96c6-4099-9293-bab52787a5cb'),(289,145,2,NULL,NULL,1,'2023-06-13 08:40:04','2023-06-13 08:40:04','9f2acf7a-24e6-4eaf-b565-a3dd54a97029'),(290,146,1,NULL,NULL,1,'2023-06-13 08:40:42','2023-06-13 08:40:42','32c30e67-b318-49ee-abdb-cb1da71adcc0'),(291,146,2,NULL,NULL,1,'2023-06-13 08:40:42','2023-06-13 08:40:42','b5b6575f-16d4-46b4-9f3c-b539a1f8168e'),(292,147,1,NULL,NULL,1,'2023-06-13 08:40:42','2023-06-13 08:40:42','b4649fca-aacb-47ee-8e37-5a000b5be354'),(293,147,2,NULL,NULL,1,'2023-06-13 08:40:42','2023-06-13 08:40:42','b2434836-8600-4c23-b318-68f606537cb0'),(294,148,1,NULL,NULL,1,'2023-06-13 08:40:42','2023-06-13 08:40:42','7562b9b6-6562-49f8-8dc5-281eebe26cb7'),(295,148,2,NULL,NULL,1,'2023-06-13 08:40:42','2023-06-13 08:40:42','5a1dc940-470a-4e48-bb69-beb7ae602c82'),(296,149,1,NULL,NULL,1,'2023-06-13 08:40:42','2023-06-13 08:40:42','ef523c69-c8a1-4707-9007-430274d529b9'),(297,149,2,NULL,NULL,1,'2023-06-13 08:40:42','2023-06-13 08:40:42','b29e9ddc-c692-4f19-b1a9-39faf4c45b90'),(298,150,1,NULL,NULL,1,'2023-06-13 08:40:42','2023-06-13 08:40:42','5ed5612e-2d64-4f2e-9f42-c6f96cb416a3'),(299,150,2,NULL,NULL,1,'2023-06-13 08:40:42','2023-06-13 08:40:42','59c4f3e4-bdd2-476a-a154-10a1e9ced8df'),(300,151,1,NULL,NULL,1,'2023-06-13 08:40:42','2023-06-13 08:40:42','5efd588c-b62c-493f-b7b2-82ff7b0631db'),(301,151,2,NULL,NULL,1,'2023-06-13 08:40:42','2023-06-13 08:40:42','ce701810-835c-486d-a97e-3084d9b1cf27'),(302,152,1,NULL,NULL,1,'2023-06-13 08:40:46','2023-06-13 08:40:46','386eceda-35ce-4d82-afcc-256bdb8c2f9c'),(303,152,2,NULL,NULL,1,'2023-06-13 08:40:46','2023-06-13 08:40:46','af0f7657-ee83-4f3a-a578-8736e6d51cad'),(304,153,1,NULL,NULL,1,'2023-06-13 08:40:46','2023-06-13 08:40:46','1fb44be7-badc-4d74-8e9c-f337e64fe75b'),(305,153,2,NULL,NULL,1,'2023-06-13 08:40:46','2023-06-13 08:40:46','2ff04e70-0ae9-4f63-9294-b3f193e3d6cf'),(306,154,1,NULL,NULL,1,'2023-06-13 08:40:46','2023-06-13 08:40:46','28ce5b82-2b9b-4a59-8069-9d848cb5a24a'),(307,154,2,NULL,NULL,1,'2023-06-13 08:40:46','2023-06-13 08:40:46','a2267b81-19d7-44f3-9983-de0bca9345c4'),(308,155,1,NULL,NULL,1,'2023-06-13 08:40:46','2023-06-13 08:40:46','1f800642-e513-4889-aeeb-58d4b73294d0'),(309,155,2,NULL,NULL,1,'2023-06-13 08:40:46','2023-06-13 08:40:46','92e91a9e-ec5d-4cfb-a346-799c69764d54'),(310,156,1,NULL,NULL,1,'2023-06-13 08:40:46','2023-06-13 08:40:46','d29d05f2-809c-4dcb-9457-809159e84abe'),(311,156,2,NULL,NULL,1,'2023-06-13 08:40:46','2023-06-13 08:40:46','39724bdb-3823-47ce-96f3-e0610790a5ac'),(312,157,1,NULL,NULL,1,'2023-06-13 08:40:46','2023-06-13 08:40:46','817e6cef-d099-4014-b440-4c671e2e98c5'),(313,157,2,NULL,NULL,1,'2023-06-13 08:40:46','2023-06-13 08:40:46','48c16ebf-884b-4e3a-a9da-7e3332f478c8'),(314,158,1,NULL,NULL,1,'2023-06-13 08:40:47','2023-06-13 08:40:47','6c3c689d-d13c-4633-9f83-2e771d719ce3'),(315,158,2,NULL,NULL,1,'2023-06-13 08:40:47','2023-06-13 08:40:47','cd588b91-772c-482d-a073-82207480487b'),(316,159,1,NULL,NULL,1,'2023-06-13 08:40:47','2023-06-13 08:40:47','9b1ef47f-cbf5-4184-9725-4a93ac9704e6'),(317,159,2,NULL,NULL,1,'2023-06-13 08:40:47','2023-06-13 08:40:47','ad443356-b438-4908-be35-da824fca57be'),(318,160,1,NULL,NULL,1,'2023-06-13 08:40:47','2023-06-13 08:40:47','563efdd6-57f7-4acb-8011-5a6ea5fd5462'),(319,160,2,NULL,NULL,1,'2023-06-13 08:40:47','2023-06-13 08:40:47','5c8327f8-1c64-44aa-bfcd-3d8ccc3a1197'),(320,161,1,NULL,NULL,1,'2023-06-13 08:40:47','2023-06-13 08:40:47','228cab97-b949-49fa-a908-240d0854b31d'),(321,161,2,NULL,NULL,1,'2023-06-13 08:40:47','2023-06-13 08:40:47','9978889a-946b-4493-9206-640b1f2e8be6'),(322,162,1,NULL,NULL,1,'2023-06-13 08:40:47','2023-06-13 08:40:47','3a759069-c336-4954-ac17-e5cad2f3a73e'),(323,162,2,NULL,NULL,1,'2023-06-13 08:40:47','2023-06-13 08:40:47','acbf4241-1162-4e3f-91d2-6b47b213ead0'),(324,163,1,NULL,NULL,1,'2023-06-13 08:40:47','2023-06-13 08:40:47','44b77fa5-f151-4db2-874f-f9d8df7daff2'),(325,163,2,NULL,NULL,1,'2023-06-13 08:40:47','2023-06-13 08:40:47','26b52343-3fb2-4cb1-b973-ad61a5fc84e9'),(326,164,1,NULL,NULL,1,'2023-06-13 08:40:52','2023-06-13 08:40:52','595b94b3-4eb9-439b-8fd4-399f2512862f'),(327,164,2,NULL,NULL,1,'2023-06-13 08:40:52','2023-06-13 08:40:52','7dcdd546-de11-4bcf-a347-2f94c5a3cc33'),(328,165,1,NULL,NULL,1,'2023-06-13 08:40:52','2023-06-13 08:40:52','f65b1fdd-cc80-4dfa-88e7-296115c149d3'),(329,165,2,NULL,NULL,1,'2023-06-13 08:40:52','2023-06-13 08:40:52','51eaa9a2-3c45-45c0-a619-63536535e9a4'),(330,166,1,NULL,NULL,1,'2023-06-13 08:40:52','2023-06-13 08:40:52','96f229a3-548a-446d-8a03-8ffb2e6f3f1a'),(331,166,2,NULL,NULL,1,'2023-06-13 08:40:52','2023-06-13 08:40:52','079f407a-e0b8-44d0-8639-ed4973b90310'),(332,167,1,NULL,NULL,1,'2023-06-13 08:40:52','2023-06-13 08:40:52','72989d36-e383-4afc-b55d-b559e1344427'),(333,167,2,NULL,NULL,1,'2023-06-13 08:40:52','2023-06-13 08:40:52','94feb790-52b7-4f70-b5e2-6d930f9b1452'),(334,168,1,NULL,NULL,1,'2023-06-13 08:40:52','2023-06-13 08:40:52','72b774ae-ed83-4c64-9de4-873b89ac8f7e'),(335,168,2,NULL,NULL,1,'2023-06-13 08:40:52','2023-06-13 08:40:52','a044d639-e9bc-42e8-a43a-f84b618d7b69'),(336,169,1,NULL,NULL,1,'2023-06-13 08:40:52','2023-06-13 08:40:52','a1d76144-0c66-4c9e-9258-704168ae0cf8'),(337,169,2,NULL,NULL,1,'2023-06-13 08:40:52','2023-06-13 08:40:52','5df0bbca-1da2-4761-8f90-f57abdaa2caa'),(338,170,1,NULL,NULL,1,'2023-06-13 08:40:53','2023-06-13 08:40:53','e56d44f2-7f90-4c20-9e9c-d1e001bc5459'),(339,170,2,NULL,NULL,1,'2023-06-13 08:40:53','2023-06-13 08:40:53','2c103aa5-8d76-402d-9a84-291579b755ea'),(340,171,1,NULL,NULL,1,'2023-06-13 08:40:53','2023-06-13 08:40:53','2bb46866-2ed2-4bf7-b76c-12487a63ec50'),(341,171,2,NULL,NULL,1,'2023-06-13 08:40:53','2023-06-13 08:40:53','7935f451-01c6-4066-9025-0194eef29f1c'),(342,172,1,NULL,NULL,1,'2023-06-13 08:40:53','2023-06-13 08:40:53','361a51cb-0246-40fb-8805-088e454c3a1c'),(343,172,2,NULL,NULL,1,'2023-06-13 08:40:53','2023-06-13 08:40:53','e94414b7-0bd6-49e8-9951-5b6d4992c059'),(344,173,1,NULL,NULL,1,'2023-06-13 08:40:53','2023-06-13 08:40:53','6770c0b6-abbe-40ab-9baa-124890087ffb'),(345,173,2,NULL,NULL,1,'2023-06-13 08:40:53','2023-06-13 08:40:53','c4c75817-0451-492e-80a0-0d5c4ed0b155'),(346,174,1,NULL,NULL,1,'2023-06-13 08:40:53','2023-06-13 08:40:53','251ef6db-58a6-4102-97ad-f0e9af6e3066'),(347,174,2,NULL,NULL,1,'2023-06-13 08:40:53','2023-06-13 08:40:53','cb2fa426-f83b-4d33-a7f3-a0afca3192a8'),(348,175,1,NULL,NULL,1,'2023-06-13 08:40:53','2023-06-13 08:40:53','268459dc-fffb-4640-b97f-1a0d5d4dcbdc'),(349,175,2,NULL,NULL,1,'2023-06-13 08:40:53','2023-06-13 08:40:53','caa021ec-b189-4b7c-b446-87d710b962d2'),(350,176,1,NULL,NULL,1,'2023-06-13 08:40:56','2023-06-13 08:40:56','c1ef9c5f-f1c7-4907-b2c3-131fcf3d9756'),(351,176,2,NULL,NULL,1,'2023-06-13 08:40:56','2023-06-13 08:40:56','8a2bbdb6-7e40-4555-b955-f06ce0e5035c'),(352,177,1,NULL,NULL,1,'2023-06-13 08:40:56','2023-06-13 08:40:56','7dc7fd30-baaf-4b07-8e06-a6d0565fba3a'),(353,177,2,NULL,NULL,1,'2023-06-13 08:40:56','2023-06-13 08:40:56','392359e5-f8cf-43c3-ac4e-be2a8bf6fbde'),(354,178,1,NULL,NULL,1,'2023-06-13 08:40:56','2023-06-13 08:40:56','64c1c182-7aab-488c-a09b-82a8b94f1bfc'),(355,178,2,NULL,NULL,1,'2023-06-13 08:40:56','2023-06-13 08:40:56','3d7ab486-61fd-4c4a-a77c-6b873610dedb'),(356,179,1,NULL,NULL,1,'2023-06-13 08:40:56','2023-06-13 08:40:56','75ea4c55-e32d-46a2-9355-42d52557e9eb'),(357,179,2,NULL,NULL,1,'2023-06-13 08:40:56','2023-06-13 08:40:56','8fb15d38-37fd-476a-8d90-22eed1b8a00b'),(358,180,1,NULL,NULL,1,'2023-06-13 08:40:56','2023-06-13 08:40:56','af6d950f-db1b-4080-8d4a-b5b698e40e6c'),(359,180,2,NULL,NULL,1,'2023-06-13 08:40:56','2023-06-13 08:40:56','48504555-f84e-4526-9112-5f8775f80bcc'),(360,181,1,NULL,NULL,1,'2023-06-13 08:40:56','2023-06-13 08:40:56','579e405b-334e-4803-834a-3c4b101e7757'),(361,181,2,NULL,NULL,1,'2023-06-13 08:40:56','2023-06-13 08:40:56','e6521ddd-d8e5-40c8-8235-cfbdc70ecaa0'),(364,183,1,NULL,NULL,1,'2023-06-13 08:41:59','2023-06-13 08:41:59','3b62e123-e3a2-4a21-bc8b-7fc92db5b196'),(365,183,2,NULL,NULL,1,'2023-06-13 08:41:59','2023-06-13 08:41:59','23b674c8-3a95-4b40-b9e4-89b584e0b7d4'),(366,184,1,NULL,NULL,1,'2023-06-13 08:41:59','2023-06-13 08:41:59','a4e2229b-608e-4be1-b5cd-6318c114fc85'),(367,184,2,NULL,NULL,1,'2023-06-13 08:41:59','2023-06-13 08:41:59','b4f58a7f-7f01-4447-b5e3-4cd5fe8a9b3f'),(368,185,1,NULL,NULL,1,'2023-06-13 08:41:59','2023-06-13 08:41:59','c31b634d-e6fd-4374-8700-3e9c80cf924c'),(369,185,2,NULL,NULL,1,'2023-06-13 08:41:59','2023-06-13 08:41:59','7d4ca819-bf9e-44e7-aed2-1c9c1b7d6f2f'),(370,186,1,NULL,NULL,1,'2023-06-13 08:41:59','2023-06-13 08:41:59','f75f5f8f-d842-430f-b6f3-2513d5741062'),(371,186,2,NULL,NULL,1,'2023-06-13 08:41:59','2023-06-13 08:41:59','2f931ce0-477d-4d39-833f-67e9d3df457c'),(372,187,1,NULL,NULL,1,'2023-06-13 08:41:59','2023-06-13 08:41:59','a5c2679b-d440-4abb-b6d1-df2b90f2cee3'),(373,187,2,NULL,NULL,1,'2023-06-13 08:41:59','2023-06-13 08:41:59','b28d4a4f-4b9f-497e-989c-9845ac13fc1f'),(374,188,1,NULL,NULL,1,'2023-06-13 08:41:59','2023-06-13 08:41:59','ba75379e-6293-4d37-ac2d-376ba1a1bca3'),(375,188,2,NULL,NULL,1,'2023-06-13 08:41:59','2023-06-13 08:41:59','aba5f986-8967-4987-bba5-11e6dc5ec701'),(376,189,1,NULL,NULL,1,'2023-06-13 08:41:59','2023-06-13 08:41:59','4b4268dd-beeb-4c40-9ee0-500c61220c28'),(377,189,2,NULL,NULL,1,'2023-06-13 08:41:59','2023-06-13 08:41:59','5bdd3ee1-f648-471b-9422-ae5f0fd3bfd4'),(378,190,1,NULL,NULL,1,'2023-06-13 08:42:01','2023-06-13 08:42:01','582751a9-74a8-43b2-8e83-f394971cf799'),(379,190,2,NULL,NULL,1,'2023-06-13 08:42:01','2023-06-13 08:42:01','6cf9867a-df50-48f1-bdc6-144b67e69082'),(380,191,1,NULL,NULL,1,'2023-06-13 08:42:01','2023-06-13 08:42:01','ccc4a8b6-406d-465e-9647-3ca81d68170a'),(381,191,2,NULL,NULL,1,'2023-06-13 08:42:01','2023-06-13 08:42:01','70b67196-ed62-446c-b305-63b440ca2ec8'),(382,192,1,NULL,NULL,1,'2023-06-13 08:42:01','2023-06-13 08:42:01','19e5b09b-a9ba-4492-aa24-378737c887a2'),(383,192,2,NULL,NULL,1,'2023-06-13 08:42:01','2023-06-13 08:42:01','d433589b-e82e-4510-a7cf-4646676f8018'),(384,193,1,NULL,NULL,1,'2023-06-13 08:42:01','2023-06-13 08:42:01','39552008-667e-4e51-bc08-089e2e2cdfd5'),(385,193,2,NULL,NULL,1,'2023-06-13 08:42:01','2023-06-13 08:42:01','bb0504b8-7d70-415e-ac69-8059513efca0'),(386,194,1,NULL,NULL,1,'2023-06-13 08:42:01','2023-06-13 08:42:01','3bfdc38a-e4a5-4d1c-ba83-fd31628b73ed'),(387,194,2,NULL,NULL,1,'2023-06-13 08:42:01','2023-06-13 08:42:01','45e619dd-40ae-4e0b-aee1-8116cc20dc7a'),(388,195,1,NULL,NULL,1,'2023-06-13 08:42:01','2023-06-13 08:42:01','2f3b1447-1089-4962-b962-06e0693425fd'),(389,195,2,NULL,NULL,1,'2023-06-13 08:42:01','2023-06-13 08:42:01','3282e786-8a00-4b43-b128-ccda6acd6050'),(390,196,1,NULL,NULL,1,'2023-06-13 08:42:01','2023-06-13 08:42:01','672a5b19-af45-4748-93ed-222e3236cee0'),(391,196,2,NULL,NULL,1,'2023-06-13 08:42:01','2023-06-13 08:42:01','0205c435-4719-46e7-8f93-ae579e6b7f2c'),(392,197,1,NULL,NULL,1,'2023-06-13 08:42:03','2023-06-13 08:42:03','a8f572db-40b1-4b6f-a7b0-1844328b18de'),(393,197,2,NULL,NULL,1,'2023-06-13 08:42:03','2023-06-13 08:42:03','376ce6a4-bf3a-4a10-9f82-a00d2a3a6633'),(394,198,1,NULL,NULL,1,'2023-06-13 08:42:03','2023-06-13 08:42:03','2d310d8d-8d87-4904-b505-bcbadc9adef8'),(395,198,2,NULL,NULL,1,'2023-06-13 08:42:03','2023-06-13 08:42:03','0a6ed633-b176-4e57-9bbb-821300b8db8f'),(396,199,1,NULL,NULL,1,'2023-06-13 08:42:03','2023-06-13 08:42:03','e08d49ff-46f7-43fe-8369-5a5ec18f5740'),(397,199,2,NULL,NULL,1,'2023-06-13 08:42:03','2023-06-13 08:42:03','e5f7a40e-701e-4904-8378-1f56ac780a91'),(398,200,1,NULL,NULL,1,'2023-06-13 08:42:03','2023-06-13 08:42:03','a1bef6f5-dba7-4aee-a64a-98d831804783'),(399,200,2,NULL,NULL,1,'2023-06-13 08:42:03','2023-06-13 08:42:03','ac7ae5e8-55de-4632-8574-213b78f9c467'),(400,201,1,NULL,NULL,1,'2023-06-13 08:42:03','2023-06-13 08:42:03','ea1abd84-e965-453d-88fd-1cd521806e6c'),(401,201,2,NULL,NULL,1,'2023-06-13 08:42:03','2023-06-13 08:42:03','ad7b9b88-5ac3-4375-bd8e-25cc8ca75919'),(402,202,1,NULL,NULL,1,'2023-06-13 08:42:03','2023-06-13 08:42:03','7e7f8613-cbec-4130-a85d-ec0be31cc202'),(403,202,2,NULL,NULL,1,'2023-06-13 08:42:03','2023-06-13 08:42:03','6b80b080-9175-4466-bd66-60671968e320'),(404,203,1,NULL,NULL,1,'2023-06-13 08:42:03','2023-06-13 08:42:03','f69dea8d-a4b0-42ec-914e-c183c9e1fcf1'),(405,203,2,NULL,NULL,1,'2023-06-13 08:42:03','2023-06-13 08:42:03','9e21538b-49df-43c2-9a81-8802b3275902'),(406,204,1,NULL,NULL,1,'2023-06-13 08:42:17','2023-06-13 08:42:17','c97da7ec-1ef4-476b-92db-856731f48cd6'),(407,204,2,NULL,NULL,1,'2023-06-13 08:42:17','2023-06-13 08:42:17','67162428-406a-4fe1-a836-43ef7a82f4e2'),(408,205,1,NULL,NULL,1,'2023-06-13 08:42:17','2023-06-13 08:42:17','fd9aa930-4a1b-43e8-a070-65e3cd5f3e6b'),(409,205,2,NULL,NULL,1,'2023-06-13 08:42:17','2023-06-13 08:42:17','e2287e8e-1ecc-46a1-bc8c-704125adf8a2'),(410,206,1,NULL,NULL,1,'2023-06-13 08:42:17','2023-06-13 08:42:17','093b20dc-b24b-4024-821e-b95c2a7bc0a3'),(411,206,2,NULL,NULL,1,'2023-06-13 08:42:17','2023-06-13 08:42:17','868567e3-d968-4e38-bd27-393ab45af18d'),(412,207,1,NULL,NULL,1,'2023-06-13 08:42:17','2023-06-13 08:42:17','a9530297-bab4-4ac1-9b23-8bd69c6accd6'),(413,207,2,NULL,NULL,1,'2023-06-13 08:42:17','2023-06-13 08:42:17','10160462-5580-4eb0-bf0d-54b591060845'),(414,208,1,NULL,NULL,1,'2023-06-13 08:42:17','2023-06-13 08:42:17','4fe27e61-4e69-4fb6-89fc-9d0c166df181'),(415,208,2,NULL,NULL,1,'2023-06-13 08:42:17','2023-06-13 08:42:17','3749fe02-cc4e-4fdf-8548-f677ce637f61'),(416,209,1,NULL,NULL,1,'2023-06-13 08:42:17','2023-06-13 08:42:17','dcdb86b8-bc31-4d1f-bf7b-7f4b6a38edab'),(417,209,2,NULL,NULL,1,'2023-06-13 08:42:17','2023-06-13 08:42:17','ebf02d33-4e2d-4c38-a71e-c2bfbbf0b003'),(418,210,1,NULL,NULL,1,'2023-06-13 08:42:17','2023-06-13 08:42:17','a15969bd-9b35-41e8-ac36-9617ab21cb13'),(419,210,2,NULL,NULL,1,'2023-06-13 08:42:17','2023-06-13 08:42:17','fbc79699-e1c0-4eb8-bf6e-22fca44e6110'),(420,211,1,NULL,NULL,1,'2023-06-13 08:42:20','2023-06-13 08:42:20','211cc18b-108a-4fff-a40e-b571784c4d91'),(421,211,2,NULL,NULL,1,'2023-06-13 08:42:20','2023-06-13 08:42:20','691c1bb0-591f-46a2-b514-56b6c1eb9ee2'),(422,212,1,NULL,NULL,1,'2023-06-13 08:42:20','2023-06-13 08:42:20','08b327c0-b980-4607-a52d-28ba10891b5c'),(423,212,2,NULL,NULL,1,'2023-06-13 08:42:20','2023-06-13 08:42:20','f1e3da05-ae30-4db9-8614-1fa07e6b2067'),(424,213,1,NULL,NULL,1,'2023-06-13 08:42:20','2023-06-13 08:42:20','dfc33fa1-f0cb-4cf6-9f79-94f0dfb8de54'),(425,213,2,NULL,NULL,1,'2023-06-13 08:42:20','2023-06-13 08:42:20','54d44ff0-cfd5-4487-9aa3-0effe76504a8'),(426,214,1,NULL,NULL,1,'2023-06-13 08:42:20','2023-06-13 08:42:20','23d9ca3d-543d-40bd-bc4a-05bfc8ed607d'),(427,214,2,NULL,NULL,1,'2023-06-13 08:42:20','2023-06-13 08:42:20','bbadbbef-41ab-403c-a3ba-6d59a040ccfb'),(428,215,1,NULL,NULL,1,'2023-06-13 08:42:20','2023-06-13 08:42:20','48a5cf97-c1e6-4820-b397-97a589db3fee'),(429,215,2,NULL,NULL,1,'2023-06-13 08:42:20','2023-06-13 08:42:20','018b5985-8e69-455a-8516-1afd96ef75ee'),(430,216,1,NULL,NULL,1,'2023-06-13 08:42:20','2023-06-13 08:42:20','b0ec5604-9a2f-4338-aa74-11c12facb3c5'),(431,216,2,NULL,NULL,1,'2023-06-13 08:42:20','2023-06-13 08:42:20','a4f2b040-14e5-4f03-8104-6c7269b8634d'),(432,217,1,NULL,NULL,1,'2023-06-13 08:42:20','2023-06-13 08:42:20','14e00635-a843-407d-87be-a7b5d50754e2'),(433,217,2,NULL,NULL,1,'2023-06-13 08:42:20','2023-06-13 08:42:20','ae111b4d-fcd1-465a-b16f-255a8822d566'),(434,218,1,NULL,NULL,1,'2023-06-13 08:42:21','2023-06-13 08:42:21','b1c41671-bafe-4607-82db-abb4e8306f66'),(435,218,2,NULL,NULL,1,'2023-06-13 08:42:21','2023-06-13 08:42:21','1d88fdd7-d118-45ab-9eca-f17eb273e048'),(436,219,1,NULL,NULL,1,'2023-06-13 08:42:21','2023-06-13 08:42:21','59a973bd-3ef5-4d64-a860-036db968564e'),(437,219,2,NULL,NULL,1,'2023-06-13 08:42:21','2023-06-13 08:42:21','52513894-61a6-41fd-9c72-cfdbc4e8410e'),(438,220,1,NULL,NULL,1,'2023-06-13 08:42:21','2023-06-13 08:42:21','4922681d-84c3-449d-bc81-8b4882aecabc'),(439,220,2,NULL,NULL,1,'2023-06-13 08:42:21','2023-06-13 08:42:21','0cf4513b-f046-4438-87cd-e3a4d2996689'),(440,221,1,NULL,NULL,1,'2023-06-13 08:42:21','2023-06-13 08:42:21','72996b28-4326-4d0c-aca9-695a7c631d54'),(441,221,2,NULL,NULL,1,'2023-06-13 08:42:21','2023-06-13 08:42:21','e787bc90-f7dd-4f0a-9a0a-949d21ac530a'),(442,222,1,NULL,NULL,1,'2023-06-13 08:42:21','2023-06-13 08:42:21','86b725ab-b3d8-441a-b7a9-0d1e640b1e63'),(443,222,2,NULL,NULL,1,'2023-06-13 08:42:21','2023-06-13 08:42:21','2b4d83c7-ec00-4f6b-9aed-f122ac257bbf'),(444,223,1,NULL,NULL,1,'2023-06-13 08:42:21','2023-06-13 08:42:21','f5c3d978-feb6-4691-a9a7-2abf302d8c49'),(445,223,2,NULL,NULL,1,'2023-06-13 08:42:21','2023-06-13 08:42:21','988f6394-e0fa-4ca6-a44a-fa6905411747'),(446,224,1,NULL,NULL,1,'2023-06-13 08:42:21','2023-06-13 08:42:21','85a467af-c846-4b98-923c-4aa52fb40d8b'),(447,224,2,NULL,NULL,1,'2023-06-13 08:42:21','2023-06-13 08:42:21','868bbc94-b864-4a8b-ad1f-9389e5747012'),(448,225,1,NULL,NULL,1,'2023-06-13 08:42:42','2023-06-13 08:42:42','0cda42d3-35cf-402f-a62b-c95e133ee997'),(449,225,2,NULL,NULL,1,'2023-06-13 08:42:42','2023-06-13 08:42:42','9613e388-771c-4507-bb78-e7f278332c81'),(450,226,1,NULL,NULL,1,'2023-06-13 08:42:42','2023-06-13 08:42:42','97b6140a-929b-4fd0-bf82-bd848e164bbe'),(451,226,2,NULL,NULL,1,'2023-06-13 08:42:42','2023-06-13 08:42:42','2c382229-b21d-4bce-b94d-68a2f9eff82e'),(452,227,1,NULL,NULL,1,'2023-06-13 08:42:42','2023-06-13 08:42:42','71295b3f-f022-446d-a9d9-e10a49df587a'),(453,227,2,NULL,NULL,1,'2023-06-13 08:42:42','2023-06-13 08:42:42','8ae2ad5d-c410-40b3-91d7-1740d8ac265f'),(454,228,1,NULL,NULL,1,'2023-06-13 08:42:42','2023-06-13 08:42:42','c4bb8a63-90dc-4373-a33b-76342aae3112'),(455,228,2,NULL,NULL,1,'2023-06-13 08:42:42','2023-06-13 08:42:42','7162b98b-7c73-4900-afde-ed09b4e7ffd9'),(456,229,1,NULL,NULL,1,'2023-06-13 08:42:42','2023-06-13 08:42:42','ce3a3778-8fcb-4989-877c-ef7c4a4b7158'),(457,229,2,NULL,NULL,1,'2023-06-13 08:42:42','2023-06-13 08:42:42','3a5ceee3-a0d8-4fd9-9fdc-f281f872f69d'),(458,230,1,NULL,NULL,1,'2023-06-13 08:42:42','2023-06-13 08:42:42','d9078a0c-a172-4cb9-b42a-89859a3e5850'),(459,230,2,NULL,NULL,1,'2023-06-13 08:42:42','2023-06-13 08:42:42','e8965224-da5e-42b7-b9da-cd8ed7cd9c07'),(460,231,1,NULL,NULL,1,'2023-06-13 08:42:43','2023-06-13 08:42:43','c5cfcd53-1026-4718-8904-9754aba99d31'),(461,231,2,NULL,NULL,1,'2023-06-13 08:42:43','2023-06-13 08:42:43','b9a3bccc-e683-4c03-8c61-766ce3e91924'),(462,232,1,NULL,NULL,1,'2023-06-13 08:42:43','2023-06-13 08:42:43','e3cdd1d9-1ca8-4c93-b4ea-cb5770000274'),(463,232,2,NULL,NULL,1,'2023-06-13 08:42:43','2023-06-13 08:42:43','74ee874b-4c90-4c6f-9c9e-b511d4ae9bff'),(464,233,1,NULL,NULL,1,'2023-06-13 08:42:45','2023-06-13 08:42:45','5cbab808-96a4-4524-89bb-6466d2d840ef'),(465,233,2,NULL,NULL,1,'2023-06-13 08:42:45','2023-06-13 08:42:45','f43578c2-8186-43ec-858b-c227bcdf9f76'),(466,234,1,NULL,NULL,1,'2023-06-13 08:42:45','2023-06-13 08:42:45','f2a825c5-ac8a-44dd-aea0-b41c2148022c'),(467,234,2,NULL,NULL,1,'2023-06-13 08:42:45','2023-06-13 08:42:45','e7c33a63-4986-4953-bdef-27caf25704a9'),(468,235,1,NULL,NULL,1,'2023-06-13 08:42:45','2023-06-13 08:42:45','dc4724c3-986f-4212-9a8f-3d849043d663'),(469,235,2,NULL,NULL,1,'2023-06-13 08:42:45','2023-06-13 08:42:45','d28b7265-6c44-46af-9278-27167a479461'),(470,236,1,NULL,NULL,1,'2023-06-13 08:42:45','2023-06-13 08:42:45','cac6eec4-c998-421e-877e-8007d5625e3f'),(471,236,2,NULL,NULL,1,'2023-06-13 08:42:45','2023-06-13 08:42:45','5f727f3b-ac60-4b91-872c-82bfcf5d1e14'),(472,237,1,NULL,NULL,1,'2023-06-13 08:42:46','2023-06-13 08:42:46','205f8eb7-8140-43e9-8e35-e75a8b0b2117'),(473,237,2,NULL,NULL,1,'2023-06-13 08:42:46','2023-06-13 08:42:46','64305095-1fb9-48ae-a9cc-918adabc9f05'),(474,238,1,NULL,NULL,1,'2023-06-13 08:42:46','2023-06-13 08:42:46','526b3797-d72b-4ad7-90fb-7e15ea5060d0'),(475,238,2,NULL,NULL,1,'2023-06-13 08:42:46','2023-06-13 08:42:46','acb98976-d2be-4366-b65e-0d70e9dc4d6a'),(476,239,1,NULL,NULL,1,'2023-06-13 08:42:46','2023-06-13 08:42:46','a26fcd91-aed0-4925-ac71-3f4ee1dd6404'),(477,239,2,NULL,NULL,1,'2023-06-13 08:42:46','2023-06-13 08:42:46','7faf4b2f-32af-4344-8f7f-4a4342c1f40f'),(478,240,1,NULL,NULL,1,'2023-06-13 08:42:46','2023-06-13 08:42:46','8ea5c12b-3aa7-4704-8cbc-3277079acf16'),(479,240,2,NULL,NULL,1,'2023-06-13 08:42:46','2023-06-13 08:42:46','fec0148f-d548-40db-a222-e50f2c11531a'),(480,241,1,NULL,NULL,1,'2023-06-13 08:42:51','2023-06-13 08:42:51','8f76a3b8-5556-44c0-aa05-4e30786054f3'),(481,241,2,NULL,NULL,1,'2023-06-13 08:42:51','2023-06-13 08:42:51','719d5a6e-5854-4b8f-8703-c26e9fd77667'),(482,242,1,NULL,NULL,1,'2023-06-13 08:42:51','2023-06-13 08:42:51','21716ca3-b64d-4007-b490-d44806e7d8af'),(483,242,2,NULL,NULL,1,'2023-06-13 08:42:51','2023-06-13 08:42:51','0bbd00e5-4a66-4193-a2dd-e5ff4e5acb59'),(484,243,1,NULL,NULL,1,'2023-06-13 08:42:51','2023-06-13 08:42:51','7ee35acd-c4b5-4bc0-aecd-7573e0562d78'),(485,243,2,NULL,NULL,1,'2023-06-13 08:42:51','2023-06-13 08:42:51','35ab3ac5-9a01-41a4-8c79-42dc562fbd9c'),(486,244,1,NULL,NULL,1,'2023-06-13 08:42:51','2023-06-13 08:42:51','de32a4ef-771a-4d24-89e3-1dff158b03f7'),(487,244,2,NULL,NULL,1,'2023-06-13 08:42:51','2023-06-13 08:42:51','e262e4b8-a314-4ef3-b84e-e815390e1a64'),(488,245,1,NULL,NULL,1,'2023-06-13 08:42:51','2023-06-13 08:42:51','0e2393bf-43d4-463e-852c-6bf772b4dc5e'),(489,245,2,NULL,NULL,1,'2023-06-13 08:42:51','2023-06-13 08:42:51','415652cd-b057-4d7d-ad00-2b122c55a115'),(490,246,1,NULL,NULL,1,'2023-06-13 08:42:51','2023-06-13 08:42:51','aa78ada2-823f-40d6-8b9f-a5c89c515e14'),(491,246,2,NULL,NULL,1,'2023-06-13 08:42:51','2023-06-13 08:42:51','59af803c-4af7-45cc-bf9f-f4d26e757608'),(492,247,1,NULL,NULL,1,'2023-06-13 08:42:51','2023-06-13 08:42:51','43119cf9-9745-44de-96f3-d4edceb6c1a9'),(493,247,2,NULL,NULL,1,'2023-06-13 08:42:51','2023-06-13 08:42:51','5a4197e0-d0c4-4612-9d7d-700b9be6c7fc'),(494,248,1,NULL,NULL,1,'2023-06-13 08:42:51','2023-06-13 08:42:51','92d6a190-dc81-496f-ad40-16da50cfea6c'),(495,248,2,NULL,NULL,1,'2023-06-13 08:42:51','2023-06-13 08:42:51','820d1c92-d622-4315-86af-7486f1f5f0fb'),(496,249,1,NULL,NULL,1,'2023-06-13 08:42:58','2023-06-13 08:42:58','58b84597-0796-4eef-8586-3e16d024fefa'),(497,249,2,NULL,NULL,1,'2023-06-13 08:42:58','2023-06-13 08:42:58','5f536abc-d4fb-4052-aca6-248720625e43'),(498,250,1,NULL,NULL,1,'2023-06-13 08:42:58','2023-06-13 08:42:58','29dd4fda-d1a6-47bf-88f7-acbd12f972a1'),(499,250,2,NULL,NULL,1,'2023-06-13 08:42:58','2023-06-13 08:42:58','65b7bcbf-d518-4191-8afd-2e5bfae10829'),(500,251,1,NULL,NULL,1,'2023-06-13 08:42:58','2023-06-13 08:42:58','356a339a-c58d-4733-9462-0a03952a71e9'),(501,251,2,NULL,NULL,1,'2023-06-13 08:42:58','2023-06-13 08:42:58','3ff20e73-68e4-4665-ac96-940216f6d407'),(502,252,1,NULL,NULL,1,'2023-06-13 08:42:58','2023-06-13 08:42:58','e8584372-64d9-4aee-9321-96a10abbc87e'),(503,252,2,NULL,NULL,1,'2023-06-13 08:42:58','2023-06-13 08:42:58','f8b34bdd-a791-4fa7-aa61-bb9173873400'),(504,253,1,NULL,NULL,1,'2023-06-13 08:42:58','2023-06-13 08:42:58','aa2ec202-8156-4722-aa32-3e4eccd57403'),(505,253,2,NULL,NULL,1,'2023-06-13 08:42:58','2023-06-13 08:42:58','a223b06d-1101-4067-aa88-fee4da638461'),(506,254,1,NULL,NULL,1,'2023-06-13 08:42:58','2023-06-13 08:42:58','ee178358-d85c-4be1-8665-e86947161f01'),(507,254,2,NULL,NULL,1,'2023-06-13 08:42:58','2023-06-13 08:42:58','5924fefb-6dad-4a32-89b8-1a9744cc4414'),(508,255,1,NULL,NULL,1,'2023-06-13 08:42:58','2023-06-13 08:42:58','2bfa8186-da07-4723-af34-097464d07f40'),(509,255,2,NULL,NULL,1,'2023-06-13 08:42:58','2023-06-13 08:42:58','4bc4cd03-6a64-4c87-8d0a-c650359b23d2'),(510,256,1,NULL,NULL,1,'2023-06-13 08:43:01','2023-06-13 08:43:01','6af2151a-de83-4378-8396-6f525d3a434f'),(511,256,2,NULL,NULL,1,'2023-06-13 08:43:01','2023-06-13 08:43:01','33a37287-7a2e-4a7e-860c-9dd9603cb959'),(512,257,1,NULL,NULL,1,'2023-06-13 08:43:01','2023-06-13 08:43:01','c54961d2-da10-4436-9e53-04a902a18b31'),(513,257,2,NULL,NULL,1,'2023-06-13 08:43:01','2023-06-13 08:43:01','3940e80a-42cd-4e25-897e-49e35c97a12a'),(514,258,1,NULL,NULL,1,'2023-06-13 08:43:01','2023-06-13 08:43:01','1809c562-1c56-4ba5-87a8-fac0779348ec'),(515,258,2,NULL,NULL,1,'2023-06-13 08:43:01','2023-06-13 08:43:01','962848a9-ef4f-4f1b-821c-f5f789a1fae7'),(516,259,1,NULL,NULL,1,'2023-06-13 08:43:01','2023-06-13 08:43:01','e0b3d138-1749-4682-ac44-e0c5abf4c56d'),(517,259,2,NULL,NULL,1,'2023-06-13 08:43:01','2023-06-13 08:43:01','55a705a4-e316-4a13-b215-5b6fc240d2c1'),(518,260,1,NULL,NULL,1,'2023-06-13 08:43:01','2023-06-13 08:43:01','e95dee1f-4955-4ec2-93ce-63e45dca0b6f'),(519,260,2,NULL,NULL,1,'2023-06-13 08:43:01','2023-06-13 08:43:01','9634c235-d8d3-40da-8ece-b006bcac4d9e'),(520,261,1,NULL,NULL,1,'2023-06-13 08:43:01','2023-06-13 08:43:01','eea39d08-9b6d-45b5-869d-195046e4f930'),(521,261,2,NULL,NULL,1,'2023-06-13 08:43:01','2023-06-13 08:43:01','1b4d6c30-14dc-4977-a088-1ecb77f79fe4'),(522,262,1,NULL,NULL,1,'2023-06-13 08:43:01','2023-06-13 08:43:01','f5fe1132-dd3e-4420-8d38-2573f9b413d5'),(523,262,2,NULL,NULL,1,'2023-06-13 08:43:01','2023-06-13 08:43:01','58b172fc-d467-4cc6-8fba-907ab3386f59'),(524,263,1,NULL,NULL,1,'2023-06-13 08:43:01','2023-06-13 08:43:01','68476810-051c-4bb6-a7a1-7e165bc15470'),(525,263,2,NULL,NULL,1,'2023-06-13 08:43:01','2023-06-13 08:43:01','ff417f3b-0442-41ea-bd0a-ed177db444bb'),(526,264,1,NULL,NULL,1,'2023-06-13 08:43:09','2023-06-13 08:43:09','4ba786e0-5a1f-4e45-83ff-8f29c9def0cb'),(527,264,2,NULL,NULL,1,'2023-06-13 08:43:09','2023-06-13 08:43:09','fdfc34cb-5b76-4a94-bb10-b9d07bde6efb'),(528,265,1,NULL,NULL,1,'2023-06-13 08:43:09','2023-06-13 08:43:09','9d0e8395-5086-4cd2-8bd4-475b3bbccb26'),(529,265,2,NULL,NULL,1,'2023-06-13 08:43:09','2023-06-13 08:43:09','8b134706-4ae9-4702-be88-9e5e9a8e4b28'),(530,266,1,NULL,NULL,1,'2023-06-13 08:43:09','2023-06-13 08:43:09','a6f16219-a09c-4fdf-89ee-ca7a98a8a700'),(531,266,2,NULL,NULL,1,'2023-06-13 08:43:09','2023-06-13 08:43:09','44f94d10-237e-49cc-adeb-d6389327c9d1'),(532,267,1,NULL,NULL,1,'2023-06-13 08:43:09','2023-06-13 08:43:09','0bf7c174-213d-46cd-b476-1213b394ae4c'),(533,267,2,NULL,NULL,1,'2023-06-13 08:43:09','2023-06-13 08:43:09','aed2c45a-fd7d-4eee-8188-83d5eea6f29c'),(534,268,1,NULL,NULL,1,'2023-06-13 08:43:09','2023-06-13 08:43:09','dfe99932-becf-4291-9926-d00c15873fba'),(535,268,2,NULL,NULL,1,'2023-06-13 08:43:09','2023-06-13 08:43:09','11579ba3-d43b-4a3c-94b4-6d8f52d3e532'),(536,269,1,NULL,NULL,1,'2023-06-13 08:43:09','2023-06-13 08:43:09','b60a4bb2-660c-41e0-8a76-235a35dabe22'),(537,269,2,NULL,NULL,1,'2023-06-13 08:43:09','2023-06-13 08:43:09','7a47030a-3357-43a6-b2f8-ce4da507b397'),(538,270,1,NULL,NULL,1,'2023-06-13 08:43:09','2023-06-13 08:43:09','18c1eeb1-12e5-4d3c-a831-6b62228b78b5'),(539,270,2,NULL,NULL,1,'2023-06-13 08:43:09','2023-06-13 08:43:09','f83b2720-0e50-4f02-a0b5-2954880d166c'),(540,271,1,NULL,NULL,1,'2023-06-13 08:43:09','2023-06-13 08:43:09','e8f9fa64-dd40-4514-a425-a0d96cc0e45e'),(541,271,2,NULL,NULL,1,'2023-06-13 08:43:09','2023-06-13 08:43:09','98b823d6-fae2-4b0b-9153-c32fa1c71110'),(542,272,1,NULL,NULL,1,'2023-06-13 08:43:16','2023-06-13 08:43:16','caedab9f-2e55-4ee2-af55-f65a88813f63'),(543,272,2,NULL,NULL,1,'2023-06-13 08:43:16','2023-06-13 08:43:16','813d471b-3eee-4be1-a725-051703517115'),(544,273,1,NULL,NULL,1,'2023-06-13 08:43:16','2023-06-13 08:43:16','f058c6fe-4c2c-4712-be61-3d74576de70c'),(545,273,2,NULL,NULL,1,'2023-06-13 08:43:16','2023-06-13 08:43:16','d16c1bff-d2e5-4f56-96d9-56a2c45647c0'),(546,274,1,NULL,NULL,1,'2023-06-13 08:43:16','2023-06-13 08:43:16','f431e511-da13-4ae3-8e43-c2295ba547e4'),(547,274,2,NULL,NULL,1,'2023-06-13 08:43:16','2023-06-13 08:43:16','568c61fd-958e-453c-81ed-14cec74c421e'),(548,275,1,NULL,NULL,1,'2023-06-13 08:43:16','2023-06-13 08:43:16','0c9dedb0-9d76-4c8d-9cd1-f89c2ca083bb'),(549,275,2,NULL,NULL,1,'2023-06-13 08:43:16','2023-06-13 08:43:16','d569082c-c6ce-4311-9865-cee9c6ace6eb'),(550,276,1,NULL,NULL,1,'2023-06-13 08:43:16','2023-06-13 08:43:16','135c8099-33af-4f9e-80c5-747758b7df3a'),(551,276,2,NULL,NULL,1,'2023-06-13 08:43:16','2023-06-13 08:43:16','52b7a21c-5066-4cc0-852e-c48c577bb729'),(552,277,1,NULL,NULL,1,'2023-06-13 08:43:16','2023-06-13 08:43:16','db1f0921-5be2-4a7f-99c9-4249a7b989c8'),(553,277,2,NULL,NULL,1,'2023-06-13 08:43:16','2023-06-13 08:43:16','c7df91c3-b94c-4e5a-80d7-442a501ea1e6'),(554,278,1,NULL,NULL,1,'2023-06-13 08:43:16','2023-06-13 08:43:16','3904f869-cc74-46d6-b074-3dbeeefa9f0e'),(555,278,2,NULL,NULL,1,'2023-06-13 08:43:16','2023-06-13 08:43:16','66309104-f496-46a9-afc9-7c6aadf55ccc'),(556,279,1,NULL,NULL,1,'2023-06-13 08:43:16','2023-06-13 08:43:16','8e928986-5b0a-400f-bfe1-42a1bbb25cbe'),(557,279,2,NULL,NULL,1,'2023-06-13 08:43:16','2023-06-13 08:43:16','5895804a-11f6-4ef8-8a06-128b69a93a67'),(558,280,1,NULL,NULL,1,'2023-06-13 08:43:18','2023-06-13 08:43:18','2753141d-a39f-417f-a70a-8c04e0b8b7ae'),(559,280,2,NULL,NULL,1,'2023-06-13 08:43:18','2023-06-13 08:43:18','db9a63f2-2557-4781-ac51-1898e0a1ec77'),(560,281,1,NULL,NULL,1,'2023-06-13 08:43:18','2023-06-13 08:43:18','7fa4b1e0-7da9-4c87-9ce3-781aa57e8f90'),(561,281,2,NULL,NULL,1,'2023-06-13 08:43:18','2023-06-13 08:43:18','5003960e-194f-494e-b1f2-180e1f760c1a'),(562,282,1,NULL,NULL,1,'2023-06-13 08:43:18','2023-06-13 08:43:18','f316acb1-fa1d-40b7-a1c2-627c9388c558'),(563,282,2,NULL,NULL,1,'2023-06-13 08:43:18','2023-06-13 08:43:18','9a9726aa-6b5d-4de0-98e7-332d754da1cf'),(564,283,1,NULL,NULL,1,'2023-06-13 08:43:18','2023-06-13 08:43:18','cb7415a2-5899-4560-ba6c-10d68cb1bd1e'),(565,283,2,NULL,NULL,1,'2023-06-13 08:43:18','2023-06-13 08:43:18','a04dffef-e493-4d3f-9177-a32ea1372264'),(566,284,1,NULL,NULL,1,'2023-06-13 08:43:18','2023-06-13 08:43:18','59b8fae6-725a-4870-b453-be0e95ec3e16'),(567,284,2,NULL,NULL,1,'2023-06-13 08:43:18','2023-06-13 08:43:18','65310da0-897e-47a0-ba87-2c0174f72d03'),(568,285,1,NULL,NULL,1,'2023-06-13 08:43:18','2023-06-13 08:43:18','25a3e232-e388-48fa-bf1e-5eee836a290f'),(569,285,2,NULL,NULL,1,'2023-06-13 08:43:18','2023-06-13 08:43:18','a89c0a07-34e2-4163-b8d3-1589a9519a8d'),(570,286,1,NULL,NULL,1,'2023-06-13 08:43:18','2023-06-13 08:43:18','dca87430-f044-413f-b375-4d6c1e3f0901'),(571,286,2,NULL,NULL,1,'2023-06-13 08:43:18','2023-06-13 08:43:18','8b869f6c-e8d0-472d-9ea0-a7e739f4d528'),(572,287,1,NULL,NULL,1,'2023-06-13 08:43:18','2023-06-13 08:43:18','06943889-d504-478f-8c00-d4ced3aab513'),(573,287,2,NULL,NULL,1,'2023-06-13 08:43:18','2023-06-13 08:43:18','e7ab2dbd-c28e-408e-83ca-ec7ae35d3de3'),(574,288,1,NULL,NULL,1,'2023-06-13 08:43:18','2023-06-13 08:43:18','232d1ca4-1303-4ed3-bd42-f1c968112a94'),(575,288,2,NULL,NULL,1,'2023-06-13 08:43:18','2023-06-13 08:43:18','d3b13c91-b8a9-4d54-9cd2-cae64e471d83'),(576,289,1,NULL,NULL,1,'2023-06-13 08:43:25','2023-06-13 08:43:25','5d7f7c95-aec0-403b-8379-b2fbb53ff4a5'),(577,289,2,NULL,NULL,1,'2023-06-13 08:43:25','2023-06-13 08:43:25','fb4f43bf-c5a4-49f8-99ff-2d39538facb2'),(578,290,1,NULL,NULL,1,'2023-06-13 08:43:25','2023-06-13 08:43:25','c34c462f-e8a5-4b58-8913-d3920ce1b15a'),(579,290,2,NULL,NULL,1,'2023-06-13 08:43:25','2023-06-13 08:43:25','173215ee-c8ed-430a-a3ee-4aee74c86914'),(580,291,1,NULL,NULL,1,'2023-06-13 08:43:25','2023-06-13 08:43:25','395e482c-0f7f-4616-97f3-6d96490507a2'),(581,291,2,NULL,NULL,1,'2023-06-13 08:43:25','2023-06-13 08:43:25','616d8c01-45a9-4715-b98d-4f7f525e8a9b'),(582,292,1,NULL,NULL,1,'2023-06-13 08:43:25','2023-06-13 08:43:25','4be7bcfc-b3dd-4305-9fd8-653782ed82b5'),(583,292,2,NULL,NULL,1,'2023-06-13 08:43:25','2023-06-13 08:43:25','1f9da967-525e-4c7f-ab88-879bb5829821'),(584,293,1,NULL,NULL,1,'2023-06-13 08:43:25','2023-06-13 08:43:25','69e7feb9-c4dc-4f0d-be3a-5ffcaeda0d0e'),(585,293,2,NULL,NULL,1,'2023-06-13 08:43:25','2023-06-13 08:43:25','2e89deba-7403-4c8e-a6b9-220c5e099bc2'),(586,294,1,NULL,NULL,1,'2023-06-13 08:43:25','2023-06-13 08:43:25','8668ca12-7e4c-4cdd-a723-d5d27c5e6a24'),(587,294,2,NULL,NULL,1,'2023-06-13 08:43:25','2023-06-13 08:43:25','b56461ce-1d40-43d2-9507-6e88e346e6f8'),(588,295,1,NULL,NULL,1,'2023-06-13 08:43:25','2023-06-13 08:43:25','c3072a33-691c-4e84-adc5-207180fea8e3'),(589,295,2,NULL,NULL,1,'2023-06-13 08:43:25','2023-06-13 08:43:25','2cdebb0c-f7c8-486e-ace5-61f6d4089d48'),(590,296,1,NULL,NULL,1,'2023-06-13 08:43:25','2023-06-13 08:43:25','c5f8a801-0f37-45f5-b93e-95454e4b2ec3'),(591,296,2,NULL,NULL,1,'2023-06-13 08:43:25','2023-06-13 08:43:25','b3c72653-85ef-40fb-b86f-e7f4fe68ed58'),(592,297,1,NULL,NULL,1,'2023-06-13 08:43:25','2023-06-13 08:43:25','60876da2-eb6b-4eb2-91c1-34769038b465'),(593,297,2,NULL,NULL,1,'2023-06-13 08:43:25','2023-06-13 08:43:25','b6306e07-8147-4182-8a3d-c780c03f9ff0'),(594,298,1,NULL,NULL,1,'2023-06-13 08:43:30','2023-06-13 08:43:30','fff4cd88-8c61-41d9-a8a7-563416ba588b'),(595,298,2,NULL,NULL,1,'2023-06-13 08:43:30','2023-06-13 08:43:30','ef437894-43c4-4ca1-a352-6f7306193a70'),(596,299,1,NULL,NULL,1,'2023-06-13 08:43:30','2023-06-13 08:43:30','f792a78d-d683-42cd-9267-ebbe3ac2f037'),(597,299,2,NULL,NULL,1,'2023-06-13 08:43:30','2023-06-13 08:43:30','f2b524d5-996e-494e-a82d-95f486c37129'),(598,300,1,NULL,NULL,1,'2023-06-13 08:43:30','2023-06-13 08:43:30','481c382b-8cbb-432a-8e3a-4bc73f433220'),(599,300,2,NULL,NULL,1,'2023-06-13 08:43:30','2023-06-13 08:43:30','4f27fd23-4fd1-42ea-a2e8-8b83b2207e73'),(600,301,1,NULL,NULL,1,'2023-06-13 08:43:30','2023-06-13 08:43:30','fb601fa1-8093-4c6c-8be6-a683374c50ca'),(601,301,2,NULL,NULL,1,'2023-06-13 08:43:30','2023-06-13 08:43:30','a4178925-08f1-4eab-81c2-b7128b089ecd'),(602,302,1,NULL,NULL,1,'2023-06-13 08:43:30','2023-06-13 08:43:30','e6921ba1-d27c-4bd5-b267-adc94f599d80'),(603,302,2,NULL,NULL,1,'2023-06-13 08:43:30','2023-06-13 08:43:30','d91f8ebc-305b-41b5-bc21-7ba9c8672a7c'),(604,303,1,NULL,NULL,1,'2023-06-13 08:43:30','2023-06-13 08:43:30','a16925c7-76a7-4307-8f43-2e3ab2bd0ea1'),(605,303,2,NULL,NULL,1,'2023-06-13 08:43:30','2023-06-13 08:43:30','86f16050-eb92-46eb-b0e2-9f7fbd0c7b76'),(606,304,1,NULL,NULL,1,'2023-06-13 08:43:30','2023-06-13 08:43:30','594d91c4-6433-4ee3-9830-73bfe47c8afe'),(607,304,2,NULL,NULL,1,'2023-06-13 08:43:30','2023-06-13 08:43:30','bf2d2bbb-ed78-4035-8798-d55db91776b5'),(608,305,1,NULL,NULL,1,'2023-06-13 08:43:30','2023-06-13 08:43:30','1fa81f1d-664b-423d-b957-c54b2fa4be6e'),(609,305,2,NULL,NULL,1,'2023-06-13 08:43:30','2023-06-13 08:43:30','dcdff05d-ec15-4584-b1bc-8db47d1d3d8e'),(610,306,1,NULL,NULL,1,'2023-06-13 08:43:30','2023-06-13 08:43:30','bc36b35c-b630-4962-95b8-edc50f92fb6f'),(611,306,2,NULL,NULL,1,'2023-06-13 08:43:30','2023-06-13 08:43:30','0c02587c-b1b9-4514-a9a1-369d57b3c00a'),(630,316,1,NULL,NULL,1,'2023-06-13 08:46:54','2023-06-13 08:46:54','641dc2d5-2947-4f1c-b89b-c9b8e1550271'),(631,316,2,NULL,NULL,1,'2023-06-13 08:46:54','2023-06-13 08:46:54','22da81cc-beb5-4bce-b366-482d9feab087'),(632,317,1,NULL,NULL,1,'2023-06-13 08:46:54','2023-06-13 08:46:54','b0f48b43-5867-45e5-8870-485c7729ad50'),(633,317,2,NULL,NULL,1,'2023-06-13 08:46:54','2023-06-13 08:46:54','a9770b90-1e11-4483-849f-63737b5aa385'),(634,318,1,NULL,NULL,1,'2023-06-13 08:46:54','2023-06-13 08:46:54','0523c263-4271-44af-9f06-1e6da035c216'),(635,318,2,NULL,NULL,1,'2023-06-13 08:46:54','2023-06-13 08:46:54','b4ce5d71-22e1-4247-b5f7-27bb9e0a95a6'),(636,319,1,NULL,NULL,1,'2023-06-13 08:46:54','2023-06-13 08:46:54','a577108b-b9a9-412f-8593-4a8703371eb4'),(637,319,2,NULL,NULL,1,'2023-06-13 08:46:54','2023-06-13 08:46:54','496ad9fd-16c2-41b4-9af0-8127e77ccdce'),(638,320,1,NULL,NULL,1,'2023-06-13 08:46:54','2023-06-13 08:46:54','31d8c844-1fc9-4f2c-a3a8-afcda1c30ca4'),(639,320,2,NULL,NULL,1,'2023-06-13 08:46:54','2023-06-13 08:46:54','074174da-2bc1-4caa-80d8-220d53aebe9e'),(640,321,1,NULL,NULL,1,'2023-06-13 08:46:54','2023-06-13 08:46:54','4f318bde-12da-4dca-ab7f-4da405aa5284'),(641,321,2,NULL,NULL,1,'2023-06-13 08:46:54','2023-06-13 08:46:54','4a9681c6-dbcd-470b-b23f-6fc395ec15b9'),(642,322,1,NULL,NULL,1,'2023-06-13 08:46:54','2023-06-13 08:46:54','fb577f9a-c812-4814-b8ec-0927972c0b60'),(643,322,2,NULL,NULL,1,'2023-06-13 08:46:54','2023-06-13 08:46:54','1e7d247b-94fa-4716-bd16-9a97cbd9c553'),(644,323,1,NULL,NULL,1,'2023-06-13 08:46:54','2023-06-13 08:46:54','1a512ce1-ad3b-499e-aada-71159f2d2ee4'),(645,323,2,NULL,NULL,1,'2023-06-13 08:46:54','2023-06-13 08:46:54','b82d5cc4-7c0c-4dcf-813b-1836e5984c3c'),(646,324,1,NULL,NULL,1,'2023-06-13 08:46:54','2023-06-13 08:46:54','0a4f74a6-5ea6-4089-b8ce-974d2ed349ae'),(647,324,2,NULL,NULL,1,'2023-06-13 08:46:54','2023-06-13 08:46:54','b129b467-04cc-450c-85b3-8823c4cc0ad8'),(648,325,1,'block-samples','posts/block-samples',1,'2023-06-13 08:46:54','2023-06-13 08:46:54','d146cf92-e201-4398-a44b-bddfc3916676'),(649,325,2,'block-beispiele','beitraege/block-beispiele',1,'2023-06-13 08:46:54','2023-06-13 08:46:54','ac44757a-9c75-4e71-9227-964cb3d8984f'),(650,326,1,NULL,NULL,1,'2023-06-13 08:46:54','2023-06-13 08:46:54','2c0fa9e7-2655-4704-9ad7-45e662fb8516'),(651,326,2,NULL,NULL,1,'2023-06-13 08:46:54','2023-06-13 08:46:54','0ab695c1-46eb-4297-99c1-933a90a6628e'),(652,327,1,NULL,NULL,1,'2023-06-13 08:46:54','2023-06-13 08:46:54','4a084576-0af6-40cf-a9b8-85e96236628e'),(653,327,2,NULL,NULL,1,'2023-06-13 08:46:54','2023-06-13 08:46:54','50038001-7519-46a9-aac2-8ffe285c0d20'),(654,328,1,NULL,NULL,1,'2023-06-13 08:46:54','2023-06-13 08:46:54','420169ee-db78-4b65-95b7-62b104670adf'),(655,328,2,NULL,NULL,1,'2023-06-13 08:46:54','2023-06-13 08:46:54','0e2766d2-fee4-4f24-b593-047d683deb91'),(656,329,1,NULL,NULL,1,'2023-06-13 08:46:54','2023-06-13 08:46:54','9017d23f-7467-4eee-9e59-fa4a912995b0'),(657,329,2,NULL,NULL,1,'2023-06-13 08:46:54','2023-06-13 08:46:54','4e5c0ec6-42ea-469b-a792-9678b8093c2d'),(658,330,1,NULL,NULL,1,'2023-06-13 08:46:54','2023-06-13 08:46:54','cf8e7176-2860-456c-993f-804fe1e99e2a'),(659,330,2,NULL,NULL,1,'2023-06-13 08:46:54','2023-06-13 08:46:54','2310e12d-d68c-4815-97cb-9170b3e839c3'),(660,331,1,NULL,NULL,1,'2023-06-13 08:46:54','2023-06-13 08:46:54','02849ec8-5d01-4aeb-8078-49e48c76a169'),(661,331,2,NULL,NULL,1,'2023-06-13 08:46:54','2023-06-13 08:46:54','4821d537-6622-4b2f-b9bf-b869ebc494b9'),(662,332,1,NULL,NULL,1,'2023-06-13 08:46:54','2023-06-13 08:46:54','99166bb6-9673-4f0b-b884-dc79a1212c06'),(663,332,2,NULL,NULL,1,'2023-06-13 08:46:54','2023-06-13 08:46:54','502617ac-8978-4934-81bd-6555775d056a'),(664,333,1,NULL,NULL,1,'2023-06-13 08:46:54','2023-06-13 08:46:54','be273162-9979-4951-b5e0-d490db1059df'),(665,333,2,NULL,NULL,1,'2023-06-13 08:46:54','2023-06-13 08:46:54','015f2d01-24c7-48c6-a4d1-d82610ae5ed3'),(666,334,1,NULL,NULL,1,'2023-06-13 08:46:54','2023-06-13 08:46:54','ef8f976e-6b82-40d4-bbbe-9ef81e49d0db'),(667,334,2,NULL,NULL,1,'2023-06-13 08:46:54','2023-06-13 08:46:54','ad1418a3-8a98-416e-9d81-24f40458efc2'),(668,335,1,NULL,NULL,1,'2023-06-13 08:46:54','2023-06-13 08:46:54','d9deca01-3d02-495e-aaac-db710ac38b83'),(669,335,2,NULL,NULL,1,'2023-06-13 08:46:54','2023-06-13 08:46:54','6a55272c-486d-4f90-b4e5-686e73472003'),(670,336,1,NULL,NULL,1,'2023-06-13 08:46:54','2023-06-13 08:46:54','ea24dad5-80f5-4924-89cb-cf9d11f321cb'),(671,336,2,NULL,NULL,1,'2023-06-13 08:46:54','2023-06-13 08:46:54','da3920fc-84cc-4f6b-a41e-9c30d27e5edd'),(676,339,1,'block-samples','posts/block-samples',1,'2023-06-13 08:47:51','2023-06-13 08:47:51','181aac0f-6604-474c-8fad-9be5cac6408d'),(677,339,2,'block-beispiele','beitraege/block-beispiele',1,'2023-06-13 08:47:51','2023-06-13 08:47:51','5cda1de6-30dc-4922-9821-aa9ebb5a10b5'),(678,340,1,NULL,NULL,1,'2023-06-13 08:47:51','2023-06-13 08:47:51','47008287-9c05-4366-9413-7fe6b389e525'),(679,340,2,NULL,NULL,1,'2023-06-13 08:47:51','2023-06-13 08:47:51','393b457e-600f-440f-82c5-e07faa12e2a7'),(680,341,1,NULL,NULL,1,'2023-06-13 08:47:51','2023-06-13 08:47:51','fca1c2bc-cb7c-4a8c-ba52-22e7bc6b8e79'),(681,341,2,NULL,NULL,1,'2023-06-13 08:47:51','2023-06-13 08:47:51','5ea431b3-d56a-4875-a121-7584a9e3ca14'),(682,342,1,NULL,NULL,1,'2023-06-13 08:47:51','2023-06-13 08:47:51','2998f30d-4a90-468b-8f4d-b1f4f1b912d2'),(683,342,2,NULL,NULL,1,'2023-06-13 08:47:51','2023-06-13 08:47:51','563f9ff4-62a1-4c3a-836a-d614e2d8b51c'),(684,343,1,NULL,NULL,1,'2023-06-13 08:47:51','2023-06-13 08:47:51','3b6a8377-e1c0-4d40-8276-062cc8411a64'),(685,343,2,NULL,NULL,1,'2023-06-13 08:47:51','2023-06-13 08:47:51','bd1eabec-9f1b-4c69-ae38-9d2a2239c161'),(686,344,1,NULL,NULL,1,'2023-06-13 08:47:51','2023-06-13 08:47:51','0f82166f-efcc-4131-a1ee-2217d6f7a256'),(687,344,2,NULL,NULL,1,'2023-06-13 08:47:51','2023-06-13 08:47:51','99ec6651-a5ab-481a-8574-82458e5d2440'),(688,345,1,NULL,NULL,1,'2023-06-13 08:47:51','2023-06-13 08:47:51','3d0e7a5f-65de-4c5e-b9d0-3643254badd0'),(689,345,2,NULL,NULL,1,'2023-06-13 08:47:51','2023-06-13 08:47:51','522937c8-4008-4183-b5ff-6049c10a3f22'),(690,346,1,NULL,NULL,1,'2023-06-13 08:47:51','2023-06-13 08:47:51','3e4424be-bb8e-41a2-bba8-c626353dbcfd'),(691,346,2,NULL,NULL,1,'2023-06-13 08:47:51','2023-06-13 08:47:51','9ab38bca-aa8b-4400-8867-8ec0ddb80e1f'),(692,347,1,NULL,NULL,1,'2023-06-13 08:47:51','2023-06-13 08:47:51','b5efe601-087c-4f43-827a-17f5f8b5dc84'),(693,347,2,NULL,NULL,1,'2023-06-13 08:47:51','2023-06-13 08:47:51','bd6efeec-b4eb-43a1-a811-29da2af20cd2'),(694,348,1,NULL,NULL,1,'2023-06-13 08:47:51','2023-06-13 08:47:51','2440ac69-c874-4e85-8859-2b1dc75164e5'),(695,348,2,NULL,NULL,1,'2023-06-13 08:47:51','2023-06-13 08:47:51','2c4854ee-3f8f-4dd3-a2a8-bc769b08f1fa'),(696,349,1,NULL,NULL,1,'2023-06-13 08:47:51','2023-06-13 08:47:51','a6b95f72-d7ab-4700-ad62-fdbe3a0c98d0'),(697,349,2,NULL,NULL,1,'2023-06-13 08:47:51','2023-06-13 08:47:51','c850e226-237d-43a8-b002-dd659a833c04'),(698,350,1,NULL,NULL,1,'2023-06-13 08:47:51','2023-06-13 08:47:51','357eb751-198b-4103-8dd0-492680d4ad43'),(699,350,2,NULL,NULL,1,'2023-06-13 08:47:51','2023-06-13 08:47:51','0a86e58a-477a-4496-a6f6-2b0c2df55b5a'),(702,352,1,'home','__home__',1,'2023-06-13 08:49:36','2023-06-13 08:49:36','207dec0a-0b09-4058-a26e-14ccc5d2fd36'),(703,352,2,'home','__home__',1,'2023-06-13 08:49:36','2023-06-13 08:49:36','eba6a075-4f6c-44f5-9293-5822afe6d72a'),(704,353,1,'about','about',1,'2023-06-13 08:51:17','2023-06-13 08:51:21','3768c883-252e-484d-9821-e079516d7ece'),(705,353,2,'ueber-uns','ueber-uns',1,'2023-06-13 08:51:17','2023-06-13 08:53:11','45d5f1cd-5633-48b0-8c8f-4a6ca4d87701'),(706,354,1,NULL,NULL,1,'2023-06-13 08:51:39','2023-06-13 08:51:39','1f447706-ad33-4d61-a5b3-25c6c59b83eb'),(707,354,2,NULL,NULL,1,'2023-06-13 08:51:39','2023-06-13 08:51:39','979efd66-2d98-4bca-b5ef-2d15083d9e3a'),(708,355,1,NULL,NULL,1,'2023-06-13 08:51:56','2023-06-13 08:51:56','91c226b5-9f56-487f-a2fb-f52eaeeb1e9d'),(709,355,2,NULL,NULL,1,'2023-06-13 08:51:56','2023-06-13 08:51:56','0edc43e9-2e78-4c77-ab50-a8e9667f324d'),(710,356,1,NULL,NULL,1,'2023-06-13 08:52:02','2023-06-13 08:52:02','657a3a31-b9b4-4440-82d0-d18b454f5a24'),(711,356,2,NULL,NULL,1,'2023-06-13 08:52:02','2023-06-13 08:52:02','ac00fc78-9347-4d65-9a32-34a14ff8facb'),(712,357,1,NULL,NULL,1,'2023-06-13 08:52:03','2023-06-13 08:52:03','5d487479-36d9-44f1-aa3c-2e320bfcbfdf'),(713,357,2,NULL,NULL,1,'2023-06-13 08:52:03','2023-06-13 08:52:03','b7277e5d-8e99-48c6-b412-b74ae07a70bc'),(714,358,1,NULL,NULL,1,'2023-06-13 08:52:03','2023-06-13 08:52:03','6c2e0cb2-a881-4b52-9752-5a6b98b8a8b0'),(715,358,2,NULL,NULL,1,'2023-06-13 08:52:03','2023-06-13 08:52:03','9520b812-768c-49e5-a148-6244a35725f5'),(716,359,1,NULL,NULL,1,'2023-06-13 08:52:08','2023-06-13 08:52:08','eccb5524-d849-4441-b37e-54368ac88b32'),(717,359,2,NULL,NULL,1,'2023-06-13 08:52:08','2023-06-13 08:52:08','f8e74ce6-c4e2-4351-b52b-9c326f58d57a'),(718,360,1,NULL,NULL,1,'2023-06-13 08:52:08','2023-06-13 08:52:08','fc36a62d-3932-4256-80b7-dd05936ea9d2'),(719,360,2,NULL,NULL,1,'2023-06-13 08:52:08','2023-06-13 08:52:08','05b2a175-5546-4049-8882-dc76983fc194'),(720,361,2,NULL,NULL,1,'2023-06-13 08:52:43','2023-06-13 08:52:43','badeb5c7-d2dc-4601-8488-b0865c8f31fe'),(721,361,1,NULL,NULL,1,'2023-06-13 08:52:43','2023-06-13 08:52:43','f51b23d9-efa8-4b91-a5d7-e4f994a72bac'),(722,362,2,NULL,NULL,1,'2023-06-13 08:52:47','2023-06-13 08:52:47','254cd191-71c3-4a74-b3b5-462cfcd2c65a'),(723,362,1,NULL,NULL,1,'2023-06-13 08:52:47','2023-06-13 08:52:47','f14fd1c3-6411-4f26-b8d3-4e4ecf0afaca'),(724,363,2,'ueber-uns','ueber-uns',1,'2023-06-13 08:53:11','2023-06-13 08:53:11','8458f654-8b05-4b61-ab25-d7508d01b6ef'),(725,363,1,'about','about',1,'2023-06-13 08:53:11','2023-06-13 08:53:11','268cfd03-bb9e-43c2-b42f-79c243960b7c'),(726,364,2,NULL,NULL,1,'2023-06-13 08:53:11','2023-06-13 08:53:11','cee13e1d-7472-4ac0-869b-d9da77739c20'),(727,364,1,NULL,NULL,1,'2023-06-13 08:53:11','2023-06-13 08:53:11','7ee845e2-8205-4165-8285-e253f87c2398'),(728,365,2,NULL,NULL,1,'2023-06-13 08:53:12','2023-06-13 08:53:12','e0000154-62d8-4c0d-b9eb-1465f0f69e01'),(729,365,1,NULL,NULL,1,'2023-06-13 08:53:12','2023-06-13 08:53:12','4d72f4f3-ecee-43b1-9348-898d57ef0a9a'),(730,366,2,NULL,NULL,1,'2023-06-13 08:53:12','2023-06-13 08:53:12','29650826-220e-4481-a7c3-784cb455ad60'),(731,366,1,NULL,NULL,1,'2023-06-13 08:53:12','2023-06-13 08:53:12','c6c39af7-2392-4dc6-b3ca-4bea4a59603f'),(734,368,1,'about','about',1,'2023-06-13 09:24:05','2023-06-13 09:24:05','8c5e122c-2722-4c67-a36b-6b75137b4218'),(735,368,2,'ueber-uns','ueber-uns',1,'2023-06-13 09:24:05','2023-06-13 09:24:05','4ace6615-6a51-4444-bbd7-a06e9556d2c0'),(736,369,1,NULL,NULL,1,'2023-06-13 09:24:05','2023-06-13 09:24:05','5a2462d5-8d32-4c77-ab96-ed1ca3bcd786'),(737,369,2,NULL,NULL,1,'2023-06-13 09:24:05','2023-06-13 09:24:05','bb981a5a-c392-4c8d-9a0b-a13c6be0acc8'),(738,370,1,NULL,NULL,1,'2023-06-13 09:24:05','2023-06-13 09:24:05','6416dd37-51ad-4591-835b-a08bd0c421f6'),(739,370,2,NULL,NULL,1,'2023-06-13 09:24:05','2023-06-13 09:24:05','4937b40e-9b50-43c8-94fe-2b6216ba0a29'),(740,371,1,NULL,NULL,1,'2023-06-13 09:24:05','2023-06-13 09:24:05','167f2c4e-8416-4043-9f6d-7017a9a03cd9'),(741,371,2,NULL,NULL,1,'2023-06-13 09:24:05','2023-06-13 09:24:05','82493dfe-38e3-429b-b37d-18ea77dac80f'),(744,373,1,'about','about',1,'2023-06-13 09:24:58','2023-06-13 09:24:58','66ff6eb5-38a3-4f20-b32e-561b09bae590'),(745,373,2,'ueber-uns','ueber-uns',1,'2023-06-13 09:24:58','2023-06-13 09:24:58','58a31c4c-35f6-4c09-9a0f-f004aed49cd7'),(746,374,1,NULL,NULL,1,'2023-06-13 09:24:58','2023-06-13 09:24:58','07c0af9d-fa4a-4621-9688-049430ec98dd'),(747,374,2,NULL,NULL,1,'2023-06-13 09:24:58','2023-06-13 09:24:58','1de596be-1d12-4535-9521-ad51393f2439'),(748,375,1,NULL,NULL,1,'2023-06-13 09:24:58','2023-06-13 09:24:58','34deb989-e5ae-46f9-8dbb-b80f19d8a6c3'),(749,375,2,NULL,NULL,1,'2023-06-13 09:24:58','2023-06-13 09:24:58','6e2066a4-9a2f-4244-ad25-3b5668e984a3'),(750,376,1,NULL,NULL,1,'2023-06-13 09:24:58','2023-06-13 09:24:58','7232aeed-77ef-4eeb-bba5-1876425769be'),(751,376,2,NULL,NULL,1,'2023-06-13 09:24:58','2023-06-13 09:24:58','41174946-960c-4554-9d50-94572fe0f499'),(758,380,2,NULL,NULL,1,'2023-06-13 09:31:23','2023-06-13 09:31:23','72e32d52-1b58-4506-8412-f4acf4136a67'),(759,380,1,NULL,NULL,1,'2023-06-13 09:31:23','2023-06-13 09:31:23','d33b1459-f784-4ed9-99ce-48410576d97c'),(760,381,2,NULL,NULL,1,'2023-06-13 09:31:27','2023-06-13 09:31:27','41a0781e-595d-4db4-b15b-cb851ef37f38'),(761,381,1,NULL,NULL,1,'2023-06-13 09:31:27','2023-06-13 09:31:27','312e96c3-ee0e-424e-9e49-60661ddc7dd0'),(762,382,2,NULL,NULL,1,'2023-06-13 09:31:38','2023-06-13 09:31:38','f3a2812c-f4c7-4b23-b07f-66146f4431f9'),(763,382,1,NULL,NULL,1,'2023-06-13 09:31:38','2023-06-13 09:31:38','a1e0c34b-623f-4bdc-b93c-ade3bab6ddd4'),(764,383,2,NULL,NULL,1,'2023-06-13 09:31:51','2023-06-13 09:31:51','8c61abc0-c255-4681-a5fb-d84175062d8a'),(765,383,1,NULL,NULL,1,'2023-06-13 09:31:51','2023-06-13 09:31:51','4abed6ac-9f49-495b-bc71-8d9462baddf1'),(766,384,2,NULL,NULL,1,'2023-06-13 09:31:57','2023-06-13 09:31:57','b159d420-250a-492c-9013-d1ac6d225bae'),(767,384,1,NULL,NULL,1,'2023-06-13 09:31:57','2023-06-13 09:31:57','fd656597-d045-42fe-9e72-350660e9ce9b'),(768,385,2,NULL,NULL,1,'2023-06-13 09:31:57','2023-06-13 09:31:57','acd8bd7f-4ba4-4776-ad29-cd85ad3c38c2'),(769,385,1,NULL,NULL,1,'2023-06-13 09:31:57','2023-06-13 09:31:57','76970082-bde4-47e3-8a99-adc32e0cb162'),(770,386,2,NULL,NULL,1,'2023-06-13 09:32:01','2023-06-13 09:32:01','d013ca50-2863-4bb4-abdd-97b6a595de0c'),(771,386,1,NULL,NULL,1,'2023-06-13 09:32:01','2023-06-13 09:32:01','56f6f46a-b9be-4c10-ac6d-b072391044d0'),(772,387,2,NULL,NULL,1,'2023-06-13 09:32:01','2023-06-13 09:32:01','49819e3c-7239-45ab-95a4-141e5c476fdd'),(773,387,1,NULL,NULL,1,'2023-06-13 09:32:01','2023-06-13 09:32:01','a2fc487c-320e-4394-9e0d-6c5e6e68c7e9'),(774,388,2,NULL,NULL,1,'2023-06-13 09:32:11','2023-06-13 09:32:11','d3fafca6-cc3d-415e-8146-d1fd1537ad7c'),(775,388,1,NULL,NULL,1,'2023-06-13 09:32:11','2023-06-13 09:32:11','e8904bd1-85a6-4da2-b9f2-5c6fa0933149'),(776,389,2,NULL,NULL,1,'2023-06-13 09:32:11','2023-06-13 09:32:11','96c1aa4c-098d-4a19-a84f-943eade95989'),(777,389,1,NULL,NULL,1,'2023-06-13 09:32:11','2023-06-13 09:32:11','b2cd7c8b-a067-4be1-a766-646810f6b45b'),(778,390,2,NULL,NULL,1,'2023-06-13 09:32:11','2023-06-13 09:32:11','40e7002a-d7b0-4798-aec0-25068cac5b79'),(779,390,1,NULL,NULL,1,'2023-06-13 09:32:11','2023-06-13 09:32:11','84507b8c-4bf1-469e-a2a6-e7610effd097'),(780,391,2,NULL,NULL,1,'2023-06-13 09:32:15','2023-06-13 09:32:15','8ea18129-3e58-4f00-bede-fd3b735dd119'),(781,391,1,NULL,NULL,1,'2023-06-13 09:32:15','2023-06-13 09:32:15','679b6c04-68c7-46bc-a073-df63fb9cf706'),(782,392,2,NULL,NULL,1,'2023-06-13 09:32:15','2023-06-13 09:32:15','3339af1b-6b0a-4a79-be35-e22836971981'),(783,392,1,NULL,NULL,1,'2023-06-13 09:32:15','2023-06-13 09:32:15','1fea6fd9-fba5-45be-84c0-f863fea43b87'),(784,393,2,NULL,NULL,1,'2023-06-13 09:32:15','2023-06-13 09:32:15','015e681b-dbb1-44cf-8a52-d8cffb11bef2'),(785,393,1,NULL,NULL,1,'2023-06-13 09:32:15','2023-06-13 09:32:15','2c3316e3-d641-4a1b-995b-c662a2260eda'),(786,394,2,NULL,NULL,1,'2023-06-13 09:32:26','2023-06-13 09:32:26','227ec45e-e396-46ce-869e-3e03387e7736'),(787,394,1,NULL,NULL,1,'2023-06-13 09:32:26','2023-06-13 09:32:26','f13f32d0-b291-4788-9f5d-0ef5b1740e6d'),(788,395,2,NULL,NULL,1,'2023-06-13 09:32:26','2023-06-13 09:32:26','cf55ec70-6f55-4080-a8bc-e53953c6f52c'),(789,395,1,NULL,NULL,1,'2023-06-13 09:32:26','2023-06-13 09:32:26','721f5cef-b8b2-457d-993f-84f508293ae7'),(790,396,2,NULL,NULL,1,'2023-06-13 09:32:26','2023-06-13 09:32:26','e937dc16-a72b-4153-ada5-36efea786064'),(791,396,1,NULL,NULL,1,'2023-06-13 09:32:26','2023-06-13 09:32:26','d7441d00-8024-4593-9f0e-252347dc85a8'),(792,397,2,NULL,NULL,1,'2023-06-13 09:32:26','2023-06-13 09:32:26','f92dbe5f-1244-46d6-94dc-10b6422d527d'),(793,397,1,NULL,NULL,1,'2023-06-13 09:32:26','2023-06-13 09:32:26','93595b2a-3f5e-4589-9f8f-b7392c177556'),(802,402,2,NULL,NULL,1,'2023-06-13 09:32:40','2023-06-13 09:32:40','3d118881-3171-489e-bce6-84e70fae0b03'),(803,402,1,NULL,NULL,1,'2023-06-13 09:32:40','2023-06-13 09:32:40','6b75a2e9-e0d4-4b01-805a-901ce09266d8'),(804,403,2,NULL,NULL,1,'2023-06-13 09:32:40','2023-06-13 09:32:40','991add53-60a4-4273-bdca-df80fc59c01d'),(805,403,1,NULL,NULL,1,'2023-06-13 09:32:40','2023-06-13 09:32:40','f0e3edfa-9c6a-42a0-9323-129e4cd7eddb'),(806,404,2,NULL,NULL,1,'2023-06-13 09:32:40','2023-06-13 09:32:40','f991f815-7c7d-4abf-be69-c066ae9fc231'),(807,404,1,NULL,NULL,1,'2023-06-13 09:32:40','2023-06-13 09:32:40','2687891b-c709-4068-bf53-5ebddc855c3c'),(808,405,2,NULL,NULL,1,'2023-06-13 09:32:40','2023-06-13 09:32:40','4d8238fd-7d6c-4b1b-90f6-69377f4e4ec3'),(809,405,1,NULL,NULL,1,'2023-06-13 09:32:40','2023-06-13 09:32:40','66c6ea0f-3c3d-4de2-9abc-607e2429ca88'),(810,406,2,'block-beispiele','beitraege/block-beispiele',1,'2023-06-13 09:32:40','2023-06-13 09:32:40','43aaf7b2-4d18-4a87-89f9-bd4382695f58'),(811,406,1,'block-samples','posts/block-samples',1,'2023-06-13 09:32:40','2023-06-13 09:32:40','ebe023a1-fe19-4825-875d-39f1610c3b83'),(812,407,2,NULL,NULL,1,'2023-06-13 09:32:40','2023-06-13 09:32:40','7c9a0ece-f524-4b83-b6d7-86e415aca66f'),(813,407,1,NULL,NULL,1,'2023-06-13 09:32:40','2023-06-13 09:32:40','b452a59c-d767-4033-b7f1-a4ad68592a20'),(814,408,2,NULL,NULL,1,'2023-06-13 09:32:41','2023-06-13 09:32:41','730dd9dc-21a9-49db-85e5-d7f8958c56e7'),(815,408,1,NULL,NULL,1,'2023-06-13 09:32:41','2023-06-13 09:32:41','ef758e39-35d7-4d32-ad67-25a449cb1a05'),(816,409,2,NULL,NULL,1,'2023-06-13 09:32:41','2023-06-13 09:32:41','d0389876-4aec-4864-8090-66c7b5720fec'),(817,409,1,NULL,NULL,1,'2023-06-13 09:32:41','2023-06-13 09:32:41','6d8eb1fb-e0ae-4cd6-aa7e-c8d8ac55265f'),(818,410,2,NULL,NULL,1,'2023-06-13 09:32:41','2023-06-13 09:32:41','a534fbab-b9fe-4473-8ed6-80518e7db2d6'),(819,410,1,NULL,NULL,1,'2023-06-13 09:32:41','2023-06-13 09:32:41','6507a39e-be4b-4a4b-aea7-062389a4dc54'),(820,411,2,NULL,NULL,1,'2023-06-13 09:32:41','2023-06-13 09:32:41','ac6225fa-2d03-4f08-bca5-a1c0fb2c266f'),(821,411,1,NULL,NULL,1,'2023-06-13 09:32:41','2023-06-13 09:32:41','a95ee58c-fc9a-4cd1-80e2-b986e38d0810'),(822,412,2,NULL,NULL,1,'2023-06-13 09:32:41','2023-06-13 09:32:41','061f04c4-9389-4344-b605-d21688d90bcf'),(823,412,1,NULL,NULL,1,'2023-06-13 09:32:41','2023-06-13 09:32:41','7b25e4a6-51d5-40cb-aaa8-b1df53a3f46f'),(824,413,2,NULL,NULL,1,'2023-06-13 09:32:41','2023-06-13 09:32:41','c1b42991-ecf2-449d-b466-a102d97852ad'),(825,413,1,NULL,NULL,1,'2023-06-13 09:32:41','2023-06-13 09:32:41','1f25f6b9-b49e-4c0a-9e8d-155bce206573'),(826,414,2,NULL,NULL,1,'2023-06-13 09:32:41','2023-06-13 09:32:41','31cf7878-f23c-4567-98a9-da11a6713a4a'),(827,414,1,NULL,NULL,1,'2023-06-13 09:32:41','2023-06-13 09:32:41','3dae003c-0472-4087-a3be-f928d3a000f6'),(828,415,2,NULL,NULL,1,'2023-06-13 09:32:41','2023-06-13 09:32:41','b6b3ff10-2503-4356-a3e5-088493de4600'),(829,415,1,NULL,NULL,1,'2023-06-13 09:32:41','2023-06-13 09:32:41','74a61b6f-9e65-45de-9141-c1277b7f1c30'),(830,416,2,NULL,NULL,1,'2023-06-13 09:32:41','2023-06-13 09:32:41','e5f4077e-8b07-4454-b654-e1b57b575513'),(831,416,1,NULL,NULL,1,'2023-06-13 09:32:41','2023-06-13 09:32:41','099d42b1-f2b9-4b45-bc71-3b85b4c9a5ca'),(832,417,2,NULL,NULL,1,'2023-06-13 09:32:41','2023-06-13 09:32:41','7c7685a4-cb47-4f7b-b1d0-4bf322bfac63'),(833,417,1,NULL,NULL,1,'2023-06-13 09:32:41','2023-06-13 09:32:41','27ba95f0-62f0-4829-bb3b-fda109558930'),(834,418,2,NULL,NULL,1,'2023-06-13 09:32:41','2023-06-13 09:32:41','3b7c8086-cae9-48e8-90f9-ce6ffceaa5d4'),(835,418,1,NULL,NULL,1,'2023-06-13 09:32:41','2023-06-13 09:32:41','13d493d4-3231-415c-8bb7-ecef2aeafbfc'),(836,419,2,NULL,NULL,1,'2023-06-13 09:32:41','2023-06-13 09:32:41','4bc7dc8b-1e4c-4996-9804-1fafca29a511'),(837,419,1,NULL,NULL,1,'2023-06-13 09:32:41','2023-06-13 09:32:41','a1c1e3ff-3ed0-4633-8d56-25a3579b7ae8'),(838,420,2,NULL,NULL,1,'2023-06-13 09:32:41','2023-06-13 09:32:41','65e37ba5-a448-486a-81c7-527b4ab4230b'),(839,420,1,NULL,NULL,1,'2023-06-13 09:32:41','2023-06-13 09:32:41','4d104800-2096-4aa4-9076-7ee5c019a8e2'),(840,421,2,NULL,NULL,1,'2023-06-13 09:32:41','2023-06-13 09:32:41','7d510a02-ebac-4d45-b627-2179c537e6f9'),(841,421,1,NULL,NULL,1,'2023-06-13 09:32:41','2023-06-13 09:32:41','6dbd1f54-d590-4322-9fdc-53a7ae5b82c1');
/*!40000 ALTER TABLE `elements_sites` ENABLE KEYS */;
UNLOCK TABLES;
commit;

--
-- Dumping data for table `entries`
--

LOCK TABLES `entries` WRITE;
/*!40000 ALTER TABLE `entries` DISABLE KEYS */;
set autocommit=0;
INSERT INTO `entries` VALUES (1,3,NULL,1,NULL,'2023-06-11 14:31:00',NULL,NULL,'2023-06-11 14:31:23','2023-06-11 14:31:23'),(2,3,NULL,1,NULL,'2023-06-11 14:31:00',NULL,NULL,'2023-06-11 14:31:23','2023-06-11 14:31:23'),(3,3,NULL,1,NULL,'2023-06-11 14:31:00',NULL,NULL,'2023-06-11 14:31:23','2023-06-11 14:31:23'),(4,2,NULL,5,NULL,'2023-06-11 14:31:00',NULL,NULL,'2023-06-11 14:31:23','2023-06-11 14:31:23'),(5,2,NULL,5,NULL,'2023-06-11 14:31:00',NULL,NULL,'2023-06-11 14:31:23','2023-06-11 14:31:23'),(6,2,NULL,5,NULL,'2023-06-11 14:31:00',NULL,NULL,'2023-06-11 14:31:23','2023-06-11 14:31:23'),(7,3,NULL,1,NULL,'2023-06-11 14:31:00',NULL,NULL,'2023-06-11 14:31:24','2023-06-11 14:31:24'),(8,3,NULL,1,NULL,'2023-06-11 14:31:00',NULL,NULL,'2023-06-11 14:31:24','2023-06-11 14:31:24'),(9,2,NULL,5,NULL,'2023-06-11 14:31:00',NULL,NULL,'2023-06-11 14:31:24','2023-06-11 14:31:24'),(10,2,NULL,5,NULL,'2023-06-11 14:31:00',NULL,NULL,'2023-06-11 14:31:24','2023-06-11 14:31:24'),(12,1,NULL,2,11,'2023-06-11 14:31:40',NULL,NULL,'2023-06-11 14:31:40','2023-06-11 14:31:40'),(14,1,NULL,2,11,'2023-06-11 14:31:40',NULL,NULL,'2023-06-11 14:31:40','2023-06-11 14:31:40'),(16,1,NULL,2,11,'2023-06-10 14:31:40',NULL,NULL,'2023-06-11 14:31:40','2023-06-11 14:31:40'),(18,1,NULL,2,11,'2023-06-10 14:31:40',NULL,NULL,'2023-06-11 14:31:40','2023-06-11 14:31:40'),(20,1,NULL,2,11,'2023-06-09 14:31:41',NULL,NULL,'2023-06-11 14:31:41','2023-06-11 14:31:41'),(23,1,NULL,2,11,'2023-06-09 14:31:41',NULL,NULL,'2023-06-11 14:31:41','2023-06-11 14:31:41'),(26,4,NULL,4,11,'2023-06-11 14:31:00',NULL,NULL,'2023-06-11 14:31:41','2023-06-11 14:31:41'),(27,4,NULL,4,11,'2023-06-11 14:31:00',NULL,NULL,'2023-06-11 14:31:41','2023-06-11 14:31:41'),(28,4,NULL,4,11,'2023-06-11 14:31:00',NULL,NULL,'2023-06-11 14:31:41','2023-06-11 14:31:41'),(29,2,NULL,5,NULL,'2023-06-11 14:31:00',NULL,NULL,'2023-06-11 14:31:41','2023-06-11 14:31:41'),(33,1,NULL,2,11,'2023-06-11 14:31:40',NULL,NULL,'2023-06-11 14:36:25','2023-06-11 14:36:25'),(35,1,NULL,2,11,'2023-06-11 14:55:00',NULL,NULL,'2023-06-11 14:47:10','2023-06-11 14:55:50'),(40,1,NULL,2,11,'2023-06-11 14:55:00',NULL,NULL,'2023-06-11 14:55:50','2023-06-11 14:55:50'),(44,3,NULL,1,NULL,'2023-06-11 14:31:00',NULL,NULL,'2023-06-12 08:29:08','2023-06-12 08:29:08'),(46,2,NULL,5,NULL,'2023-06-11 14:31:00',NULL,NULL,'2023-06-12 08:51:30','2023-06-12 08:51:30'),(48,2,NULL,5,NULL,'2023-06-11 14:31:00',NULL,NULL,'2023-06-12 08:51:42','2023-06-12 08:51:42'),(51,2,NULL,5,NULL,'2023-06-11 14:31:00',NULL,NULL,'2023-06-12 08:53:25','2023-06-12 08:53:25'),(54,1,NULL,2,11,'2023-06-11 14:55:00',NULL,NULL,'2023-06-12 09:02:49','2023-06-12 09:02:49'),(59,1,NULL,2,11,'2023-06-11 14:55:00',NULL,NULL,'2023-06-13 07:47:45','2023-06-13 07:47:45'),(64,1,NULL,2,11,'2023-06-11 14:55:00',NULL,NULL,'2023-06-13 07:55:38','2023-06-13 07:55:38'),(69,1,NULL,2,11,'2023-06-11 14:31:40',NULL,NULL,'2023-06-13 07:58:23','2023-06-13 07:58:23'),(74,1,NULL,2,11,'2023-06-10 14:31:40',NULL,NULL,'2023-06-13 08:08:25','2023-06-13 08:08:25'),(79,1,NULL,2,11,'2023-06-09 14:31:41',NULL,NULL,'2023-06-13 08:09:00','2023-06-13 08:09:00'),(83,1,NULL,2,11,'2023-06-09 14:31:41',NULL,NULL,'2023-06-13 08:09:30','2023-06-13 08:09:30'),(88,1,NULL,2,11,'2023-06-11 14:31:40',NULL,NULL,'2023-06-13 08:10:31','2023-06-13 08:10:31'),(91,1,NULL,2,11,'2023-06-11 14:55:00',NULL,NULL,'2023-06-13 08:12:04','2023-06-13 08:12:04'),(97,1,NULL,2,11,'2023-06-09 14:31:41',NULL,NULL,'2023-06-13 08:24:03','2023-06-13 08:24:03'),(103,1,NULL,2,11,'2023-06-09 14:31:41',NULL,NULL,'2023-06-13 08:32:03','2023-06-13 08:32:03'),(325,1,NULL,2,11,'2023-06-11 14:55:00',NULL,NULL,'2023-06-13 08:46:54','2023-06-13 08:46:54'),(339,1,NULL,2,11,'2023-06-11 14:55:00',NULL,NULL,'2023-06-13 08:47:51','2023-06-13 08:47:51'),(352,3,NULL,1,NULL,'2023-06-11 14:31:00',NULL,NULL,'2023-06-13 08:49:36','2023-06-13 08:49:36'),(353,4,NULL,3,11,'2023-06-13 08:53:00',NULL,NULL,'2023-06-13 08:51:17','2023-06-13 08:53:11'),(363,4,NULL,3,11,'2023-06-13 08:53:00',NULL,NULL,'2023-06-13 08:53:11','2023-06-13 08:53:11'),(368,4,NULL,3,11,'2023-06-13 08:53:00',NULL,NULL,'2023-06-13 09:24:05','2023-06-13 09:24:05'),(373,4,NULL,3,11,'2023-06-13 08:53:00',NULL,NULL,'2023-06-13 09:24:58','2023-06-13 09:24:58'),(406,1,NULL,2,11,'2023-06-11 14:55:00',NULL,NULL,'2023-06-13 09:32:40','2023-06-13 09:32:40');
/*!40000 ALTER TABLE `entries` ENABLE KEYS */;
UNLOCK TABLES;
commit;

--
-- Dumping data for table `entrytypes`
--

LOCK TABLES `entrytypes` WRITE;
/*!40000 ALTER TABLE `entrytypes` DISABLE KEYS */;
set autocommit=0;
INSERT INTO `entrytypes` VALUES (1,3,3,'Home','home',0,'site',NULL,'{section.name|raw}',1,'2023-06-11 14:31:23','2023-06-11 14:31:23',NULL,'ab2052c5-b53a-4cbd-b95d-96ea7489c375'),(2,1,4,'Default','default',1,'language',NULL,NULL,1,'2023-06-11 14:31:23','2023-06-11 14:31:23',NULL,'817d3d1a-d840-41a0-85a2-898d07aef769'),(3,4,5,'Default','default',1,'language',NULL,NULL,1,'2023-06-11 14:31:23','2023-06-13 09:24:38',NULL,'19a49103-3b3e-48c0-955b-996599d8c651'),(4,4,6,'Post Index','postIndex',1,'language',NULL,NULL,3,'2023-06-11 14:31:23','2023-06-13 08:50:46',NULL,'0e989e8d-658a-4a1e-acf5-edb2387959ab'),(5,2,7,'Site Info - Global Settings','siteInfo',0,'site',NULL,'{section.name|raw}',1,'2023-06-11 14:31:23','2023-06-11 14:31:23',NULL,'8937bb02-c9d0-460b-81ef-1f1bda00e1f7');
/*!40000 ALTER TABLE `entrytypes` ENABLE KEYS */;
UNLOCK TABLES;
commit;

--
-- Dumping data for table `fieldgroups`
--

LOCK TABLES `fieldgroups` WRITE;
/*!40000 ALTER TABLE `fieldgroups` DISABLE KEYS */;
set autocommit=0;
INSERT INTO `fieldgroups` VALUES (1,'Common','2023-06-11 14:31:22','2023-06-11 14:31:22',NULL,'761cddc2-d969-4560-b5de-4bf2a393cb8a'),(2,'Site','2023-06-11 14:31:22','2023-06-11 14:31:22',NULL,'bbbea387-f8a6-43f7-ab94-dc572bd0cc77');
/*!40000 ALTER TABLE `fieldgroups` ENABLE KEYS */;
UNLOCK TABLES;
commit;

--
-- Dumping data for table `fieldlayoutfields`
--

LOCK TABLES `fieldlayoutfields` WRITE;
/*!40000 ALTER TABLE `fieldlayoutfields` DISABLE KEYS */;
set autocommit=0;
INSERT INTO `fieldlayoutfields` VALUES (47,3,28,1,0,1,'2023-06-11 14:31:24','2023-06-11 14:31:24','e924dffc-db4f-4008-9025-0c4fec043a44'),(48,3,28,3,0,2,'2023-06-11 14:31:24','2023-06-11 14:31:24','22970f18-9a8e-4971-946b-3b50f8d8d304'),(51,4,30,1,1,1,'2023-06-11 14:31:24','2023-06-11 14:31:24','705f0f9d-37ef-4f2b-8d65-b449d574d08c'),(52,4,30,3,1,2,'2023-06-11 14:31:24','2023-06-11 14:31:24','723dd184-d671-47d1-81f7-cd9d61495591'),(72,8,40,7,1,0,'2023-06-11 14:31:24','2023-06-11 14:31:24','b5106342-cdf0-4c42-89d6-7181f8569f5f'),(73,8,40,6,0,1,'2023-06-11 14:31:24','2023-06-11 14:31:24','cec9b960-93f6-4a3d-94e1-0aaa3e7552e9'),(74,8,40,8,0,2,'2023-06-11 14:31:24','2023-06-11 14:31:24','bdfdd0fd-f9ec-4ceb-9e40-88060fc36a03'),(77,9,42,10,1,0,'2023-06-11 14:31:24','2023-06-11 14:31:24','a9bc9dda-1496-4b77-8860-ab243985e6e6'),(78,9,42,9,1,1,'2023-06-11 14:31:24','2023-06-11 14:31:24','f7897f51-0ecb-4aae-85bf-ef449963f6ce'),(80,11,44,13,1,0,'2023-06-11 14:31:24','2023-06-11 14:31:24','e4d9f987-5338-4545-83ee-a75a09c7926b'),(84,10,48,12,1,0,'2023-06-11 14:48:50','2023-06-11 14:48:50','88ea5ed1-8de8-4f53-8561-49248dc26e0e'),(85,10,48,11,0,1,'2023-06-11 14:48:50','2023-06-11 14:48:50','d320d02c-8019-4ad8-af1f-9c57f50d26ad'),(86,7,49,5,0,1,'2023-06-12 08:51:30','2023-06-12 08:51:30','c5c1588b-cd40-487b-ab02-f584078acb38'),(87,7,49,4,0,2,'2023-06-12 08:51:30','2023-06-12 08:51:30','08c81df2-9c06-458b-a8fe-ffd102a9988b'),(88,7,49,1,0,3,'2023-06-12 08:51:30','2023-06-12 08:51:30','09de3cdd-ba2a-4690-a6ec-6b61492458a6'),(89,1,50,2,0,1,'2023-06-13 07:38:44','2023-06-13 07:38:44','3260cd66-51f9-4ec4-badd-9470d9a3701e'),(90,1,50,4,0,2,'2023-06-13 07:38:44','2023-06-13 07:38:44','84202bc6-ca8b-4bf9-8402-63d8f3c334ab'),(91,2,51,2,1,1,'2023-06-13 07:38:53','2023-06-13 07:38:53','259ec9de-951e-46b2-aeaa-c158ad8a34ca'),(92,2,51,4,0,2,'2023-06-13 07:38:53','2023-06-13 07:38:53','7521e70a-0072-4585-a261-38c9857d1b78'),(93,5,53,1,0,1,'2023-06-13 09:24:38','2023-06-13 09:24:38','f7a636d1-2f84-4f42-b20e-a4dea49a9b01'),(94,5,53,3,0,2,'2023-06-13 09:24:38','2023-06-13 09:24:38','3489e262-9fdf-4c0b-abca-982217328bf5');
/*!40000 ALTER TABLE `fieldlayoutfields` ENABLE KEYS */;
UNLOCK TABLES;
commit;

--
-- Dumping data for table `fieldlayouts`
--

LOCK TABLES `fieldlayouts` WRITE;
/*!40000 ALTER TABLE `fieldlayouts` DISABLE KEYS */;
set autocommit=0;
INSERT INTO `fieldlayouts` VALUES (1,'craft\\elements\\Asset','2023-06-11 14:31:23','2023-06-11 14:31:23',NULL,'1ee5afe0-0146-443b-abef-4a7ccb1d2137'),(2,'craft\\elements\\Asset','2023-06-11 14:31:23','2023-06-11 14:31:23',NULL,'a9d58556-baca-4c30-916a-bef0d1ee1f14'),(3,'craft\\elements\\Entry','2023-06-11 14:31:23','2023-06-11 14:31:23',NULL,'7401d309-e508-45cd-b5e8-a48f92283981'),(4,'craft\\elements\\Entry','2023-06-11 14:31:23','2023-06-11 14:31:23',NULL,'e3e14fe2-2ad5-4293-98c3-dc21e4272700'),(5,'craft\\elements\\Entry','2023-06-11 14:31:23','2023-06-11 14:31:23',NULL,'066117b4-ac70-4bb1-b6c2-b892f40a2428'),(6,'craft\\elements\\Entry','2023-06-11 14:31:23','2023-06-11 14:31:23',NULL,'3c0a4ae5-e759-4942-aa4e-c1737058ad0a'),(7,'craft\\elements\\Entry','2023-06-11 14:31:23','2023-06-11 14:31:23',NULL,'bde6c865-48ee-4415-9ac7-2ef82c0b9b2f'),(8,'craft\\elements\\MatrixBlock','2023-06-11 14:31:23','2023-06-11 14:31:23',NULL,'0a8eb920-774e-4467-b009-325d6a5b47a6'),(9,'craft\\elements\\MatrixBlock','2023-06-11 14:31:23','2023-06-11 14:31:23',NULL,'41e5d65a-c578-41e0-8470-21b000104054'),(10,'craft\\elements\\MatrixBlock','2023-06-11 14:31:23','2023-06-11 14:31:23',NULL,'b96ba22c-1dc3-4984-9618-dba5bf9072e1'),(11,'craft\\elements\\MatrixBlock','2023-06-11 14:31:23','2023-06-11 14:31:23',NULL,'6e414421-9c51-4c18-ae15-b858843720ed');
/*!40000 ALTER TABLE `fieldlayouts` ENABLE KEYS */;
UNLOCK TABLES;
commit;

--
-- Dumping data for table `fieldlayouttabs`
--

LOCK TABLES `fieldlayouttabs` WRITE;
/*!40000 ALTER TABLE `fieldlayouttabs` DISABLE KEYS */;
set autocommit=0;
INSERT INTO `fieldlayouttabs` VALUES (28,3,'Content','{\"userCondition\":null,\"elementCondition\":null}','[{\"type\":\"craft\\\\fieldlayoutelements\\\\entries\\\\EntryTitleField\",\"autocomplete\":false,\"class\":null,\"size\":null,\"name\":null,\"autocorrect\":true,\"autocapitalize\":true,\"disabled\":false,\"readonly\":false,\"title\":null,\"placeholder\":null,\"step\":null,\"min\":null,\"max\":null,\"requirable\":false,\"id\":null,\"containerAttributes\":[],\"inputContainerAttributes\":[],\"labelAttributes\":[],\"orientation\":null,\"label\":null,\"instructions\":null,\"tip\":null,\"warning\":null,\"width\":100,\"uid\":\"4a31dadb-3ebe-4829-8236-2bfce7d72b5e\",\"userCondition\":null,\"elementCondition\":null},{\"type\":\"craft\\\\fieldlayoutelements\\\\CustomField\",\"label\":null,\"instructions\":null,\"tip\":null,\"warning\":null,\"required\":false,\"width\":100,\"uid\":\"6000495f-d20c-4d59-adac-23d09575d4f0\",\"userCondition\":null,\"elementCondition\":null,\"fieldUid\":\"1d65442c-c0b9-46f4-8518-9a6c53e21bc1\"},{\"type\":\"craft\\\\fieldlayoutelements\\\\CustomField\",\"label\":null,\"instructions\":null,\"tip\":null,\"warning\":null,\"required\":false,\"width\":100,\"uid\":\"0442fdbb-7778-4e08-8d02-e35a73e9e416\",\"userCondition\":null,\"elementCondition\":null,\"fieldUid\":\"95f98672-9562-44a0-8639-92d2b55ceeb6\"}]',1,'2023-06-11 14:31:24','2023-06-11 14:31:24','6aacb145-186e-49b1-9bd2-baaa3327a8ba'),(30,4,'Content','{\"userCondition\":null,\"elementCondition\":null}','[{\"type\":\"craft\\\\fieldlayoutelements\\\\entries\\\\EntryTitleField\",\"autocomplete\":false,\"class\":null,\"size\":null,\"name\":null,\"autocorrect\":true,\"autocapitalize\":true,\"disabled\":false,\"readonly\":false,\"title\":null,\"placeholder\":null,\"step\":null,\"min\":null,\"max\":null,\"requirable\":false,\"id\":null,\"containerAttributes\":[],\"inputContainerAttributes\":[],\"labelAttributes\":[],\"orientation\":null,\"label\":null,\"instructions\":null,\"tip\":null,\"warning\":null,\"width\":100,\"uid\":\"174bd17b-9d69-405c-b8b0-5d1bf6df167a\",\"userCondition\":null,\"elementCondition\":null},{\"type\":\"craft\\\\fieldlayoutelements\\\\CustomField\",\"label\":null,\"instructions\":null,\"tip\":null,\"warning\":null,\"required\":true,\"width\":100,\"uid\":\"0bcdc5e3-aee1-418c-baf7-4913c1a9da66\",\"userCondition\":null,\"elementCondition\":null,\"fieldUid\":\"1d65442c-c0b9-46f4-8518-9a6c53e21bc1\"},{\"type\":\"craft\\\\fieldlayoutelements\\\\CustomField\",\"label\":null,\"instructions\":null,\"tip\":null,\"warning\":null,\"required\":true,\"width\":100,\"uid\":\"ed5bf3fe-47cf-4f2e-bfa1-80966b3e0ac2\",\"userCondition\":null,\"elementCondition\":null,\"fieldUid\":\"95f98672-9562-44a0-8639-92d2b55ceeb6\"}]',1,'2023-06-11 14:31:24','2023-06-11 14:31:24','547c5e84-0a14-4cb1-8567-8b569135baef'),(40,8,'Content','{\"userCondition\":null,\"elementCondition\":null}','[{\"type\":\"craft\\\\fieldlayoutelements\\\\CustomField\",\"label\":null,\"instructions\":null,\"tip\":null,\"warning\":null,\"required\":true,\"width\":100,\"uid\":\"d6458e2f-6659-428f-bfed-105b9d672eea\",\"userCondition\":null,\"elementCondition\":null,\"fieldUid\":\"63e734ee-d709-488a-bd8d-3a90ab070825\"},{\"type\":\"craft\\\\fieldlayoutelements\\\\CustomField\",\"label\":null,\"instructions\":null,\"tip\":null,\"warning\":null,\"required\":false,\"width\":100,\"uid\":\"44761774-ed94-4a0a-8278-6ea13d3b3d48\",\"userCondition\":null,\"elementCondition\":null,\"fieldUid\":\"1eac01fa-9e12-426e-a043-60ae35acf391\"},{\"type\":\"craft\\\\fieldlayoutelements\\\\CustomField\",\"label\":null,\"instructions\":null,\"tip\":null,\"warning\":null,\"required\":false,\"width\":100,\"uid\":\"867dfbcf-588a-435f-8dbd-b31e4d4a9347\",\"userCondition\":null,\"elementCondition\":null,\"fieldUid\":\"eb230d0c-f88a-40de-a743-994de14eb8f8\"}]',1,'2023-06-11 14:31:24','2023-06-11 14:31:24','756bc6cb-dc8c-4411-a1ce-c980d292105f'),(42,9,'Content','{\"userCondition\":null,\"elementCondition\":null}','[{\"type\":\"craft\\\\fieldlayoutelements\\\\CustomField\",\"label\":null,\"instructions\":null,\"tip\":null,\"warning\":null,\"required\":true,\"width\":75,\"uid\":\"f4e83568-6458-4bf3-9b47-b1359fa7dd54\",\"userCondition\":null,\"elementCondition\":null,\"fieldUid\":\"a4a0dfdc-289d-4d50-baae-6a3215a85701\"},{\"type\":\"craft\\\\fieldlayoutelements\\\\CustomField\",\"label\":null,\"instructions\":null,\"tip\":null,\"warning\":null,\"required\":true,\"width\":25,\"uid\":\"fdcd6c78-b61f-4ad7-80cc-58b9e85b6e96\",\"userCondition\":null,\"elementCondition\":null,\"fieldUid\":\"5c400efe-2716-4221-a54a-4ebaf6a3c6cb\"}]',1,'2023-06-11 14:31:24','2023-06-11 14:31:24','7d31a66e-6de9-46b8-8336-1205bfe7bb56'),(44,11,'Content','{\"userCondition\":null,\"elementCondition\":null}','[{\"type\":\"craft\\\\fieldlayoutelements\\\\CustomField\",\"label\":null,\"instructions\":null,\"tip\":null,\"warning\":null,\"required\":true,\"width\":100,\"uid\":\"d5c0bca6-0d1b-41e4-b861-ef78e7dfc7c8\",\"userCondition\":null,\"elementCondition\":null,\"fieldUid\":\"78ba6fca-0979-4552-a36e-f6f7a001b0f5\"}]',1,'2023-06-11 14:31:24','2023-06-11 14:31:24','cb85e172-be3d-443c-8def-36bee1a8c4a6'),(48,10,'Content','{\"userCondition\":null,\"elementCondition\":null}','[{\"type\":\"craft\\\\fieldlayoutelements\\\\CustomField\",\"label\":null,\"instructions\":null,\"tip\":null,\"warning\":null,\"required\":true,\"width\":100,\"uid\":\"53b039bc-1e34-432c-adfd-6ebaa5e40260\",\"userCondition\":null,\"elementCondition\":null,\"fieldUid\":\"abb455ba-032b-461d-9c8d-dca9ed3fc7bd\"},{\"type\":\"craft\\\\fieldlayoutelements\\\\CustomField\",\"label\":null,\"instructions\":null,\"tip\":null,\"warning\":null,\"required\":false,\"width\":100,\"uid\":\"e7f50fae-c8f1-4a55-9231-3186509b9f19\",\"userCondition\":null,\"elementCondition\":null,\"fieldUid\":\"4b9eed77-fa62-4ecc-9486-744a64f075d4\"}]',1,'2023-06-11 14:48:50','2023-06-11 14:48:50','76e79da0-ac5e-42ef-b095-ff42e4ff2b28'),(49,7,'Content','{\"userCondition\":null,\"elementCondition\":null}','[{\"type\":\"craft\\\\fieldlayoutelements\\\\entries\\\\EntryTitleField\",\"autocomplete\":false,\"class\":null,\"size\":null,\"name\":null,\"autocorrect\":true,\"autocapitalize\":true,\"disabled\":false,\"readonly\":false,\"title\":null,\"placeholder\":null,\"step\":null,\"min\":null,\"max\":null,\"requirable\":false,\"id\":null,\"containerAttributes\":[],\"inputContainerAttributes\":[],\"labelAttributes\":[],\"orientation\":null,\"label\":null,\"instructions\":null,\"tip\":null,\"warning\":null,\"width\":100,\"uid\":\"3bd488e7-e259-495d-94c6-7c255835294b\",\"userCondition\":null,\"elementCondition\":null},{\"type\":\"craft\\\\fieldlayoutelements\\\\CustomField\",\"label\":null,\"instructions\":null,\"tip\":null,\"warning\":null,\"required\":false,\"width\":100,\"uid\":\"b371723f-8ccc-4454-b211-37d094110d75\",\"userCondition\":null,\"elementCondition\":null,\"fieldUid\":\"0837f34c-eb77-4cca-bded-4b9c2d688a90\"},{\"type\":\"craft\\\\fieldlayoutelements\\\\CustomField\",\"label\":null,\"instructions\":null,\"tip\":null,\"warning\":null,\"required\":false,\"width\":100,\"uid\":\"6e118f46-8419-4f4a-894a-ceeec190f3bc\",\"userCondition\":null,\"elementCondition\":null,\"fieldUid\":\"560e7c36-f763-440f-b9b5-1d87228bc6df\"},{\"type\":\"craft\\\\fieldlayoutelements\\\\CustomField\",\"label\":\"Default Featured Image\",\"instructions\":null,\"tip\":null,\"warning\":null,\"required\":false,\"width\":100,\"uid\":\"3adb9569-f9be-4f86-9a6c-2df3d6816874\",\"userCondition\":null,\"elementCondition\":null,\"fieldUid\":\"1d65442c-c0b9-46f4-8518-9a6c53e21bc1\"}]',1,'2023-06-12 08:51:30','2023-06-12 08:51:30','44927ccf-a678-414e-bd93-d96a5fd71966'),(50,1,'Content','{\"userCondition\":null,\"elementCondition\":null}','[{\"type\":\"craft\\\\fieldlayoutelements\\\\assets\\\\AssetTitleField\",\"autocomplete\":false,\"class\":null,\"size\":null,\"name\":null,\"autocorrect\":true,\"autocapitalize\":true,\"disabled\":false,\"readonly\":false,\"title\":null,\"placeholder\":null,\"step\":null,\"min\":null,\"max\":null,\"requirable\":false,\"id\":null,\"containerAttributes\":[],\"inputContainerAttributes\":[],\"labelAttributes\":[],\"orientation\":null,\"label\":null,\"instructions\":null,\"tip\":null,\"warning\":null,\"width\":100,\"uid\":\"698de72a-7adc-45a6-a415-945a483e46fa\",\"userCondition\":null,\"elementCondition\":null},{\"type\":\"craft\\\\fieldlayoutelements\\\\CustomField\",\"label\":null,\"instructions\":null,\"tip\":null,\"warning\":null,\"required\":false,\"width\":100,\"uid\":\"4b73ae21-1a9b-4f0a-bd0f-d5ad49071a82\",\"userCondition\":null,\"elementCondition\":null,\"fieldUid\":\"a73e7c96-e9d2-4751-bf01-8a6baf5f3c46\"},{\"type\":\"craft\\\\fieldlayoutelements\\\\CustomField\",\"label\":null,\"instructions\":null,\"tip\":null,\"warning\":null,\"required\":false,\"width\":100,\"uid\":\"045c7332-986a-4e3f-b641-a12fe60aef57\",\"userCondition\":null,\"elementCondition\":null,\"fieldUid\":\"560e7c36-f763-440f-b9b5-1d87228bc6df\"}]',1,'2023-06-13 07:38:44','2023-06-13 07:38:44','ad2ff98e-1e14-4839-9d89-9c33546f1ae6'),(51,2,'Content','{\"userCondition\":null,\"elementCondition\":null}','[{\"type\":\"craft\\\\fieldlayoutelements\\\\assets\\\\AssetTitleField\",\"autocomplete\":false,\"class\":null,\"size\":null,\"name\":null,\"autocorrect\":true,\"autocapitalize\":true,\"disabled\":false,\"readonly\":false,\"title\":null,\"placeholder\":null,\"step\":null,\"min\":null,\"max\":null,\"requirable\":false,\"id\":null,\"containerAttributes\":[],\"inputContainerAttributes\":[],\"labelAttributes\":[],\"orientation\":null,\"label\":null,\"instructions\":null,\"tip\":null,\"warning\":null,\"width\":100,\"uid\":\"be381213-38ff-4fec-a714-0d5578979925\",\"userCondition\":null,\"elementCondition\":null},{\"type\":\"craft\\\\fieldlayoutelements\\\\CustomField\",\"label\":null,\"instructions\":null,\"tip\":null,\"warning\":null,\"required\":true,\"width\":100,\"uid\":\"64372242-c3cf-4a77-b3b3-90704f40d841\",\"userCondition\":null,\"elementCondition\":null,\"fieldUid\":\"a73e7c96-e9d2-4751-bf01-8a6baf5f3c46\"},{\"type\":\"craft\\\\fieldlayoutelements\\\\CustomField\",\"label\":null,\"instructions\":null,\"tip\":null,\"warning\":null,\"required\":false,\"width\":100,\"uid\":\"230731e5-bcd8-4470-b580-6f1577e6f6fc\",\"userCondition\":null,\"elementCondition\":null,\"fieldUid\":\"560e7c36-f763-440f-b9b5-1d87228bc6df\"}]',1,'2023-06-13 07:38:53','2023-06-13 07:38:53','c1e3a4d5-1e1c-4d1a-990f-39e3b823150c'),(52,6,'Inhalt','{\"userCondition\":null,\"elementCondition\":null}','[{\"type\":\"craft\\\\fieldlayoutelements\\\\entries\\\\EntryTitleField\",\"autocomplete\":false,\"class\":null,\"size\":null,\"name\":null,\"autocorrect\":true,\"autocapitalize\":true,\"disabled\":false,\"readonly\":false,\"title\":null,\"placeholder\":null,\"step\":null,\"min\":null,\"max\":null,\"requirable\":false,\"id\":null,\"containerAttributes\":[],\"inputContainerAttributes\":[],\"labelAttributes\":[],\"orientation\":null,\"label\":null,\"instructions\":null,\"tip\":null,\"warning\":null,\"width\":100,\"uid\":\"4e057a4a-237b-4fe7-9d2a-93c9a509b52d\",\"userCondition\":null,\"elementCondition\":null},{\"type\":\"craft\\\\fieldlayoutelements\\\\Tip\",\"tip\":\"Paginated post cards will be inserted here.\",\"dismissible\":true,\"style\":\"tip\",\"uid\":\"cdd60b12-4c1c-4f0a-9dd5-09d54e854a6a\",\"userCondition\":null,\"elementCondition\":null}]',1,'2023-06-13 08:50:46','2023-06-13 08:50:46','c1d81378-8365-4b0c-abf6-f2ded6662401'),(53,5,'Content','{\"userCondition\":null,\"elementCondition\":null}','[{\"type\":\"craft\\\\fieldlayoutelements\\\\entries\\\\EntryTitleField\",\"autocomplete\":false,\"class\":null,\"size\":null,\"name\":null,\"autocorrect\":true,\"autocapitalize\":true,\"disabled\":false,\"readonly\":false,\"title\":null,\"placeholder\":null,\"step\":null,\"min\":null,\"max\":null,\"requirable\":false,\"id\":null,\"containerAttributes\":[],\"inputContainerAttributes\":[],\"labelAttributes\":[],\"orientation\":null,\"label\":null,\"instructions\":null,\"tip\":null,\"warning\":null,\"width\":100,\"uid\":\"49fe3231-3a75-4fe7-a00e-79142a90f462\",\"userCondition\":null,\"elementCondition\":null},{\"type\":\"craft\\\\fieldlayoutelements\\\\CustomField\",\"label\":null,\"instructions\":null,\"tip\":null,\"warning\":null,\"required\":false,\"width\":100,\"uid\":\"512724a6-2819-4625-a4d7-a9d4c0ad58b7\",\"userCondition\":null,\"elementCondition\":null,\"fieldUid\":\"1d65442c-c0b9-46f4-8518-9a6c53e21bc1\"},{\"type\":\"craft\\\\fieldlayoutelements\\\\CustomField\",\"label\":null,\"instructions\":null,\"tip\":null,\"warning\":null,\"required\":false,\"width\":100,\"uid\":\"8707ff65-f32e-4002-852f-783d9891a7d6\",\"userCondition\":null,\"elementCondition\":null,\"fieldUid\":\"95f98672-9562-44a0-8639-92d2b55ceeb6\"}]',1,'2023-06-13 09:24:38','2023-06-13 09:24:38','b120c952-7949-4f74-8505-d61aae23d0b2');
/*!40000 ALTER TABLE `fieldlayouttabs` ENABLE KEYS */;
UNLOCK TABLES;
commit;

--
-- Dumping data for table `fields`
--

LOCK TABLES `fields` WRITE;
/*!40000 ALTER TABLE `fields` DISABLE KEYS */;
set autocommit=0;
INSERT INTO `fields` VALUES (1,1,'Featured Image','featuredImage','global',NULL,'At least 768px wide',0,'site',NULL,'craft\\fields\\Assets','{\"allowSelfRelations\":false,\"allowSubfolders\":false,\"allowUploads\":true,\"allowedKinds\":[\"image\"],\"branchLimit\":null,\"defaultUploadLocationSource\":\"volume:c9a4fbad-6ca0-4e20-ba72-da2c14a38190\",\"defaultUploadLocationSubpath\":\"featured\",\"localizeRelations\":false,\"maintainHierarchy\":false,\"maxRelations\":1,\"minRelations\":null,\"previewMode\":\"thumbs\",\"restrictFiles\":true,\"restrictLocation\":false,\"restrictedDefaultUploadSubpath\":null,\"restrictedLocationSource\":\"volume:c9a4fbad-6ca0-4e20-ba72-da2c14a38190\",\"restrictedLocationSubpath\":null,\"selectionCondition\":{\"elementType\":\"craft\\\\elements\\\\Asset\",\"fieldContext\":\"global\",\"class\":\"craft\\\\elements\\\\conditions\\\\assets\\\\AssetCondition\",\"conditionRules\":[{\"class\":\"craft\\\\elements\\\\conditions\\\\assets\\\\WidthConditionRule\",\"uid\":\"226805ac-3aea-4362-8bdc-7ddd00eab414\",\"operator\":\">=\",\"value\":\"768\",\"maxValue\":\"\"}]},\"selectionLabel\":\"Select an image\",\"showSiteMenu\":false,\"showUnpermittedFiles\":false,\"showUnpermittedVolumes\":false,\"sources\":[\"volume:c9a4fbad-6ca0-4e20-ba72-da2c14a38190\"],\"targetSiteId\":null,\"validateRelatedElements\":true,\"viewMode\":\"large\"}','2023-06-11 14:31:22','2023-06-11 14:48:19','1d65442c-c0b9-46f4-8518-9a6c53e21bc1'),(2,1,'Alt Text','altText','global','gvuxccdq',NULL,0,'language',NULL,'craft\\fields\\PlainText','{\"byteLimit\":240,\"charLimit\":null,\"code\":false,\"columnType\":null,\"initialRows\":4,\"multiline\":false,\"placeholder\":null,\"uiMode\":\"normal\"}','2023-06-11 14:31:22','2023-06-11 14:31:22','a73e7c96-e9d2-4751-bf01-8a6baf5f3c46'),(3,1,'Body Content','bodyContent','global',NULL,NULL,1,'site',NULL,'craft\\fields\\Matrix','{\"minBlocks\":null,\"maxBlocks\":null,\"contentTable\":\"{{%matrixcontent_bodycontent}}\",\"propagationMethod\":\"all\",\"propagationKeyFormat\":null}','2023-06-11 14:31:22','2023-06-11 14:48:50','95f98672-9562-44a0-8639-92d2b55ceeb6'),(4,2,'Copyright','copyright','global','gsucoquh',NULL,0,'none',NULL,'craft\\fields\\PlainText','{\"byteLimit\":null,\"charLimit\":30,\"code\":false,\"columnType\":null,\"initialRows\":4,\"multiline\":false,\"placeholder\":null,\"uiMode\":\"normal\"}','2023-06-11 14:31:22','2023-06-11 14:31:22','560e7c36-f763-440f-b9b5-1d87228bc6df'),(5,2,'Site Name','siteName','global','fzwghcns',NULL,0,'none',NULL,'craft\\fields\\PlainText','{\"byteLimit\":null,\"charLimit\":30,\"code\":false,\"columnType\":null,\"initialRows\":4,\"multiline\":false,\"placeholder\":null,\"uiMode\":\"normal\"}','2023-06-11 14:31:22','2023-06-11 14:31:22','0837f34c-eb77-4cca-bded-4b9c2d688a90'),(6,NULL,'Cite','cite','matrixBlockType:19d8011f-2129-4d06-b597-49d7125063c7','ljffsgdr',NULL,1,'language',NULL,'craft\\fields\\PlainText','{\"byteLimit\":null,\"charLimit\":60,\"code\":false,\"columnType\":null,\"initialRows\":4,\"multiline\":false,\"placeholder\":null,\"uiMode\":\"normal\"}','2023-06-11 14:31:23','2023-06-11 14:31:23','1eac01fa-9e12-426e-a043-60ae35acf391'),(7,NULL,'Text','text','matrixBlockType:19d8011f-2129-4d06-b597-49d7125063c7','yfidlzze',NULL,1,'language',NULL,'craft\\fields\\PlainText','{\"byteLimit\":null,\"charLimit\":null,\"code\":false,\"columnType\":null,\"initialRows\":1,\"multiline\":true,\"placeholder\":null,\"uiMode\":\"normal\"}','2023-06-11 14:31:23','2023-06-11 14:31:23','63e734ee-d709-488a-bd8d-3a90ab070825'),(8,NULL,'Style','style','matrixBlockType:19d8011f-2129-4d06-b597-49d7125063c7','vdcfeeit',NULL,0,'none',NULL,'craft\\fields\\Dropdown','{\"options\":[{\"label\":\"Default\",\"value\":\"default\",\"default\":\"1\"},{\"label\":\"Borders Top Bottom\",\"value\":\"bordersTopBottom\",\"default\":\"\"}]}','2023-06-11 14:31:23','2023-06-11 14:31:23','eb230d0c-f88a-40de-a743-994de14eb8f8'),(9,NULL,'Heading Level','headingLevel','matrixBlockType:a3605555-7165-4ea9-a338-870db2eba7ca','xiqfbbjz',NULL,0,'none',NULL,'craft\\fields\\Dropdown','{\"options\":[{\"label\":\"H2\",\"value\":\"h2\",\"default\":\"1\"},{\"label\":\"H3\",\"value\":\"h3\",\"default\":\"\"}]}','2023-06-11 14:31:23','2023-06-11 14:31:23','5c400efe-2716-4221-a54a-4ebaf6a3c6cb'),(10,NULL,'Text','text','matrixBlockType:a3605555-7165-4ea9-a338-870db2eba7ca','ehszctzg',NULL,1,'language',NULL,'craft\\fields\\PlainText','{\"byteLimit\":null,\"charLimit\":60,\"code\":false,\"columnType\":null,\"initialRows\":4,\"multiline\":false,\"placeholder\":null,\"uiMode\":\"normal\"}','2023-06-11 14:31:23','2023-06-11 14:31:23','a4a0dfdc-289d-4d50-baae-6a3215a85701'),(11,NULL,'Caption','caption','matrixBlockType:a33610ee-ece8-47a1-949e-94477da5fd4d','xngnntxq',NULL,1,'language',NULL,'craft\\fields\\PlainText','{\"byteLimit\":250,\"charLimit\":null,\"code\":false,\"columnType\":null,\"initialRows\":4,\"multiline\":false,\"placeholder\":null,\"uiMode\":\"normal\"}','2023-06-11 14:31:23','2023-06-11 14:31:23','4b9eed77-fa62-4ecc-9486-744a64f075d4'),(12,NULL,'Image','image','matrixBlockType:a33610ee-ece8-47a1-949e-94477da5fd4d',NULL,'At least 768px wide',1,'site',NULL,'craft\\fields\\Assets','{\"allowSelfRelations\":false,\"allowSubfolders\":false,\"allowUploads\":true,\"allowedKinds\":[\"image\"],\"branchLimit\":null,\"defaultUploadLocationSource\":\"volume:c9a4fbad-6ca0-4e20-ba72-da2c14a38190\",\"defaultUploadLocationSubpath\":null,\"localizeRelations\":false,\"maintainHierarchy\":false,\"maxRelations\":1,\"minRelations\":null,\"previewMode\":\"thumbs\",\"restrictFiles\":true,\"restrictLocation\":false,\"restrictedDefaultUploadSubpath\":null,\"restrictedLocationSource\":\"volume:c9a4fbad-6ca0-4e20-ba72-da2c14a38190\",\"restrictedLocationSubpath\":null,\"selectionCondition\":{\"elementType\":\"craft\\\\elements\\\\Asset\",\"fieldContext\":\"global\",\"class\":\"craft\\\\elements\\\\conditions\\\\assets\\\\AssetCondition\",\"conditionRules\":[{\"class\":\"craft\\\\elements\\\\conditions\\\\assets\\\\WidthConditionRule\",\"uid\":\"73c6baec-2203-47fa-bee7-633be75c6120\",\"operator\":\">=\",\"value\":\"768\",\"maxValue\":\"\"}]},\"selectionLabel\":\"Select an image\",\"showSiteMenu\":false,\"showUnpermittedFiles\":false,\"showUnpermittedVolumes\":false,\"sources\":[\"volume:c9a4fbad-6ca0-4e20-ba72-da2c14a38190\"],\"targetSiteId\":null,\"validateRelatedElements\":false,\"viewMode\":\"large\"}','2023-06-11 14:31:23','2023-06-11 14:48:50','abb455ba-032b-461d-9c8d-dca9ed3fc7bd'),(13,NULL,'Text','text','matrixBlockType:78f9590c-8302-4bbc-8e62-39e3f6a2bd57','badcaarf',NULL,1,'language',NULL,'craft\\fields\\PlainText','{\"byteLimit\":null,\"charLimit\":null,\"code\":false,\"columnType\":null,\"initialRows\":4,\"multiline\":true,\"placeholder\":null,\"uiMode\":\"normal\"}','2023-06-11 14:31:23','2023-06-11 14:31:23','78ba6fca-0979-4552-a36e-f6f7a001b0f5');
/*!40000 ALTER TABLE `fields` ENABLE KEYS */;
UNLOCK TABLES;
commit;

--
-- Dumping data for table `globalsets`
--

LOCK TABLES `globalsets` WRITE;
/*!40000 ALTER TABLE `globalsets` DISABLE KEYS */;
set autocommit=0;
/*!40000 ALTER TABLE `globalsets` ENABLE KEYS */;
UNLOCK TABLES;
commit;

--
-- Dumping data for table `gqlschemas`
--

LOCK TABLES `gqlschemas` WRITE;
/*!40000 ALTER TABLE `gqlschemas` DISABLE KEYS */;
set autocommit=0;
INSERT INTO `gqlschemas` VALUES (1,'Public Schema','[]',1,'2023-06-11 14:31:23','2023-06-11 14:31:23','2be01897-dbaf-4c19-a6d9-db80ada8fc8f');
/*!40000 ALTER TABLE `gqlschemas` ENABLE KEYS */;
UNLOCK TABLES;
commit;

--
-- Dumping data for table `gqltokens`
--

LOCK TABLES `gqltokens` WRITE;
/*!40000 ALTER TABLE `gqltokens` DISABLE KEYS */;
set autocommit=0;
/*!40000 ALTER TABLE `gqltokens` ENABLE KEYS */;
UNLOCK TABLES;
commit;

--
-- Dumping data for table `imagetransforms`
--

LOCK TABLES `imagetransforms` WRITE;
/*!40000 ALTER TABLE `imagetransforms` DISABLE KEYS */;
set autocommit=0;
/*!40000 ALTER TABLE `imagetransforms` ENABLE KEYS */;
UNLOCK TABLES;
commit;

--
-- Dumping data for table `info`
--

LOCK TABLES `info` WRITE;
/*!40000 ALTER TABLE `info` DISABLE KEYS */;
set autocommit=0;
INSERT INTO `info` VALUES (1,'4.4.13','4.4.0.4',0,'dezflbtjsanj','3@fepllqpefe','2023-06-11 14:31:22','2023-06-13 09:24:38','4124967a-1b1b-407f-8fe4-62596d2f3775');
/*!40000 ALTER TABLE `info` ENABLE KEYS */;
UNLOCK TABLES;
commit;

--
-- Dumping data for table `matrixblocks`
--

LOCK TABLES `matrixblocks` WRITE;
/*!40000 ALTER TABLE `matrixblocks` DISABLE KEYS */;
set autocommit=0;
INSERT INTO `matrixblocks` VALUES (13,12,3,4,NULL,'2023-06-11 14:31:40','2023-06-11 14:31:40'),(15,14,3,4,NULL,'2023-06-11 14:31:40','2023-06-11 14:31:40'),(17,16,3,4,NULL,'2023-06-11 14:31:40','2023-06-11 14:31:40'),(19,18,3,4,NULL,'2023-06-11 14:31:40','2023-06-11 14:31:40'),(21,20,3,4,NULL,'2023-06-11 14:31:41','2023-06-11 14:31:41'),(22,20,3,1,NULL,'2023-06-11 14:31:41','2023-06-11 14:31:41'),(24,23,3,4,NULL,'2023-06-11 14:31:41','2023-06-11 14:31:41'),(25,23,3,1,NULL,'2023-06-11 14:31:41','2023-06-11 14:31:41'),(34,33,3,4,NULL,'2023-06-11 14:36:25','2023-06-11 14:36:25'),(36,35,3,3,0,'2023-06-11 14:47:32','2023-06-11 14:47:32'),(37,35,3,3,NULL,'2023-06-11 14:47:36','2023-06-11 14:47:36'),(38,35,3,4,0,'2023-06-11 14:49:20','2023-06-11 14:49:20'),(39,35,3,4,NULL,'2023-06-11 14:49:24','2023-06-11 14:49:24'),(41,40,3,3,NULL,'2023-06-11 14:55:50','2023-06-11 14:55:50'),(42,40,3,4,NULL,'2023-06-11 14:55:50','2023-06-11 14:55:50'),(55,54,3,3,NULL,'2023-06-12 09:02:49','2023-06-12 09:02:49'),(56,54,3,4,NULL,'2023-06-12 09:02:49','2023-06-12 09:02:49'),(60,59,3,3,NULL,'2023-06-13 07:47:45','2023-06-13 07:47:45'),(61,59,3,4,NULL,'2023-06-13 07:47:45','2023-06-13 07:47:45'),(65,64,3,3,NULL,'2023-06-13 07:55:38','2023-06-13 07:55:38'),(66,64,3,4,NULL,'2023-06-13 07:55:38','2023-06-13 07:55:38'),(70,69,3,4,NULL,'2023-06-13 07:58:23','2023-06-13 07:58:23'),(75,74,3,4,NULL,'2023-06-13 08:08:25','2023-06-13 08:08:25'),(80,79,3,4,NULL,'2023-06-13 08:09:00','2023-06-13 08:09:00'),(81,79,3,1,NULL,'2023-06-13 08:09:00','2023-06-13 08:09:00'),(84,83,3,4,NULL,'2023-06-13 08:09:30','2023-06-13 08:09:30'),(85,83,3,1,NULL,'2023-06-13 08:09:30','2023-06-13 08:09:30'),(89,88,3,4,NULL,'2023-06-13 08:10:31','2023-06-13 08:10:31'),(92,91,3,3,NULL,'2023-06-13 08:12:04','2023-06-13 08:12:04'),(93,91,3,4,NULL,'2023-06-13 08:12:04','2023-06-13 08:12:04'),(98,97,3,4,NULL,'2023-06-13 08:24:03','2023-06-13 08:24:03'),(99,97,3,1,NULL,'2023-06-13 08:24:03','2023-06-13 08:24:03'),(104,103,3,4,NULL,'2023-06-13 08:32:03','2023-06-13 08:32:03'),(105,103,3,1,NULL,'2023-06-13 08:32:03','2023-06-13 08:32:03'),(316,35,3,2,NULL,'2023-06-13 08:46:54','2023-06-13 08:46:54'),(317,35,3,2,NULL,'2023-06-13 08:46:54','2023-06-13 08:46:54'),(318,35,3,2,NULL,'2023-06-13 08:46:54','2023-06-13 08:46:54'),(319,35,3,4,NULL,'2023-06-13 08:46:54','2023-06-13 08:46:54'),(320,35,3,2,NULL,'2023-06-13 08:46:54','2023-06-13 08:46:54'),(321,35,3,2,NULL,'2023-06-13 08:46:54','2023-06-13 08:46:54'),(322,35,3,1,NULL,'2023-06-13 08:46:54','2023-06-13 08:46:54'),(323,35,3,2,NULL,'2023-06-13 08:46:54','2023-06-13 08:46:54'),(324,35,3,1,NULL,'2023-06-13 08:46:54','2023-06-13 08:46:54'),(326,325,3,2,NULL,'2023-06-13 08:46:54','2023-06-13 08:46:54'),(327,325,3,4,NULL,'2023-06-13 08:46:54','2023-06-13 08:46:54'),(328,325,3,2,NULL,'2023-06-13 08:46:54','2023-06-13 08:46:54'),(329,325,3,3,NULL,'2023-06-13 08:46:54','2023-06-13 08:46:54'),(330,325,3,2,NULL,'2023-06-13 08:46:54','2023-06-13 08:46:54'),(331,325,3,4,NULL,'2023-06-13 08:46:54','2023-06-13 08:46:54'),(332,325,3,2,NULL,'2023-06-13 08:46:54','2023-06-13 08:46:54'),(333,325,3,2,NULL,'2023-06-13 08:46:54','2023-06-13 08:46:54'),(334,325,3,1,NULL,'2023-06-13 08:46:54','2023-06-13 08:46:54'),(335,325,3,2,NULL,'2023-06-13 08:46:54','2023-06-13 08:46:54'),(336,325,3,1,NULL,'2023-06-13 08:46:54','2023-06-13 08:46:54'),(340,339,3,2,NULL,'2023-06-13 08:47:51','2023-06-13 08:47:51'),(341,339,3,4,NULL,'2023-06-13 08:47:51','2023-06-13 08:47:51'),(342,339,3,2,NULL,'2023-06-13 08:47:51','2023-06-13 08:47:51'),(343,339,3,3,NULL,'2023-06-13 08:47:51','2023-06-13 08:47:51'),(344,339,3,2,NULL,'2023-06-13 08:47:51','2023-06-13 08:47:51'),(345,339,3,4,NULL,'2023-06-13 08:47:51','2023-06-13 08:47:51'),(346,339,3,2,NULL,'2023-06-13 08:47:51','2023-06-13 08:47:51'),(347,339,3,2,NULL,'2023-06-13 08:47:51','2023-06-13 08:47:51'),(348,339,3,1,NULL,'2023-06-13 08:47:51','2023-06-13 08:47:51'),(349,339,3,2,NULL,'2023-06-13 08:47:51','2023-06-13 08:47:51'),(350,339,3,1,NULL,'2023-06-13 08:47:51','2023-06-13 08:47:51'),(355,353,3,2,0,'2023-06-13 08:51:56','2023-06-13 08:51:56'),(356,353,3,2,0,'2023-06-13 08:52:02','2023-06-13 08:52:02'),(357,353,3,2,0,'2023-06-13 08:52:03','2023-06-13 08:52:03'),(358,353,3,4,0,'2023-06-13 08:52:03','2023-06-13 08:52:03'),(359,353,3,2,NULL,'2023-06-13 08:52:08','2023-06-13 08:52:08'),(360,353,3,4,NULL,'2023-06-13 08:52:08','2023-06-13 08:52:08'),(361,353,3,4,0,'2023-06-13 08:52:43','2023-06-13 08:52:43'),(362,353,3,4,NULL,'2023-06-13 08:52:47','2023-06-13 08:52:47'),(364,363,3,4,NULL,'2023-06-13 08:53:11','2023-06-13 08:53:11'),(365,363,3,2,NULL,'2023-06-13 08:53:12','2023-06-13 08:53:12'),(366,363,3,4,NULL,'2023-06-13 08:53:12','2023-06-13 08:53:12'),(369,368,3,4,NULL,'2023-06-13 09:24:05','2023-06-13 09:24:05'),(370,368,3,2,NULL,'2023-06-13 09:24:05','2023-06-13 09:24:05'),(371,368,3,4,NULL,'2023-06-13 09:24:05','2023-06-13 09:24:05'),(374,373,3,4,NULL,'2023-06-13 09:24:58','2023-06-13 09:24:58'),(375,373,3,2,NULL,'2023-06-13 09:24:58','2023-06-13 09:24:58'),(376,373,3,4,NULL,'2023-06-13 09:24:58','2023-06-13 09:24:58'),(402,35,3,4,NULL,'2023-06-13 09:32:40','2023-06-13 09:32:40'),(403,35,3,4,NULL,'2023-06-13 09:32:40','2023-06-13 09:32:40'),(404,35,3,4,NULL,'2023-06-13 09:32:40','2023-06-13 09:32:40'),(405,35,3,4,NULL,'2023-06-13 09:32:40','2023-06-13 09:32:40'),(407,406,3,2,NULL,'2023-06-13 09:32:40','2023-06-13 09:32:40'),(408,406,3,4,NULL,'2023-06-13 09:32:41','2023-06-13 09:32:41'),(409,406,3,2,NULL,'2023-06-13 09:32:41','2023-06-13 09:32:41'),(410,406,3,4,NULL,'2023-06-13 09:32:41','2023-06-13 09:32:41'),(411,406,3,2,NULL,'2023-06-13 09:32:41','2023-06-13 09:32:41'),(412,406,3,3,NULL,'2023-06-13 09:32:41','2023-06-13 09:32:41'),(413,406,3,2,NULL,'2023-06-13 09:32:41','2023-06-13 09:32:41'),(414,406,3,2,NULL,'2023-06-13 09:32:41','2023-06-13 09:32:41'),(415,406,3,4,NULL,'2023-06-13 09:32:41','2023-06-13 09:32:41'),(416,406,3,1,NULL,'2023-06-13 09:32:41','2023-06-13 09:32:41'),(417,406,3,4,NULL,'2023-06-13 09:32:41','2023-06-13 09:32:41'),(418,406,3,2,NULL,'2023-06-13 09:32:41','2023-06-13 09:32:41'),(419,406,3,4,NULL,'2023-06-13 09:32:41','2023-06-13 09:32:41'),(420,406,3,1,NULL,'2023-06-13 09:32:41','2023-06-13 09:32:41'),(421,406,3,4,NULL,'2023-06-13 09:32:41','2023-06-13 09:32:41');
/*!40000 ALTER TABLE `matrixblocks` ENABLE KEYS */;
UNLOCK TABLES;
commit;

--
-- Dumping data for table `matrixblocks_owners`
--

LOCK TABLES `matrixblocks_owners` WRITE;
/*!40000 ALTER TABLE `matrixblocks_owners` DISABLE KEYS */;
set autocommit=0;
INSERT INTO `matrixblocks_owners` VALUES (13,12,1),(15,14,1),(17,16,1),(19,18,1),(21,20,1),(22,20,2),(24,23,1),(25,23,2),(34,33,1),(36,35,1),(37,35,6),(38,35,2),(39,35,2),(41,40,1),(42,40,2),(55,54,1),(56,54,2),(60,59,1),(61,59,2),(65,64,1),(66,64,2),(70,69,1),(75,74,1),(80,79,1),(81,79,2),(84,83,1),(85,83,2),(89,88,1),(92,91,1),(93,91,2),(98,97,1),(99,97,2),(104,103,1),(105,103,2),(316,35,1),(317,35,5),(318,35,3),(319,35,4),(320,35,7),(321,35,8),(322,35,10),(323,35,12),(324,35,14),(326,325,1),(327,325,2),(328,325,3),(329,325,4),(330,325,5),(331,325,6),(332,325,7),(333,325,8),(334,325,9),(335,325,10),(336,325,11),(340,339,1),(341,339,2),(342,339,3),(343,339,4),(344,339,5),(345,339,6),(346,339,7),(347,339,8),(348,339,9),(349,339,10),(350,339,11),(355,353,1),(356,353,1),(357,353,1),(358,353,2),(359,353,2),(360,353,3),(361,353,1),(362,353,1),(364,363,1),(365,363,2),(366,363,3),(369,368,1),(370,368,2),(371,368,3),(374,373,1),(375,373,2),(376,373,3),(402,35,9),(403,35,11),(404,35,13),(405,35,15),(407,406,1),(408,406,2),(409,406,3),(410,406,4),(411,406,5),(412,406,6),(413,406,7),(414,406,8),(415,406,9),(416,406,10),(417,406,11),(418,406,12),(419,406,13),(420,406,14),(421,406,15);
/*!40000 ALTER TABLE `matrixblocks_owners` ENABLE KEYS */;
UNLOCK TABLES;
commit;

--
-- Dumping data for table `matrixblocktypes`
--

LOCK TABLES `matrixblocktypes` WRITE;
/*!40000 ALTER TABLE `matrixblocktypes` DISABLE KEYS */;
set autocommit=0;
INSERT INTO `matrixblocktypes` VALUES (1,3,8,'Quote','quote',4,'2023-06-11 14:31:23','2023-06-11 14:31:23','19d8011f-2129-4d06-b597-49d7125063c7'),(2,3,9,'Heading','heading',1,'2023-06-11 14:31:23','2023-06-11 14:31:23','a3605555-7165-4ea9-a338-870db2eba7ca'),(3,3,10,'Image','image',3,'2023-06-11 14:31:23','2023-06-11 14:31:23','a33610ee-ece8-47a1-949e-94477da5fd4d'),(4,3,11,'Text','text',2,'2023-06-11 14:31:23','2023-06-11 14:31:23','78f9590c-8302-4bbc-8e62-39e3f6a2bd57');
/*!40000 ALTER TABLE `matrixblocktypes` ENABLE KEYS */;
UNLOCK TABLES;
commit;

--
-- Dumping data for table `matrixcontent_bodycontent`
--

LOCK TABLES `matrixcontent_bodycontent` WRITE;
/*!40000 ALTER TABLE `matrixcontent_bodycontent` DISABLE KEYS */;
set autocommit=0;
INSERT INTO `matrixcontent_bodycontent` VALUES (1,13,1,'2023-06-11 14:31:40','2023-06-13 08:10:31','c91140a9-f21f-44d3-848b-1932e761abdf',NULL,NULL,NULL,NULL,NULL,NULL,'* Do not scream suddenly.\n* Hold anything youre in the middle of eating until youve stepped off the elevator again.\n* If you brought any live animals with you, do your best to keep them on your person.\n* Avoid vigorous jumping or bouncing.\n* Face the same direction as everybody else.'),(2,13,2,'2023-06-11 14:31:40','2023-06-13 08:10:31','5fa1f493-80ee-4ec1-a718-b6dd2367b66a',NULL,NULL,NULL,NULL,NULL,NULL,'* Schreien Sie nicht pltzlich.\n* Behalten Sie alles bei sich, was Sie gerade essen, bis Sie den Aufzug wieder verlassen haben.\n* Wenn Sie lebende Tiere mitgebracht haben, tun Sie Ihr Bestes, um sie bei sich zu behalten.\n* Vermeiden Sie krftiges Springen oder Hpfen.\n* Schauen Sie in die gleiche Richtung wie alle anderen.'),(3,15,1,'2023-06-11 14:31:40','2023-06-11 14:31:40','e87289d2-9bcb-4bab-9729-ad5ae48b8fe3',NULL,NULL,NULL,NULL,NULL,NULL,'* Do not scream suddenly.\n* Hold anything youre in the middle of eating until youve stepped off the elevator again.\n* If you brought any live animals with you, do your best to keep them on your person.\n* Avoid vigorous jumping or bouncing.\n* Face the same direction as everybody else.'),(4,15,2,'2023-06-11 14:31:40','2023-06-11 14:31:40','3f4b90bc-4670-4b6c-8111-7ef28494cf58',NULL,NULL,NULL,NULL,NULL,NULL,'* Do not scream suddenly.\n* Hold anything youre in the middle of eating until youve stepped off the elevator again.\n* If you brought any live animals with you, do your best to keep them on your person.\n* Avoid vigorous jumping or bouncing.\n* Face the same direction as everybody else.'),(5,17,1,'2023-06-11 14:31:40','2023-06-13 08:08:25','d2ddf022-c63e-455e-9651-86a8e2d87b39',NULL,NULL,NULL,NULL,NULL,NULL,'Find a recipe for the thing you want and make it at home.'),(6,17,2,'2023-06-11 14:31:40','2023-06-13 08:08:25','cae57577-2146-4c34-9419-1634526545b5',NULL,NULL,NULL,NULL,NULL,NULL,'Finden Sie ein Rezept fr das, was Sie mgen, und machen Sie es zu Hause.'),(7,19,1,'2023-06-11 14:31:40','2023-06-11 14:31:40','c40bcbb9-6880-4725-8bf9-a87b0c5ad194',NULL,NULL,NULL,NULL,NULL,NULL,'Find a recipe for the thing you want and make it at home.'),(8,19,2,'2023-06-11 14:31:40','2023-06-11 14:31:40','853c3d00-308c-4162-9e83-3db637ce0b71',NULL,NULL,NULL,NULL,NULL,NULL,'Find a recipe for the thing you want and make it at home.'),(9,21,1,'2023-06-11 14:31:41','2023-06-13 08:24:03','12fbab22-600f-4003-baa3-ab5af4749a3a',NULL,NULL,NULL,NULL,NULL,NULL,'Philosopher Jack Handey was known to unpack some of the great complexities of the universe.'),(10,21,2,'2023-06-11 14:31:41','2023-06-13 08:24:03','d5d487cc-938a-4af3-a210-406e65af40f0',NULL,NULL,NULL,NULL,NULL,NULL,'Der Philosoph Jack Handey war dafr bekannt, dass er ber einige der groen Komplexitten des Universums auspackte.'),(11,22,1,'2023-06-11 14:31:41','2023-06-13 08:32:03','9373be0a-afe4-47f3-a67f-e8546d63aece','Jack Handey','Playing dead not only comes in handy when face to face with a bear, but also at important business meetings.','default',NULL,NULL,NULL,NULL),(12,22,2,'2023-06-11 14:31:41','2023-06-13 08:32:03','ac91781a-2e37-4be9-9efc-47c2f624d81c','Jack Handey','Sich tot zu stellen ist nicht nur praktisch, wenn man einem Bren gegenbersteht, sondern auch in wichtigen Meetings.','default',NULL,NULL,NULL,NULL),(13,24,1,'2023-06-11 14:31:41','2023-06-11 14:31:41','7ba2684f-059a-4e44-8d94-676d53ba0dd6',NULL,NULL,NULL,NULL,NULL,NULL,'Philosopher Jack Handy was known to unpack some of the great complexities of the universe.'),(14,24,2,'2023-06-11 14:31:41','2023-06-11 14:31:41','a6b9d36f-1722-4396-ad3f-049ff69126e5',NULL,NULL,NULL,NULL,NULL,NULL,'Philosopher Jack Handy was known to unpack some of the great complexities of the universe.'),(15,25,1,'2023-06-11 14:31:41','2023-06-11 14:31:41','e7e45dec-42e9-4195-90e9-02eef6e4552c','Jack Handy','The face of a child can say it all, especially the mouth part of the face.','default',NULL,NULL,NULL,NULL),(16,25,2,'2023-06-11 14:31:41','2023-06-11 14:31:41','4d3c4c6f-c723-4f60-821d-e0c5cb948781','Jack Handy','The face of a child can say it all, especially the mouth part of the face.','default',NULL,NULL,NULL,NULL),(17,34,2,'2023-06-11 14:36:25','2023-06-11 14:36:25','725556bd-723f-4d6c-aab8-d5a4d8455189',NULL,NULL,NULL,NULL,NULL,NULL,'* Do not scream suddenly.\n* Hold anything youre in the middle of eating until youve stepped off the elevator again.\n* If you brought any live animals with you, do your best to keep them on your person.\n* Avoid vigorous jumping or bouncing.\n* Face the same direction as everybody else.'),(18,34,1,'2023-06-11 14:36:25','2023-06-11 14:36:25','d7511fc1-eabc-4b4b-b460-9c4036b53306',NULL,NULL,NULL,NULL,NULL,NULL,'* Do not scream suddenly.\n* Hold anything youre in the middle of eating until youve stepped off the elevator again.\n* If you brought any live animals with you, do your best to keep them on your person.\n* Avoid vigorous jumping or bouncing.\n* Face the same direction as everybody else.'),(19,36,2,'2023-06-11 14:47:32','2023-06-11 14:47:32','e55df173-1257-439d-a97b-b609c4dcfe71',NULL,NULL,NULL,NULL,NULL,NULL,NULL),(20,36,1,'2023-06-11 14:47:32','2023-06-11 14:47:32','9c86a9bd-8411-4ff1-82b8-9b24d442103b',NULL,NULL,NULL,NULL,NULL,NULL,NULL),(21,37,2,'2023-06-11 14:47:36','2023-06-13 07:55:38','d5043b88-9ae7-48c0-ae90-48e7bacb2fe9',NULL,NULL,NULL,NULL,NULL,'Blumen',NULL),(22,37,1,'2023-06-11 14:47:36','2023-06-13 07:55:38','9c76b436-bfb0-4192-93e9-df148e6eb727',NULL,NULL,NULL,NULL,NULL,'Flowers',NULL),(23,38,2,'2023-06-11 14:49:20','2023-06-11 14:49:20','4e53c740-a3de-4dc4-b24a-1a484c2b82ab',NULL,NULL,NULL,NULL,NULL,NULL,NULL),(24,38,1,'2023-06-11 14:49:20','2023-06-11 14:49:20','f24cf5a5-a293-40d5-a019-a65e339b4b0f',NULL,NULL,NULL,NULL,NULL,NULL,NULL),(25,39,2,'2023-06-11 14:49:24','2023-06-13 08:47:51','1dddfe53-0064-43f6-be02-2d45a650df28',NULL,NULL,NULL,NULL,NULL,NULL,'**Textblock mit Markdown.**\n\nVestibulum facilisis, purus nec pulvinar iaculis, ligula mi congue nunc, vitae euismod ligula urna in dolor. Cras sagittis. Vestibulum ante ipsum primis in faucibus orci luctus et ultrices posuere cubilia Curae; Sed aliquam, nisi quis porttitor congue, elit erat euismod orci, ac placerat dolor lectus quis orci. Pellentesque auctor neque nec urna. Morbi nec metus.\n\n* Listenpunkt Eins\n* Listenpunkt Zwei\n\n[Ein externer Link](http://www.example.com)\n\nFusce convallis metus id felis luctus adipiscing. Lorem ipsum dolor sit amet, consectetuer adipiscing elit. In consectetuer turpis ut velit. Fusce neque. Suspendisse nisl elit, rhoncus eget, elementum ac, condimentum eget, diam.'),(26,39,1,'2023-06-11 14:49:24','2023-06-13 08:47:51','aa3eaa3e-d6d2-4633-af8b-f68b98ad2fa9',NULL,NULL,NULL,NULL,NULL,NULL,'**Text block with Markdown.**\n\nVestibulum facilisis, purus nec pulvinar iaculis, ligula mi congue nunc, vitae euismod ligula urna in dolor. Cras sagittis. Vestibulum ante ipsum primis in faucibus orci luctus et ultrices posuere cubilia Curae; Sed aliquam, nisi quis porttitor congue, elit erat euismod orci, ac placerat dolor lectus quis orci. Pellentesque auctor neque nec urna. Morbi nec metus.\n\n* List Item One\n* List Item Two\n\n[An extenal Link](http://www.example.com)\n\nFusce convallis metus id felis luctus adipiscing. Lorem ipsum dolor sit amet, consectetuer adipiscing elit. In consectetuer turpis ut velit. Fusce neque. Suspendisse nisl elit, rhoncus eget, elementum ac, condimentum eget, diam.'),(27,41,2,'2023-06-11 14:55:50','2023-06-11 14:55:50','ab3eb2e7-ef18-445c-9b77-7786f15e0699',NULL,NULL,NULL,NULL,NULL,NULL,NULL),(28,41,1,'2023-06-11 14:55:50','2023-06-11 14:55:50','2e73c07c-3b7a-418f-b985-65fa31eb6ec3',NULL,NULL,NULL,NULL,NULL,NULL,NULL),(29,42,2,'2023-06-11 14:55:50','2023-06-11 14:55:50','dac7c83f-bf77-4aad-a209-b93cba14a2c9',NULL,NULL,NULL,NULL,NULL,NULL,'Vestibulum facilisis, purus nec pulvinar iaculis, ligula mi congue nunc, vitae euismod ligula urna in dolor. Cras sagittis. Vestibulum ante ipsum primis in faucibus orci luctus et ultrices posuere cubilia Curae; Sed aliquam, nisi quis porttitor congue, elit erat euismod orci, ac placerat dolor lectus quis orci. Pellentesque auctor neque nec urna. Morbi nec metus.\n\nFusce convallis metus id felis luctus adipiscing. Lorem ipsum dolor sit amet, consectetuer adipiscing elit. In consectetuer turpis ut velit. Fusce neque. Suspendisse nisl elit, rhoncus eget, elementum ac, condimentum eget, diam.'),(30,42,1,'2023-06-11 14:55:50','2023-06-11 14:55:50','610cca9d-3579-426a-87c5-ced214cf8008',NULL,NULL,NULL,NULL,NULL,NULL,'Vestibulum facilisis, purus nec pulvinar iaculis, ligula mi congue nunc, vitae euismod ligula urna in dolor. Cras sagittis. Vestibulum ante ipsum primis in faucibus orci luctus et ultrices posuere cubilia Curae; Sed aliquam, nisi quis porttitor congue, elit erat euismod orci, ac placerat dolor lectus quis orci. Pellentesque auctor neque nec urna. Morbi nec metus.\n\nFusce convallis metus id felis luctus adipiscing. Lorem ipsum dolor sit amet, consectetuer adipiscing elit. In consectetuer turpis ut velit. Fusce neque. Suspendisse nisl elit, rhoncus eget, elementum ac, condimentum eget, diam.'),(31,55,1,'2023-06-12 09:02:49','2023-06-12 09:02:49','c35685a0-3634-46d6-aaa0-4c2a9acd0bda',NULL,NULL,NULL,NULL,NULL,NULL,NULL),(32,55,2,'2023-06-12 09:02:49','2023-06-12 09:02:49','bbabb077-cb75-4953-8299-6909140e97e6',NULL,NULL,NULL,NULL,NULL,NULL,NULL),(33,56,1,'2023-06-12 09:02:49','2023-06-12 09:02:49','70f9c8ec-7e79-4dfa-a96e-cf3423686fc5',NULL,NULL,NULL,NULL,NULL,NULL,'Vestibulum facilisis, purus nec pulvinar iaculis, ligula mi congue nunc, vitae euismod ligula urna in dolor. Cras sagittis. Vestibulum ante ipsum primis in faucibus orci luctus et ultrices posuere cubilia Curae; Sed aliquam, nisi quis porttitor congue, elit erat euismod orci, ac placerat dolor lectus quis orci. Pellentesque auctor neque nec urna. Morbi nec metus.\n\nFusce convallis metus id felis luctus adipiscing. Lorem ipsum dolor sit amet, consectetuer adipiscing elit. In consectetuer turpis ut velit. Fusce neque. Suspendisse nisl elit, rhoncus eget, elementum ac, condimentum eget, diam.'),(34,56,2,'2023-06-12 09:02:49','2023-06-12 09:02:49','78aee6a5-a574-4996-8a96-a91b560083a8',NULL,NULL,NULL,NULL,NULL,NULL,'Vestibulum facilisis, purus nec pulvinar iaculis, ligula mi congue nunc, vitae euismod ligula urna in dolor. Cras sagittis. Vestibulum ante ipsum primis in faucibus orci luctus et ultrices posuere cubilia Curae; Sed aliquam, nisi quis porttitor congue, elit erat euismod orci, ac placerat dolor lectus quis orci. Pellentesque auctor neque nec urna. Morbi nec metus.\n\nFusce convallis metus id felis luctus adipiscing. Lorem ipsum dolor sit amet, consectetuer adipiscing elit. In consectetuer turpis ut velit. Fusce neque. Suspendisse nisl elit, rhoncus eget, elementum ac, condimentum eget, diam.'),(37,60,1,'2023-06-13 07:47:45','2023-06-13 07:47:45','d97334f0-2c58-43d0-9112-f94f13c6da38',NULL,NULL,NULL,NULL,NULL,'Blumen',NULL),(38,60,2,'2023-06-13 07:47:45','2023-06-13 07:47:45','717479db-3705-43ef-b839-1bcb40dc389c',NULL,NULL,NULL,NULL,NULL,NULL,NULL),(39,61,1,'2023-06-13 07:47:45','2023-06-13 07:47:45','a2cc9ed1-5c06-4eaf-9bb2-a331739ba2fc',NULL,NULL,NULL,NULL,NULL,NULL,'Vestibulum facilisis, purus nec pulvinar iaculis, ligula mi congue nunc, vitae euismod ligula urna in dolor. Cras sagittis. Vestibulum ante ipsum primis in faucibus orci luctus et ultrices posuere cubilia Curae; Sed aliquam, nisi quis porttitor congue, elit erat euismod orci, ac placerat dolor lectus quis orci. Pellentesque auctor neque nec urna. Morbi nec metus.\n\nFusce convallis metus id felis luctus adipiscing. Lorem ipsum dolor sit amet, consectetuer adipiscing elit. In consectetuer turpis ut velit. Fusce neque. Suspendisse nisl elit, rhoncus eget, elementum ac, condimentum eget, diam.'),(40,61,2,'2023-06-13 07:47:45','2023-06-13 07:47:45','91a76b51-3e30-446f-a60f-6b2d14adb704',NULL,NULL,NULL,NULL,NULL,NULL,'Vestibulum facilisis, purus nec pulvinar iaculis, ligula mi congue nunc, vitae euismod ligula urna in dolor. Cras sagittis. Vestibulum ante ipsum primis in faucibus orci luctus et ultrices posuere cubilia Curae; Sed aliquam, nisi quis porttitor congue, elit erat euismod orci, ac placerat dolor lectus quis orci. Pellentesque auctor neque nec urna. Morbi nec metus.\n\nFusce convallis metus id felis luctus adipiscing. Lorem ipsum dolor sit amet, consectetuer adipiscing elit. In consectetuer turpis ut velit. Fusce neque. Suspendisse nisl elit, rhoncus eget, elementum ac, condimentum eget, diam.'),(43,65,2,'2023-06-13 07:55:38','2023-06-13 07:55:38','d4f1bbd3-9933-472c-aed6-b95f8efbaab8',NULL,NULL,NULL,NULL,NULL,'Blumen',NULL),(44,65,1,'2023-06-13 07:55:38','2023-06-13 07:55:38','f85db27f-e3de-4ef0-b920-b06c70cc16e2',NULL,NULL,NULL,NULL,NULL,'Flowers',NULL),(45,66,2,'2023-06-13 07:55:38','2023-06-13 07:55:38','7fd1ab0f-d895-4e18-8340-9d3d5cf2d521',NULL,NULL,NULL,NULL,NULL,NULL,'Vestibulum facilisis, purus nec pulvinar iaculis, ligula mi congue nunc, vitae euismod ligula urna in dolor. Cras sagittis. Vestibulum ante ipsum primis in faucibus orci luctus et ultrices posuere cubilia Curae; Sed aliquam, nisi quis porttitor congue, elit erat euismod orci, ac placerat dolor lectus quis orci. Pellentesque auctor neque nec urna. Morbi nec metus.\n\nFusce convallis metus id felis luctus adipiscing. Lorem ipsum dolor sit amet, consectetuer adipiscing elit. In consectetuer turpis ut velit. Fusce neque. Suspendisse nisl elit, rhoncus eget, elementum ac, condimentum eget, diam.'),(46,66,1,'2023-06-13 07:55:38','2023-06-13 07:55:38','f717c1b3-250b-4307-adc3-d4c7b5949ccb',NULL,NULL,NULL,NULL,NULL,NULL,'Vestibulum facilisis, purus nec pulvinar iaculis, ligula mi congue nunc, vitae euismod ligula urna in dolor. Cras sagittis. Vestibulum ante ipsum primis in faucibus orci luctus et ultrices posuere cubilia Curae; Sed aliquam, nisi quis porttitor congue, elit erat euismod orci, ac placerat dolor lectus quis orci. Pellentesque auctor neque nec urna. Morbi nec metus.\n\nFusce convallis metus id felis luctus adipiscing. Lorem ipsum dolor sit amet, consectetuer adipiscing elit. In consectetuer turpis ut velit. Fusce neque. Suspendisse nisl elit, rhoncus eget, elementum ac, condimentum eget, diam.'),(47,70,1,'2023-06-13 07:58:23','2023-06-13 07:58:23','a0643b82-a8dc-429b-9dac-9f88bd6ac608',NULL,NULL,NULL,NULL,NULL,NULL,'* Do not scream suddenly.\n* Hold anything youre in the middle of eating until youve stepped off the elevator again.\n* If you brought any live animals with you, do your best to keep them on your person.\n* Avoid vigorous jumping or bouncing.\n* Face the same direction as everybody else.'),(48,70,2,'2023-06-13 07:58:23','2023-06-13 07:58:23','0d664a2e-dbb5-4071-9d2e-121e692a5efa',NULL,NULL,NULL,NULL,NULL,NULL,'* Do not scream suddenly.\n* Hold anything youre in the middle of eating until youve stepped off the elevator again.\n* If you brought any live animals with you, do your best to keep them on your person.\n* Avoid vigorous jumping or bouncing.\n* Face the same direction as everybody else.'),(51,75,2,'2023-06-13 08:08:25','2023-06-13 08:08:25','e9d1881c-c6f8-4704-a2f2-78af2705c083',NULL,NULL,NULL,NULL,NULL,NULL,'Finden Sie ein Rezept fr das, was Sie mgen, und machen Sie es zu Hause.'),(52,75,1,'2023-06-13 08:08:25','2023-06-13 08:08:25','8dc5050c-4d52-494b-bf28-ddf8b0d13425',NULL,NULL,NULL,NULL,NULL,NULL,'Find a recipe for the thing you want and make it at home.'),(57,80,2,'2023-06-13 08:09:00','2023-06-13 08:09:00','8a663883-96bb-4029-b332-6d91513ee4f8',NULL,NULL,NULL,NULL,NULL,NULL,'Der Philosoph Jack Handy war dafr bekannt, dass er ber einige der groen Komplexitten des Universums auspackte.'),(58,80,1,'2023-06-13 08:09:00','2023-06-13 08:09:00','14961e9b-0307-4e0b-8cc4-d78ee4e5970b',NULL,NULL,NULL,NULL,NULL,NULL,'Philosopher Jack Handy was known to unpack some of the great complexities of the universe.'),(59,81,2,'2023-06-13 08:09:00','2023-06-13 08:09:00','edf1f98f-23fe-48a9-ab71-72533b9a06fa','Jack Handy','Das Gesicht eines Kindes kann alles sagen, vor allem die Mundpartie des Gesichts.','default',NULL,NULL,NULL,NULL),(60,81,1,'2023-06-13 08:09:00','2023-06-13 08:09:00','f6947232-fc2a-4e75-a473-0752710fda8c','Jack Handy','The face of a child can say it all, especially the mouth part of the face.','default',NULL,NULL,NULL,NULL),(61,84,2,'2023-06-13 08:09:30','2023-06-13 08:09:30','d67cf544-5b4c-4ccd-8738-de8f51910b56',NULL,NULL,NULL,NULL,NULL,NULL,'Der Philosoph Jack Handy war dafr bekannt, dass er ber einige der groen Komplexitten des Universums auspackte.'),(62,84,1,'2023-06-13 08:09:30','2023-06-13 08:09:30','98f75fc4-f84f-4801-88ac-4cdbc3a2b27a',NULL,NULL,NULL,NULL,NULL,NULL,'Philosopher Jack Handy was known to unpack some of the great complexities of the universe.'),(63,85,2,'2023-06-13 08:09:30','2023-06-13 08:09:30','2478cec6-a868-49cb-9531-3aecf2a7a362','Jack Handy','Das Gesicht eines Kindes kann alles sagen, vor allem die Mundpartie des Gesichts.','default',NULL,NULL,NULL,NULL),(64,85,1,'2023-06-13 08:09:30','2023-06-13 08:09:30','7c5f4b1e-cf18-4a3a-b033-9eadf4035b25','Jack Handy','The face of a child can say it all, especially the mouth part of the face.','default',NULL,NULL,NULL,NULL),(67,89,2,'2023-06-13 08:10:31','2023-06-13 08:10:31','6cc45de6-bc0b-4c29-b0e3-ac69b1de8e1d',NULL,NULL,NULL,NULL,NULL,NULL,'* Schreien Sie nicht pltzlich.\n* Behalten Sie alles bei sich, was Sie gerade essen, bis Sie den Aufzug wieder verlassen haben.\n* Wenn Sie lebende Tiere mitgebracht haben, tun Sie Ihr Bestes, um sie bei sich zu behalten.\n* Vermeiden Sie krftiges Springen oder Hpfen.\n* Schauen Sie in die gleiche Richtung wie alle anderen.'),(68,89,1,'2023-06-13 08:10:31','2023-06-13 08:10:31','50316ddb-18e0-4b70-8047-f13b6559c23c',NULL,NULL,NULL,NULL,NULL,NULL,'* Do not scream suddenly.\n* Hold anything youre in the middle of eating until youve stepped off the elevator again.\n* If you brought any live animals with you, do your best to keep them on your person.\n* Avoid vigorous jumping or bouncing.\n* Face the same direction as everybody else.'),(69,92,1,'2023-06-13 08:12:04','2023-06-13 08:12:04','81f351e3-6931-4713-b72d-778144a4bcfb',NULL,NULL,NULL,NULL,NULL,'Flowers',NULL),(70,92,2,'2023-06-13 08:12:04','2023-06-13 08:12:04','20d06384-d5ba-44a9-a5dd-41656b3bf2d0',NULL,NULL,NULL,NULL,NULL,'Blumen',NULL),(71,93,1,'2023-06-13 08:12:04','2023-06-13 08:12:04','22fd39b2-6234-40c5-a187-0cd7a7d50a6e',NULL,NULL,NULL,NULL,NULL,NULL,'Vestibulum facilisis, purus nec pulvinar iaculis, ligula mi congue nunc, vitae euismod ligula urna in dolor. Cras sagittis. Vestibulum ante ipsum primis in faucibus orci luctus et ultrices posuere cubilia Curae; Sed aliquam, nisi quis porttitor congue, elit erat euismod orci, ac placerat dolor lectus quis orci. Pellentesque auctor neque nec urna. Morbi nec metus.\n\nFusce convallis metus id felis luctus adipiscing. Lorem ipsum dolor sit amet, consectetuer adipiscing elit. In consectetuer turpis ut velit. Fusce neque. Suspendisse nisl elit, rhoncus eget, elementum ac, condimentum eget, diam.'),(72,93,2,'2023-06-13 08:12:04','2023-06-13 08:12:04','2ea70cfc-2539-47a9-be6c-199d9da631e3',NULL,NULL,NULL,NULL,NULL,NULL,'Vestibulum facilisis, purus nec pulvinar iaculis, ligula mi congue nunc, vitae euismod ligula urna in dolor. Cras sagittis. Vestibulum ante ipsum primis in faucibus orci luctus et ultrices posuere cubilia Curae; Sed aliquam, nisi quis porttitor congue, elit erat euismod orci, ac placerat dolor lectus quis orci. Pellentesque auctor neque nec urna. Morbi nec metus.\n\nFusce convallis metus id felis luctus adipiscing. Lorem ipsum dolor sit amet, consectetuer adipiscing elit. In consectetuer turpis ut velit. Fusce neque. Suspendisse nisl elit, rhoncus eget, elementum ac, condimentum eget, diam.'),(77,98,2,'2023-06-13 08:24:03','2023-06-13 08:24:03','1be17281-63d0-43c8-8200-bc6335ba03d7',NULL,NULL,NULL,NULL,NULL,NULL,'Der Philosoph Jack Handey war dafr bekannt, dass er ber einige der groen Komplexitten des Universums auspackte.'),(78,98,1,'2023-06-13 08:24:03','2023-06-13 08:24:03','5e0caf14-e15f-4267-ae1e-526c14e8b78c',NULL,NULL,NULL,NULL,NULL,NULL,'Philosopher Jack Handey was known to unpack some of the great complexities of the universe.'),(79,99,2,'2023-06-13 08:24:03','2023-06-13 08:24:03','835bbc73-a7a7-4abd-be7d-19e7c2021670','Jack Handey','Das Gesicht eines Kindes kann alles sagen, vor allem die Mundpartie des Gesichts.','default',NULL,NULL,NULL,NULL),(80,99,1,'2023-06-13 08:24:03','2023-06-13 08:24:03','767cf166-31c9-4629-bfda-b73caf5b1ee0','Jack Handey','The face of a child can say it all, especially the mouth part of the face.','default',NULL,NULL,NULL,NULL),(83,104,1,'2023-06-13 08:32:03','2023-06-13 08:32:03','6b03cc17-0d5a-4991-bb6c-8b4fb3df6456',NULL,NULL,NULL,NULL,NULL,NULL,'Philosopher Jack Handey was known to unpack some of the great complexities of the universe.'),(84,104,2,'2023-06-13 08:32:03','2023-06-13 08:32:03','c58b9529-5fe1-4e5b-bd25-b0016074bc60',NULL,NULL,NULL,NULL,NULL,NULL,'Der Philosoph Jack Handey war dafr bekannt, dass er ber einige der groen Komplexitten des Universums auspackte.'),(85,105,1,'2023-06-13 08:32:03','2023-06-13 08:32:03','c897251a-6e5f-43b6-a270-d68e20aaf923','Jack Handey','Playing dead not only comes in handy when face to face with a bear, but also at important business meetings.','default',NULL,NULL,NULL,NULL),(86,105,2,'2023-06-13 08:32:03','2023-06-13 08:32:03','8126724f-bbd7-4acf-988d-1b61affe9078','Jack Handey','Sich tot zu stellen ist nicht nur praktisch, wenn man einem Bren gegenbersteht, sondern auch in wichtigen Meetings.','default',NULL,NULL,NULL,NULL),(87,107,1,'2023-06-13 08:39:13','2023-06-13 08:39:13','324475ec-dcc4-4344-8c58-acbec2835f15',NULL,NULL,NULL,'h2',NULL,NULL,NULL),(88,107,2,'2023-06-13 08:39:13','2023-06-13 08:39:13','fa528794-26bb-41b7-86c2-a712cba8d821',NULL,NULL,NULL,'h2',NULL,NULL,NULL),(89,108,1,'2023-06-13 08:39:19','2023-06-13 08:39:19','075b35e6-bcea-4b96-8aff-97dc776f5577',NULL,NULL,NULL,'h2','Maecenas nec odio et ante',NULL,NULL),(90,108,2,'2023-06-13 08:39:19','2023-06-13 08:39:19','5dae027b-4003-4b86-b8ab-cd0196b5625b',NULL,NULL,NULL,'h2','Maecenas nec odio et ante',NULL,NULL),(91,109,1,'2023-06-13 08:39:22','2023-06-13 08:39:22','8c3997db-fafb-4ebd-b9de-6c52ec4d0f7c',NULL,NULL,NULL,'h2','Maecenas nec odio et ante',NULL,NULL),(92,109,2,'2023-06-13 08:39:22','2023-06-13 08:39:22','b305093c-bdd5-4263-b75d-66d47536c133',NULL,NULL,NULL,'h2','Maecenas nec odio et ante',NULL,NULL),(93,110,1,'2023-06-13 08:39:22','2023-06-13 08:39:22','871cc1ac-80b2-4000-b32d-d983530fde08',NULL,NULL,NULL,NULL,NULL,NULL,NULL),(94,110,2,'2023-06-13 08:39:22','2023-06-13 08:39:22','a26f2f70-306f-4059-bb01-603673e68c25',NULL,NULL,NULL,NULL,NULL,NULL,NULL),(95,111,1,'2023-06-13 08:39:28','2023-06-13 08:39:28','a9552a3c-a94e-45e6-90ce-9b40b0dd6d97',NULL,NULL,NULL,'h2','Maecenas nec odio et ante',NULL,NULL),(96,111,2,'2023-06-13 08:39:28','2023-06-13 08:39:28','9c314dce-3120-4087-a875-d608e9d0b9af',NULL,NULL,NULL,'h2','Maecenas nec odio et ante',NULL,NULL),(97,112,1,'2023-06-13 08:39:28','2023-06-13 08:39:28','334c21fc-1d7f-4152-b3ec-b92cdd5681c7',NULL,NULL,NULL,NULL,NULL,NULL,'Vestibulum fringilla pede sit amet augue. Fusce vel dui. In hac habitasse platea dictumst. Fusce egestas elit eget lorem.\n\nNullam dictum felis eu pede mollis pretium. Nam at tortor in tellus interdum sagittis. Nam eget dui. Nullam sagittis.'),(98,112,2,'2023-06-13 08:39:28','2023-06-13 08:39:28','1e7dfc17-5ecf-442c-b43f-80bb0850088c',NULL,NULL,NULL,NULL,NULL,NULL,'Vestibulum fringilla pede sit amet augue. Fusce vel dui. In hac habitasse platea dictumst. Fusce egestas elit eget lorem.\n\nNullam dictum felis eu pede mollis pretium. Nam at tortor in tellus interdum sagittis. Nam eget dui. Nullam sagittis.'),(99,113,1,'2023-06-13 08:39:29','2023-06-13 08:39:29','bb08f4f2-7557-455a-ab9f-68f53066ff6a',NULL,NULL,NULL,'h2','Maecenas nec odio et ante',NULL,NULL),(100,113,2,'2023-06-13 08:39:29','2023-06-13 08:39:29','4a499a9f-5835-4635-b021-665fabd1892e',NULL,NULL,NULL,'h2','Maecenas nec odio et ante',NULL,NULL),(101,114,1,'2023-06-13 08:39:29','2023-06-13 08:39:29','5d5d17fb-7798-47fd-88f0-0a7a7739d119',NULL,NULL,NULL,NULL,NULL,NULL,'Vestibulum fringilla pede sit amet augue. Fusce vel dui. In hac habitasse platea dictumst. Fusce egestas elit eget lorem.\n\nNullam dictum felis eu pede mollis pretium. Nam at tortor in tellus interdum sagittis. Nam eget dui. Nullam sagittis.'),(102,114,2,'2023-06-13 08:39:29','2023-06-13 08:39:29','39b70db0-e4b1-4369-96b3-2f0328e7c512',NULL,NULL,NULL,NULL,NULL,NULL,'Vestibulum fringilla pede sit amet augue. Fusce vel dui. In hac habitasse platea dictumst. Fusce egestas elit eget lorem.\n\nNullam dictum felis eu pede mollis pretium. Nam at tortor in tellus interdum sagittis. Nam eget dui. Nullam sagittis.'),(103,115,1,'2023-06-13 08:39:29','2023-06-13 08:39:29','d4d5602b-a7b6-4625-9a89-5431803f470f',NULL,NULL,NULL,NULL,NULL,NULL,NULL),(104,115,2,'2023-06-13 08:39:29','2023-06-13 08:39:29','a476bb47-06df-450d-8c22-85a6058f4c16',NULL,NULL,NULL,NULL,NULL,NULL,NULL),(105,116,1,'2023-06-13 08:39:37','2023-06-13 08:39:37','d96b15a5-391d-4b59-a908-e314169b6d61',NULL,NULL,NULL,'h2','Maecenas nec odio et ante',NULL,NULL),(106,116,2,'2023-06-13 08:39:37','2023-06-13 08:39:37','4ba4ef7a-35ca-44c4-9d98-eb0f6abe2914',NULL,NULL,NULL,'h2','Maecenas nec odio et ante',NULL,NULL),(107,117,1,'2023-06-13 08:39:37','2023-06-13 08:39:37','c3561ee0-0b02-4a0d-ba1e-f51bf3a18524',NULL,NULL,NULL,NULL,NULL,NULL,'Vestibulum fringilla pede sit amet augue. Fusce vel dui. In hac habitasse platea dictumst. Fusce egestas elit eget lorem.\n\nNullam dictum felis eu pede mollis pretium. Nam at tortor in tellus interdum sagittis. Nam eget dui. Nullam sagittis.'),(108,117,2,'2023-06-13 08:39:37','2023-06-13 08:39:37','1b141aeb-d24b-403c-adbe-ff7cb6de64a7',NULL,NULL,NULL,NULL,NULL,NULL,'Vestibulum fringilla pede sit amet augue. Fusce vel dui. In hac habitasse platea dictumst. Fusce egestas elit eget lorem.\n\nNullam dictum felis eu pede mollis pretium. Nam at tortor in tellus interdum sagittis. Nam eget dui. Nullam sagittis.'),(109,118,1,'2023-06-13 08:39:37','2023-06-13 08:39:37','8b342efc-367c-4150-8402-989977575894',NULL,NULL,NULL,NULL,NULL,NULL,'In hac habitasse platea dictumst. Vestibulum ante ipsum primis in faucibus orci luctus et ultrices posuere cubilia Curae; Sed aliquam, nisi quis porttitor congue, elit erat euismod orci, ac placerat dolor lectus quis orci. Phasellus dolor. Vestibulum eu odio.\n\nIn auctor lobortis lacus. Proin magna. Aliquam erat volutpat. Fusce vel dui.'),(110,118,2,'2023-06-13 08:39:37','2023-06-13 08:39:37','7ae76290-3189-4fb2-8004-00956174ce02',NULL,NULL,NULL,NULL,NULL,NULL,'In hac habitasse platea dictumst. Vestibulum ante ipsum primis in faucibus orci luctus et ultrices posuere cubilia Curae; Sed aliquam, nisi quis porttitor congue, elit erat euismod orci, ac placerat dolor lectus quis orci. Phasellus dolor. Vestibulum eu odio.\n\nIn auctor lobortis lacus. Proin magna. Aliquam erat volutpat. Fusce vel dui.'),(111,119,1,'2023-06-13 08:39:39','2023-06-13 08:39:39','fc59a6b9-8244-491a-911d-3a6a87e2b624',NULL,NULL,NULL,'h2','Maecenas nec odio et ante',NULL,NULL),(112,119,2,'2023-06-13 08:39:39','2023-06-13 08:39:39','e4072aee-7e8a-4d75-8381-d203428c1408',NULL,NULL,NULL,'h2','Maecenas nec odio et ante',NULL,NULL),(113,120,1,'2023-06-13 08:39:39','2023-06-13 08:39:39','92dccd9d-e54e-4acf-9a7a-583e0fcd1633',NULL,NULL,NULL,NULL,NULL,NULL,'Vestibulum fringilla pede sit amet augue. Fusce vel dui. In hac habitasse platea dictumst. Fusce egestas elit eget lorem.\n\nNullam dictum felis eu pede mollis pretium. Nam at tortor in tellus interdum sagittis. Nam eget dui. Nullam sagittis.'),(114,120,2,'2023-06-13 08:39:39','2023-06-13 08:39:39','5eaaf1c9-0cb6-4cd4-ac0c-515481f2e6b1',NULL,NULL,NULL,NULL,NULL,NULL,'Vestibulum fringilla pede sit amet augue. Fusce vel dui. In hac habitasse platea dictumst. Fusce egestas elit eget lorem.\n\nNullam dictum felis eu pede mollis pretium. Nam at tortor in tellus interdum sagittis. Nam eget dui. Nullam sagittis.'),(115,121,1,'2023-06-13 08:39:39','2023-06-13 08:39:39','63bfda89-b968-4497-b4f2-44ff981870b8',NULL,NULL,NULL,'h2',NULL,NULL,NULL),(116,121,2,'2023-06-13 08:39:39','2023-06-13 08:39:39','6750514d-c1e2-4def-9bb1-7c9a4e824970',NULL,NULL,NULL,'h2',NULL,NULL,NULL),(117,122,1,'2023-06-13 08:39:39','2023-06-13 08:39:39','a4fa7d25-df9c-4c15-af12-7f1480daed19',NULL,NULL,NULL,NULL,NULL,NULL,'In hac habitasse platea dictumst. Vestibulum ante ipsum primis in faucibus orci luctus et ultrices posuere cubilia Curae; Sed aliquam, nisi quis porttitor congue, elit erat euismod orci, ac placerat dolor lectus quis orci. Phasellus dolor. Vestibulum eu odio.\n\nIn auctor lobortis lacus. Proin magna. Aliquam erat volutpat. Fusce vel dui.'),(118,122,2,'2023-06-13 08:39:39','2023-06-13 08:39:39','f9df45a0-e8bf-43fa-b809-3e03feb2715f',NULL,NULL,NULL,NULL,NULL,NULL,'In hac habitasse platea dictumst. Vestibulum ante ipsum primis in faucibus orci luctus et ultrices posuere cubilia Curae; Sed aliquam, nisi quis porttitor congue, elit erat euismod orci, ac placerat dolor lectus quis orci. Phasellus dolor. Vestibulum eu odio.\n\nIn auctor lobortis lacus. Proin magna. Aliquam erat volutpat. Fusce vel dui.'),(119,123,1,'2023-06-13 08:39:45','2023-06-13 08:39:45','16356017-936a-49f9-9f6f-47fde791260b',NULL,NULL,NULL,'h2','Maecenas nec odio et ante',NULL,NULL),(120,123,2,'2023-06-13 08:39:45','2023-06-13 08:39:45','1f9e6427-0653-4cb8-a007-b8d972b15ba2',NULL,NULL,NULL,'h2','Maecenas nec odio et ante',NULL,NULL),(121,124,1,'2023-06-13 08:39:45','2023-06-13 08:39:45','0263aa52-c2eb-4f56-a18c-5547c877a842',NULL,NULL,NULL,NULL,NULL,NULL,'Vestibulum fringilla pede sit amet augue. Fusce vel dui. In hac habitasse platea dictumst. Fusce egestas elit eget lorem.\n\nNullam dictum felis eu pede mollis pretium. Nam at tortor in tellus interdum sagittis. Nam eget dui. Nullam sagittis.'),(122,124,2,'2023-06-13 08:39:45','2023-06-13 08:39:45','f57ab1dc-8ad0-44fe-a3bc-d95b2be641fc',NULL,NULL,NULL,NULL,NULL,NULL,'Vestibulum fringilla pede sit amet augue. Fusce vel dui. In hac habitasse platea dictumst. Fusce egestas elit eget lorem.\n\nNullam dictum felis eu pede mollis pretium. Nam at tortor in tellus interdum sagittis. Nam eget dui. Nullam sagittis.'),(123,125,1,'2023-06-13 08:39:45','2023-06-13 08:39:45','1214022c-7014-46c9-bcc8-442fb4b2cf20',NULL,NULL,NULL,'h2','Curabitur ligula sapien tincidunt non',NULL,NULL),(124,125,2,'2023-06-13 08:39:45','2023-06-13 08:39:45','d709f304-90fe-4922-a5fc-0cf03decf1ce',NULL,NULL,NULL,'h2','Curabitur ligula sapien tincidunt non',NULL,NULL),(125,126,1,'2023-06-13 08:39:45','2023-06-13 08:39:45','94777587-44a1-4dcc-9490-002b3d023416',NULL,NULL,NULL,NULL,NULL,NULL,'In hac habitasse platea dictumst. Vestibulum ante ipsum primis in faucibus orci luctus et ultrices posuere cubilia Curae; Sed aliquam, nisi quis porttitor congue, elit erat euismod orci, ac placerat dolor lectus quis orci. Phasellus dolor. Vestibulum eu odio.\n\nIn auctor lobortis lacus. Proin magna. Aliquam erat volutpat. Fusce vel dui.'),(126,126,2,'2023-06-13 08:39:45','2023-06-13 08:39:45','ee22fdf4-3d12-4af2-997d-8ae50994f25f',NULL,NULL,NULL,NULL,NULL,NULL,'In hac habitasse platea dictumst. Vestibulum ante ipsum primis in faucibus orci luctus et ultrices posuere cubilia Curae; Sed aliquam, nisi quis porttitor congue, elit erat euismod orci, ac placerat dolor lectus quis orci. Phasellus dolor. Vestibulum eu odio.\n\nIn auctor lobortis lacus. Proin magna. Aliquam erat volutpat. Fusce vel dui.'),(127,127,1,'2023-06-13 08:39:46','2023-06-13 08:39:46','03f39163-8c87-4de3-9de6-42ae05f66b8f',NULL,NULL,NULL,'h2','Maecenas nec odio et ante',NULL,NULL),(128,127,2,'2023-06-13 08:39:46','2023-06-13 08:39:46','5ece0849-75f7-4e9d-89e7-4164d0a09fa6',NULL,NULL,NULL,'h2','Maecenas nec odio et ante',NULL,NULL),(129,128,1,'2023-06-13 08:39:46','2023-06-13 08:39:46','588b954b-8a0a-4954-bf0a-28d3395b60d3',NULL,NULL,NULL,NULL,NULL,NULL,'Vestibulum fringilla pede sit amet augue. Fusce vel dui. In hac habitasse platea dictumst. Fusce egestas elit eget lorem.\n\nNullam dictum felis eu pede mollis pretium. Nam at tortor in tellus interdum sagittis. Nam eget dui. Nullam sagittis.'),(130,128,2,'2023-06-13 08:39:46','2023-06-13 08:39:46','200c3a4e-dc0e-42ae-ab47-c63b942645b6',NULL,NULL,NULL,NULL,NULL,NULL,'Vestibulum fringilla pede sit amet augue. Fusce vel dui. In hac habitasse platea dictumst. Fusce egestas elit eget lorem.\n\nNullam dictum felis eu pede mollis pretium. Nam at tortor in tellus interdum sagittis. Nam eget dui. Nullam sagittis.'),(131,129,1,'2023-06-13 08:39:46','2023-06-13 08:39:46','cedc3735-4fa7-4110-9de9-9c4a26967319',NULL,NULL,NULL,'h3','Curabitur ligula sapien tincidunt non',NULL,NULL),(132,129,2,'2023-06-13 08:39:46','2023-06-13 08:39:46','a93026e0-f048-4333-99cd-1ee65f71fa4d',NULL,NULL,NULL,'h3','Curabitur ligula sapien tincidunt non',NULL,NULL),(133,130,1,'2023-06-13 08:39:46','2023-06-13 08:39:46','d88dc117-57fa-4821-b672-a8832b359c2a',NULL,NULL,NULL,NULL,NULL,NULL,'In hac habitasse platea dictumst. Vestibulum ante ipsum primis in faucibus orci luctus et ultrices posuere cubilia Curae; Sed aliquam, nisi quis porttitor congue, elit erat euismod orci, ac placerat dolor lectus quis orci. Phasellus dolor. Vestibulum eu odio.\n\nIn auctor lobortis lacus. Proin magna. Aliquam erat volutpat. Fusce vel dui.'),(134,130,2,'2023-06-13 08:39:46','2023-06-13 08:39:46','970bf37b-b89b-4614-afe7-2bdb766f803c',NULL,NULL,NULL,NULL,NULL,NULL,'In hac habitasse platea dictumst. Vestibulum ante ipsum primis in faucibus orci luctus et ultrices posuere cubilia Curae; Sed aliquam, nisi quis porttitor congue, elit erat euismod orci, ac placerat dolor lectus quis orci. Phasellus dolor. Vestibulum eu odio.\n\nIn auctor lobortis lacus. Proin magna. Aliquam erat volutpat. Fusce vel dui.'),(135,131,1,'2023-06-13 08:39:51','2023-06-13 08:39:51','c86e350b-3709-4a43-98c5-84596c3fb60b',NULL,NULL,NULL,'h2','Maecenas nec odio et ante',NULL,NULL),(136,131,2,'2023-06-13 08:39:51','2023-06-13 08:39:51','e0360e02-6013-486d-b274-8338e702f262',NULL,NULL,NULL,'h2','Maecenas nec odio et ante',NULL,NULL),(137,132,1,'2023-06-13 08:39:51','2023-06-13 08:39:51','a519904e-b8fe-4a2a-b1d5-5cc2984e8f32',NULL,NULL,NULL,NULL,NULL,NULL,'Vestibulum fringilla pede sit amet augue. Fusce vel dui. In hac habitasse platea dictumst. Fusce egestas elit eget lorem.\n\nNullam dictum felis eu pede mollis pretium. Nam at tortor in tellus interdum sagittis. Nam eget dui. Nullam sagittis.'),(138,132,2,'2023-06-13 08:39:51','2023-06-13 08:39:51','2821a4fb-3460-4219-a9ca-995a471b0fb7',NULL,NULL,NULL,NULL,NULL,NULL,'Vestibulum fringilla pede sit amet augue. Fusce vel dui. In hac habitasse platea dictumst. Fusce egestas elit eget lorem.\n\nNullam dictum felis eu pede mollis pretium. Nam at tortor in tellus interdum sagittis. Nam eget dui. Nullam sagittis.'),(139,133,1,'2023-06-13 08:39:51','2023-06-13 08:39:51','5f99bf4d-6a29-4aa9-9b63-8f263496219e',NULL,NULL,NULL,'h3','Curabitur ligula sapien tincidunt non',NULL,NULL),(140,133,2,'2023-06-13 08:39:51','2023-06-13 08:39:51','92e56cab-2d66-4ab1-b16a-dbc574b1bf64',NULL,NULL,NULL,'h3','Curabitur ligula sapien tincidunt non',NULL,NULL),(141,134,1,'2023-06-13 08:39:51','2023-06-13 08:39:51','53f538eb-d3e7-4c25-813c-8700a50267be',NULL,NULL,NULL,NULL,NULL,NULL,'In hac habitasse platea dictumst. Vestibulum ante ipsum primis in faucibus orci luctus et ultrices posuere cubilia Curae; Sed aliquam, nisi quis porttitor congue, elit erat euismod orci, ac placerat dolor lectus quis orci. Phasellus dolor. Vestibulum eu odio.\n\nIn auctor lobortis lacus. Proin magna. Aliquam erat volutpat. Fusce vel dui.'),(142,134,2,'2023-06-13 08:39:51','2023-06-13 08:39:51','675ecd56-9427-4c9c-afcb-b941a2747c1c',NULL,NULL,NULL,NULL,NULL,NULL,'In hac habitasse platea dictumst. Vestibulum ante ipsum primis in faucibus orci luctus et ultrices posuere cubilia Curae; Sed aliquam, nisi quis porttitor congue, elit erat euismod orci, ac placerat dolor lectus quis orci. Phasellus dolor. Vestibulum eu odio.\n\nIn auctor lobortis lacus. Proin magna. Aliquam erat volutpat. Fusce vel dui.'),(143,135,1,'2023-06-13 08:39:51','2023-06-13 08:39:51','d17ee442-7cb5-4f4e-9e54-f32215eb76dd',NULL,NULL,'default',NULL,NULL,NULL,NULL),(144,135,2,'2023-06-13 08:39:51','2023-06-13 08:39:51','638f7933-da0e-4161-8111-8201cbd7e4ff',NULL,NULL,'default',NULL,NULL,NULL,NULL),(145,136,1,'2023-06-13 08:39:59','2023-06-13 08:39:59','179f518c-aaf7-464e-a385-73e95088eae1',NULL,NULL,NULL,'h2','Maecenas nec odio et ante',NULL,NULL),(146,136,2,'2023-06-13 08:39:59','2023-06-13 08:39:59','b1a1f7c7-9660-4173-83bd-ed397ba582c9',NULL,NULL,NULL,'h2','Maecenas nec odio et ante',NULL,NULL),(147,137,1,'2023-06-13 08:39:59','2023-06-13 08:39:59','afc97b83-d375-498a-92de-3b69d7c08912',NULL,NULL,NULL,NULL,NULL,NULL,'Vestibulum fringilla pede sit amet augue. Fusce vel dui. In hac habitasse platea dictumst. Fusce egestas elit eget lorem.\n\nNullam dictum felis eu pede mollis pretium. Nam at tortor in tellus interdum sagittis. Nam eget dui. Nullam sagittis.'),(148,137,2,'2023-06-13 08:39:59','2023-06-13 08:39:59','351e6899-a415-455f-9e07-32cdad291306',NULL,NULL,NULL,NULL,NULL,NULL,'Vestibulum fringilla pede sit amet augue. Fusce vel dui. In hac habitasse platea dictumst. Fusce egestas elit eget lorem.\n\nNullam dictum felis eu pede mollis pretium. Nam at tortor in tellus interdum sagittis. Nam eget dui. Nullam sagittis.'),(149,138,1,'2023-06-13 08:39:59','2023-06-13 08:39:59','80543cc0-f03b-405f-8609-3209dcc429ef',NULL,NULL,NULL,'h3','Curabitur ligula sapien tincidunt non',NULL,NULL),(150,138,2,'2023-06-13 08:39:59','2023-06-13 08:39:59','5de58ea8-becb-4a6a-8b68-3f481a0ca019',NULL,NULL,NULL,'h3','Curabitur ligula sapien tincidunt non',NULL,NULL),(151,139,1,'2023-06-13 08:39:59','2023-06-13 08:39:59','53ff8072-aee3-48cd-8d26-3efe8bd1a333',NULL,NULL,NULL,NULL,NULL,NULL,'In hac habitasse platea dictumst. Vestibulum ante ipsum primis in faucibus orci luctus et ultrices posuere cubilia Curae; Sed aliquam, nisi quis porttitor congue, elit erat euismod orci, ac placerat dolor lectus quis orci. Phasellus dolor. Vestibulum eu odio.\n\nIn auctor lobortis lacus. Proin magna. Aliquam erat volutpat. Fusce vel dui.'),(152,139,2,'2023-06-13 08:39:59','2023-06-13 08:39:59','652253c8-7b17-44cb-9db6-65ea571b032b',NULL,NULL,NULL,NULL,NULL,NULL,'In hac habitasse platea dictumst. Vestibulum ante ipsum primis in faucibus orci luctus et ultrices posuere cubilia Curae; Sed aliquam, nisi quis porttitor congue, elit erat euismod orci, ac placerat dolor lectus quis orci. Phasellus dolor. Vestibulum eu odio.\n\nIn auctor lobortis lacus. Proin magna. Aliquam erat volutpat. Fusce vel dui.'),(153,140,1,'2023-06-13 08:39:59','2023-06-13 08:39:59','86736f52-df7c-4f1a-8a5d-2db9d9285a44',NULL,'Quisque libero metus, condimentum nec, tempor a, commodo mollis, magna. Ut tincidunt tincidunt erat. Etiam iaculis nunc ac metus. Suspendisse feugiat. Curabitur suscipit suscipit tellus.','default',NULL,NULL,NULL,NULL),(154,140,2,'2023-06-13 08:39:59','2023-06-13 08:39:59','644272d8-14bf-4098-85fc-ebab1df5c945',NULL,'Quisque libero metus, condimentum nec, tempor a, commodo mollis, magna. Ut tincidunt tincidunt erat. Etiam iaculis nunc ac metus. Suspendisse feugiat. Curabitur suscipit suscipit tellus.','default',NULL,NULL,NULL,NULL),(155,141,1,'2023-06-13 08:40:04','2023-06-13 08:40:04','55542010-96d9-4db3-a022-6894ee893ae7',NULL,NULL,NULL,'h2','Maecenas nec odio et ante',NULL,NULL),(156,141,2,'2023-06-13 08:40:04','2023-06-13 08:40:04','677a6ca9-eb44-4ab8-946e-a19e3dcdbd17',NULL,NULL,NULL,'h2','Maecenas nec odio et ante',NULL,NULL),(157,142,1,'2023-06-13 08:40:04','2023-06-13 08:40:04','b4531275-42c5-4ecd-a80b-fcc1e5fd94fc',NULL,NULL,NULL,NULL,NULL,NULL,'Vestibulum fringilla pede sit amet augue. Fusce vel dui. In hac habitasse platea dictumst. Fusce egestas elit eget lorem.\n\nNullam dictum felis eu pede mollis pretium. Nam at tortor in tellus interdum sagittis. Nam eget dui. Nullam sagittis.'),(158,142,2,'2023-06-13 08:40:04','2023-06-13 08:40:04','e56bab39-ca68-4728-b978-29ad8176d158',NULL,NULL,NULL,NULL,NULL,NULL,'Vestibulum fringilla pede sit amet augue. Fusce vel dui. In hac habitasse platea dictumst. Fusce egestas elit eget lorem.\n\nNullam dictum felis eu pede mollis pretium. Nam at tortor in tellus interdum sagittis. Nam eget dui. Nullam sagittis.'),(159,143,1,'2023-06-13 08:40:04','2023-06-13 08:40:04','3f01968c-a933-47a0-a019-5cd8affa2269',NULL,NULL,NULL,'h3','Curabitur ligula sapien tincidunt non',NULL,NULL),(160,143,2,'2023-06-13 08:40:04','2023-06-13 08:40:04','02fbfbd5-314d-45ac-b412-430355793fde',NULL,NULL,NULL,'h3','Curabitur ligula sapien tincidunt non',NULL,NULL),(161,144,1,'2023-06-13 08:40:04','2023-06-13 08:40:04','33949e79-51e3-4a20-bbec-b1874ceda975',NULL,NULL,NULL,NULL,NULL,NULL,'In hac habitasse platea dictumst. Vestibulum ante ipsum primis in faucibus orci luctus et ultrices posuere cubilia Curae; Sed aliquam, nisi quis porttitor congue, elit erat euismod orci, ac placerat dolor lectus quis orci. Phasellus dolor. Vestibulum eu odio.\n\nIn auctor lobortis lacus. Proin magna. Aliquam erat volutpat. Fusce vel dui.'),(162,144,2,'2023-06-13 08:40:04','2023-06-13 08:40:04','dd63a438-97e2-4998-bee3-24085aeec071',NULL,NULL,NULL,NULL,NULL,NULL,'In hac habitasse platea dictumst. Vestibulum ante ipsum primis in faucibus orci luctus et ultrices posuere cubilia Curae; Sed aliquam, nisi quis porttitor congue, elit erat euismod orci, ac placerat dolor lectus quis orci. Phasellus dolor. Vestibulum eu odio.\n\nIn auctor lobortis lacus. Proin magna. Aliquam erat volutpat. Fusce vel dui.'),(163,145,1,'2023-06-13 08:40:04','2023-06-13 08:40:04','b68531a5-0c05-47b5-8d73-e7c95c13df02','Pellentesque auctor','Quisque libero metus, condimentum nec, tempor a, commodo mollis, magna. Ut tincidunt tincidunt erat. Etiam iaculis nunc ac metus. Suspendisse feugiat. Curabitur suscipit suscipit tellus.','default',NULL,NULL,NULL,NULL),(164,145,2,'2023-06-13 08:40:04','2023-06-13 08:40:04','633369c6-9273-46ad-acf0-7251b78b837f','Pellentesque auctor','Quisque libero metus, condimentum nec, tempor a, commodo mollis, magna. Ut tincidunt tincidunt erat. Etiam iaculis nunc ac metus. Suspendisse feugiat. Curabitur suscipit suscipit tellus.','default',NULL,NULL,NULL,NULL),(165,146,1,'2023-06-13 08:40:42','2023-06-13 08:40:42','75165a75-f207-4f5b-bde1-3ae0e517004c',NULL,NULL,NULL,'h2',NULL,NULL,NULL),(166,146,2,'2023-06-13 08:40:42','2023-06-13 08:40:42','e86d2e8a-fb81-42f7-b220-9423c16144c9',NULL,NULL,NULL,'h2',NULL,NULL,NULL),(167,147,1,'2023-06-13 08:40:42','2023-06-13 08:40:42','4d1e84b4-f8e5-45ef-9795-f760cc27cd59',NULL,NULL,NULL,'h2','Maecenas nec odio et ante',NULL,NULL),(168,147,2,'2023-06-13 08:40:42','2023-06-13 08:40:42','d51906d5-700f-4de4-8750-ef694e7df8bb',NULL,NULL,NULL,'h2','Maecenas nec odio et ante',NULL,NULL),(169,148,1,'2023-06-13 08:40:42','2023-06-13 08:40:42','02c41b96-ce60-456a-953d-3da0757a11fe',NULL,NULL,NULL,NULL,NULL,NULL,'Vestibulum fringilla pede sit amet augue. Fusce vel dui. In hac habitasse platea dictumst. Fusce egestas elit eget lorem.\n\nNullam dictum felis eu pede mollis pretium. Nam at tortor in tellus interdum sagittis. Nam eget dui. Nullam sagittis.'),(170,148,2,'2023-06-13 08:40:42','2023-06-13 08:40:42','f3742594-f02a-4622-be35-dfb024ea346f',NULL,NULL,NULL,NULL,NULL,NULL,'Vestibulum fringilla pede sit amet augue. Fusce vel dui. In hac habitasse platea dictumst. Fusce egestas elit eget lorem.\n\nNullam dictum felis eu pede mollis pretium. Nam at tortor in tellus interdum sagittis. Nam eget dui. Nullam sagittis.'),(171,149,1,'2023-06-13 08:40:42','2023-06-13 08:40:42','c6de42c7-b8cc-488c-8f81-9d439af48458',NULL,NULL,NULL,'h3','Curabitur ligula sapien tincidunt non',NULL,NULL),(172,149,2,'2023-06-13 08:40:42','2023-06-13 08:40:42','77554b8a-c8c2-4889-aadb-43f544465d5a',NULL,NULL,NULL,'h3','Curabitur ligula sapien tincidunt non',NULL,NULL),(173,150,1,'2023-06-13 08:40:42','2023-06-13 08:40:42','c875e097-959b-4753-a9eb-c7922319d9e2',NULL,NULL,NULL,NULL,NULL,NULL,'In hac habitasse platea dictumst. Vestibulum ante ipsum primis in faucibus orci luctus et ultrices posuere cubilia Curae; Sed aliquam, nisi quis porttitor congue, elit erat euismod orci, ac placerat dolor lectus quis orci. Phasellus dolor. Vestibulum eu odio.\n\nIn auctor lobortis lacus. Proin magna. Aliquam erat volutpat. Fusce vel dui.'),(174,150,2,'2023-06-13 08:40:42','2023-06-13 08:40:42','f0728595-7e49-41a3-ba3c-7517506acce5',NULL,NULL,NULL,NULL,NULL,NULL,'In hac habitasse platea dictumst. Vestibulum ante ipsum primis in faucibus orci luctus et ultrices posuere cubilia Curae; Sed aliquam, nisi quis porttitor congue, elit erat euismod orci, ac placerat dolor lectus quis orci. Phasellus dolor. Vestibulum eu odio.\n\nIn auctor lobortis lacus. Proin magna. Aliquam erat volutpat. Fusce vel dui.'),(175,151,1,'2023-06-13 08:40:42','2023-06-13 08:40:42','7665c153-f286-4a89-bd95-dc70449c5362','Pellentesque auctor','Quisque libero metus, condimentum nec, tempor a, commodo mollis, magna. Ut tincidunt tincidunt erat. Etiam iaculis nunc ac metus. Suspendisse feugiat. Curabitur suscipit suscipit tellus.','default',NULL,NULL,NULL,NULL),(176,151,2,'2023-06-13 08:40:42','2023-06-13 08:40:42','2251da2d-0c31-41d3-b2fc-2add84d33e48','Pellentesque auctor','Quisque libero metus, condimentum nec, tempor a, commodo mollis, magna. Ut tincidunt tincidunt erat. Etiam iaculis nunc ac metus. Suspendisse feugiat. Curabitur suscipit suscipit tellus.','default',NULL,NULL,NULL,NULL),(177,152,1,'2023-06-13 08:40:46','2023-06-13 08:40:46','a20e23f6-e616-47e9-96da-df227a95f695',NULL,NULL,NULL,'h2','Te',NULL,NULL),(178,152,2,'2023-06-13 08:40:46','2023-06-13 08:40:46','4484ae20-5257-461f-bd4a-7b59085673b6',NULL,NULL,NULL,'h2','Te',NULL,NULL),(179,153,1,'2023-06-13 08:40:46','2023-06-13 08:40:46','d18b1f4c-cfda-4e77-b04c-0f7bfd02d079',NULL,NULL,NULL,'h2','Maecenas nec odio et ante',NULL,NULL),(180,153,2,'2023-06-13 08:40:46','2023-06-13 08:40:46','367c27fd-3d58-4d5f-aa6a-c7901a4ca0c2',NULL,NULL,NULL,'h2','Maecenas nec odio et ante',NULL,NULL),(181,154,1,'2023-06-13 08:40:46','2023-06-13 08:40:46','c9ab85c3-a197-400f-8d28-ec08f0ee3ef9',NULL,NULL,NULL,NULL,NULL,NULL,'Vestibulum fringilla pede sit amet augue. Fusce vel dui. In hac habitasse platea dictumst. Fusce egestas elit eget lorem.\n\nNullam dictum felis eu pede mollis pretium. Nam at tortor in tellus interdum sagittis. Nam eget dui. Nullam sagittis.'),(182,154,2,'2023-06-13 08:40:46','2023-06-13 08:40:46','955eef60-ff6a-4369-a8e3-98f53187a954',NULL,NULL,NULL,NULL,NULL,NULL,'Vestibulum fringilla pede sit amet augue. Fusce vel dui. In hac habitasse platea dictumst. Fusce egestas elit eget lorem.\n\nNullam dictum felis eu pede mollis pretium. Nam at tortor in tellus interdum sagittis. Nam eget dui. Nullam sagittis.'),(183,155,1,'2023-06-13 08:40:46','2023-06-13 08:40:46','0371c814-7dff-48aa-874b-998113886c02',NULL,NULL,NULL,'h3','Curabitur ligula sapien tincidunt non',NULL,NULL),(184,155,2,'2023-06-13 08:40:46','2023-06-13 08:40:46','c5e05ba6-e92c-4d9c-abdd-6c04da02cb43',NULL,NULL,NULL,'h3','Curabitur ligula sapien tincidunt non',NULL,NULL),(185,156,1,'2023-06-13 08:40:46','2023-06-13 08:40:46','74b32cc1-26a9-4b82-8b88-e98cb98ec1bf',NULL,NULL,NULL,NULL,NULL,NULL,'In hac habitasse platea dictumst. Vestibulum ante ipsum primis in faucibus orci luctus et ultrices posuere cubilia Curae; Sed aliquam, nisi quis porttitor congue, elit erat euismod orci, ac placerat dolor lectus quis orci. Phasellus dolor. Vestibulum eu odio.\n\nIn auctor lobortis lacus. Proin magna. Aliquam erat volutpat. Fusce vel dui.'),(186,156,2,'2023-06-13 08:40:46','2023-06-13 08:40:46','2e71e1ea-9275-4a2e-9eef-29fbe9f05b23',NULL,NULL,NULL,NULL,NULL,NULL,'In hac habitasse platea dictumst. Vestibulum ante ipsum primis in faucibus orci luctus et ultrices posuere cubilia Curae; Sed aliquam, nisi quis porttitor congue, elit erat euismod orci, ac placerat dolor lectus quis orci. Phasellus dolor. Vestibulum eu odio.\n\nIn auctor lobortis lacus. Proin magna. Aliquam erat volutpat. Fusce vel dui.'),(187,157,1,'2023-06-13 08:40:46','2023-06-13 08:40:46','44a6a32c-76c6-4254-86a0-efd29c3a3088','Pellentesque auctor','Quisque libero metus, condimentum nec, tempor a, commodo mollis, magna. Ut tincidunt tincidunt erat. Etiam iaculis nunc ac metus. Suspendisse feugiat. Curabitur suscipit suscipit tellus.','default',NULL,NULL,NULL,NULL),(188,157,2,'2023-06-13 08:40:46','2023-06-13 08:40:46','210b3c1a-6391-4309-bd9e-1f3f86329bf2','Pellentesque auctor','Quisque libero metus, condimentum nec, tempor a, commodo mollis, magna. Ut tincidunt tincidunt erat. Etiam iaculis nunc ac metus. Suspendisse feugiat. Curabitur suscipit suscipit tellus.','default',NULL,NULL,NULL,NULL),(189,158,1,'2023-06-13 08:40:47','2023-06-13 08:40:47','e9fb5199-33d2-421c-9baa-42a601f09f24',NULL,NULL,NULL,'h2',NULL,NULL,NULL),(190,158,2,'2023-06-13 08:40:47','2023-06-13 08:40:47','1757f6d5-6645-490a-81a1-4c6df188b01a',NULL,NULL,NULL,'h2',NULL,NULL,NULL),(191,159,1,'2023-06-13 08:40:47','2023-06-13 08:40:47','3126dff0-075d-42b0-9c45-5fb2e8a82023',NULL,NULL,NULL,'h2','Maecenas nec odio et ante',NULL,NULL),(192,159,2,'2023-06-13 08:40:47','2023-06-13 08:40:47','d436758d-921c-45d0-9339-a816c5ccbb5f',NULL,NULL,NULL,'h2','Maecenas nec odio et ante',NULL,NULL),(193,160,1,'2023-06-13 08:40:47','2023-06-13 08:40:47','c69de295-9dcc-4223-8246-0d817bf015a1',NULL,NULL,NULL,NULL,NULL,NULL,'Vestibulum fringilla pede sit amet augue. Fusce vel dui. In hac habitasse platea dictumst. Fusce egestas elit eget lorem.\n\nNullam dictum felis eu pede mollis pretium. Nam at tortor in tellus interdum sagittis. Nam eget dui. Nullam sagittis.'),(194,160,2,'2023-06-13 08:40:47','2023-06-13 08:40:47','961fbfb7-bd4a-462c-a45f-e6993f28f220',NULL,NULL,NULL,NULL,NULL,NULL,'Vestibulum fringilla pede sit amet augue. Fusce vel dui. In hac habitasse platea dictumst. Fusce egestas elit eget lorem.\n\nNullam dictum felis eu pede mollis pretium. Nam at tortor in tellus interdum sagittis. Nam eget dui. Nullam sagittis.'),(195,161,1,'2023-06-13 08:40:47','2023-06-13 08:40:47','e8b8d3eb-bb40-4e1c-8c4c-5293748ac7a7',NULL,NULL,NULL,'h3','Curabitur ligula sapien tincidunt non',NULL,NULL),(196,161,2,'2023-06-13 08:40:47','2023-06-13 08:40:47','008f1806-ddb1-4b9d-9033-4cf2fb6623b3',NULL,NULL,NULL,'h3','Curabitur ligula sapien tincidunt non',NULL,NULL),(197,162,1,'2023-06-13 08:40:47','2023-06-13 08:40:47','2b025819-0c59-4463-b2e9-a3c4e1352cfa',NULL,NULL,NULL,NULL,NULL,NULL,'In hac habitasse platea dictumst. Vestibulum ante ipsum primis in faucibus orci luctus et ultrices posuere cubilia Curae; Sed aliquam, nisi quis porttitor congue, elit erat euismod orci, ac placerat dolor lectus quis orci. Phasellus dolor. Vestibulum eu odio.\n\nIn auctor lobortis lacus. Proin magna. Aliquam erat volutpat. Fusce vel dui.'),(198,162,2,'2023-06-13 08:40:47','2023-06-13 08:40:47','3d5e9f84-89c0-4b30-b634-698c4396b8d5',NULL,NULL,NULL,NULL,NULL,NULL,'In hac habitasse platea dictumst. Vestibulum ante ipsum primis in faucibus orci luctus et ultrices posuere cubilia Curae; Sed aliquam, nisi quis porttitor congue, elit erat euismod orci, ac placerat dolor lectus quis orci. Phasellus dolor. Vestibulum eu odio.\n\nIn auctor lobortis lacus. Proin magna. Aliquam erat volutpat. Fusce vel dui.'),(199,163,1,'2023-06-13 08:40:47','2023-06-13 08:40:47','0fed4015-e07b-48fd-8c52-7c26d7319a45','Pellentesque auctor','Quisque libero metus, condimentum nec, tempor a, commodo mollis, magna. Ut tincidunt tincidunt erat. Etiam iaculis nunc ac metus. Suspendisse feugiat. Curabitur suscipit suscipit tellus.','default',NULL,NULL,NULL,NULL),(200,163,2,'2023-06-13 08:40:47','2023-06-13 08:40:47','664782d4-72f3-42d2-b79c-bfe865e5310d','Pellentesque auctor','Quisque libero metus, condimentum nec, tempor a, commodo mollis, magna. Ut tincidunt tincidunt erat. Etiam iaculis nunc ac metus. Suspendisse feugiat. Curabitur suscipit suscipit tellus.','default',NULL,NULL,NULL,NULL),(201,164,1,'2023-06-13 08:40:52','2023-06-13 08:40:52','1b16dde7-df1a-4c8d-b5f0-a260356e79ea',NULL,NULL,NULL,'h2','Heading',NULL,NULL),(202,164,2,'2023-06-13 08:40:52','2023-06-13 08:40:52','337a4be4-7035-450e-97ad-af6d2a77f75a',NULL,NULL,NULL,'h2','Heading',NULL,NULL),(203,165,1,'2023-06-13 08:40:52','2023-06-13 08:40:52','f9fd4e5f-f3f4-420f-b4eb-91175776ca71',NULL,NULL,NULL,'h2','Maecenas nec odio et ante',NULL,NULL),(204,165,2,'2023-06-13 08:40:52','2023-06-13 08:40:52','c0b366d6-a987-4136-a2df-72d73e9f2ef1',NULL,NULL,NULL,'h2','Maecenas nec odio et ante',NULL,NULL),(205,166,1,'2023-06-13 08:40:52','2023-06-13 08:40:52','e679be10-58af-422f-a7b3-a42846197824',NULL,NULL,NULL,NULL,NULL,NULL,'Vestibulum fringilla pede sit amet augue. Fusce vel dui. In hac habitasse platea dictumst. Fusce egestas elit eget lorem.\n\nNullam dictum felis eu pede mollis pretium. Nam at tortor in tellus interdum sagittis. Nam eget dui. Nullam sagittis.'),(206,166,2,'2023-06-13 08:40:52','2023-06-13 08:40:52','21c2d024-b0db-4152-8168-0b3f56e82a6b',NULL,NULL,NULL,NULL,NULL,NULL,'Vestibulum fringilla pede sit amet augue. Fusce vel dui. In hac habitasse platea dictumst. Fusce egestas elit eget lorem.\n\nNullam dictum felis eu pede mollis pretium. Nam at tortor in tellus interdum sagittis. Nam eget dui. Nullam sagittis.'),(207,167,1,'2023-06-13 08:40:52','2023-06-13 08:40:52','bcd1ee38-b982-4933-8b47-008476048b42',NULL,NULL,NULL,'h3','Curabitur ligula sapien tincidunt non',NULL,NULL),(208,167,2,'2023-06-13 08:40:52','2023-06-13 08:40:52','88566ea3-5a3c-403a-b8ff-82fd46823eb2',NULL,NULL,NULL,'h3','Curabitur ligula sapien tincidunt non',NULL,NULL),(209,168,1,'2023-06-13 08:40:52','2023-06-13 08:40:52','b79c145e-9619-4243-9e6c-83ea093d9a38',NULL,NULL,NULL,NULL,NULL,NULL,'In hac habitasse platea dictumst. Vestibulum ante ipsum primis in faucibus orci luctus et ultrices posuere cubilia Curae; Sed aliquam, nisi quis porttitor congue, elit erat euismod orci, ac placerat dolor lectus quis orci. Phasellus dolor. Vestibulum eu odio.\n\nIn auctor lobortis lacus. Proin magna. Aliquam erat volutpat. Fusce vel dui.'),(210,168,2,'2023-06-13 08:40:52','2023-06-13 08:40:52','6e2c036c-e864-4c40-a171-344b0e670fad',NULL,NULL,NULL,NULL,NULL,NULL,'In hac habitasse platea dictumst. Vestibulum ante ipsum primis in faucibus orci luctus et ultrices posuere cubilia Curae; Sed aliquam, nisi quis porttitor congue, elit erat euismod orci, ac placerat dolor lectus quis orci. Phasellus dolor. Vestibulum eu odio.\n\nIn auctor lobortis lacus. Proin magna. Aliquam erat volutpat. Fusce vel dui.'),(211,169,1,'2023-06-13 08:40:52','2023-06-13 08:40:52','11df65d6-91cd-4467-8152-65501d9308a5','Pellentesque auctor','Quisque libero metus, condimentum nec, tempor a, commodo mollis, magna. Ut tincidunt tincidunt erat. Etiam iaculis nunc ac metus. Suspendisse feugiat. Curabitur suscipit suscipit tellus.','default',NULL,NULL,NULL,NULL),(212,169,2,'2023-06-13 08:40:52','2023-06-13 08:40:52','3c586428-c331-485a-bc5b-165498c2282c','Pellentesque auctor','Quisque libero metus, condimentum nec, tempor a, commodo mollis, magna. Ut tincidunt tincidunt erat. Etiam iaculis nunc ac metus. Suspendisse feugiat. Curabitur suscipit suscipit tellus.','default',NULL,NULL,NULL,NULL),(213,170,1,'2023-06-13 08:40:53','2023-06-13 08:40:53','eb60cd80-e2b3-487a-b9ca-40ff695c1f2b',NULL,NULL,NULL,'h2','Heading',NULL,NULL),(214,170,2,'2023-06-13 08:40:53','2023-06-13 08:40:53','928722cd-9f5d-49ef-b2f5-dbc636bc678f',NULL,NULL,NULL,'h2','Heading',NULL,NULL),(215,171,1,'2023-06-13 08:40:53','2023-06-13 08:40:53','55ca42b1-beb7-48bd-a7d2-579a04d1d660',NULL,NULL,NULL,'h2','Maecenas nec odio et ante',NULL,NULL),(216,171,2,'2023-06-13 08:40:53','2023-06-13 08:40:53','e03e72ae-b054-404a-9028-ef8efbbf6b77',NULL,NULL,NULL,'h2','Maecenas nec odio et ante',NULL,NULL),(217,172,1,'2023-06-13 08:40:53','2023-06-13 08:40:53','28c2eec9-608e-4e83-a2e9-65fdfa45f86f',NULL,NULL,NULL,NULL,NULL,NULL,'Vestibulum fringilla pede sit amet augue. Fusce vel dui. In hac habitasse platea dictumst. Fusce egestas elit eget lorem.\n\nNullam dictum felis eu pede mollis pretium. Nam at tortor in tellus interdum sagittis. Nam eget dui. Nullam sagittis.'),(218,172,2,'2023-06-13 08:40:53','2023-06-13 08:40:53','fc737909-ca7b-4c86-b7a7-df4c13ab1f33',NULL,NULL,NULL,NULL,NULL,NULL,'Vestibulum fringilla pede sit amet augue. Fusce vel dui. In hac habitasse platea dictumst. Fusce egestas elit eget lorem.\n\nNullam dictum felis eu pede mollis pretium. Nam at tortor in tellus interdum sagittis. Nam eget dui. Nullam sagittis.'),(219,173,1,'2023-06-13 08:40:53','2023-06-13 08:40:53','212dcec6-4155-4584-9f0a-508c1f8cde48',NULL,NULL,NULL,'h3','Curabitur ligula sapien tincidunt non',NULL,NULL),(220,173,2,'2023-06-13 08:40:53','2023-06-13 08:40:53','94934d9c-b599-42cf-a33d-eb8d3198a432',NULL,NULL,NULL,'h3','Curabitur ligula sapien tincidunt non',NULL,NULL),(221,174,1,'2023-06-13 08:40:53','2023-06-13 08:40:53','46a029be-bbdf-48b5-ab5f-1bb95a0e5b88',NULL,NULL,NULL,NULL,NULL,NULL,'In hac habitasse platea dictumst. Vestibulum ante ipsum primis in faucibus orci luctus et ultrices posuere cubilia Curae; Sed aliquam, nisi quis porttitor congue, elit erat euismod orci, ac placerat dolor lectus quis orci. Phasellus dolor. Vestibulum eu odio.\n\nIn auctor lobortis lacus. Proin magna. Aliquam erat volutpat. Fusce vel dui.'),(222,174,2,'2023-06-13 08:40:53','2023-06-13 08:40:53','38e6b512-25d6-4b07-8f71-0bc8e80088d9',NULL,NULL,NULL,NULL,NULL,NULL,'In hac habitasse platea dictumst. Vestibulum ante ipsum primis in faucibus orci luctus et ultrices posuere cubilia Curae; Sed aliquam, nisi quis porttitor congue, elit erat euismod orci, ac placerat dolor lectus quis orci. Phasellus dolor. Vestibulum eu odio.\n\nIn auctor lobortis lacus. Proin magna. Aliquam erat volutpat. Fusce vel dui.'),(223,175,1,'2023-06-13 08:40:53','2023-06-13 08:40:53','75b86961-2298-4889-a86b-1afbb2f64515','Pellentesque auctor','Quisque libero metus, condimentum nec, tempor a, commodo mollis, magna. Ut tincidunt tincidunt erat. Etiam iaculis nunc ac metus. Suspendisse feugiat. Curabitur suscipit suscipit tellus.','default',NULL,NULL,NULL,NULL),(224,175,2,'2023-06-13 08:40:53','2023-06-13 08:40:53','2d2c1cfe-d731-4a31-9341-f93c0136bda3','Pellentesque auctor','Quisque libero metus, condimentum nec, tempor a, commodo mollis, magna. Ut tincidunt tincidunt erat. Etiam iaculis nunc ac metus. Suspendisse feugiat. Curabitur suscipit suscipit tellus.','default',NULL,NULL,NULL,NULL),(225,176,1,'2023-06-13 08:40:56','2023-06-13 08:40:56','66c572b7-1010-427c-bf95-0201c1d470a9',NULL,NULL,NULL,'h2','Heading Level 2',NULL,NULL),(226,176,2,'2023-06-13 08:40:56','2023-06-13 08:40:56','eaa91799-5b21-466b-a8e4-765c45ec800b',NULL,NULL,NULL,'h2','Heading Level 2',NULL,NULL),(227,177,1,'2023-06-13 08:40:56','2023-06-13 08:40:56','b839462b-143b-441a-890c-a0b50a7961a6',NULL,NULL,NULL,'h2','Maecenas nec odio et ante',NULL,NULL),(228,177,2,'2023-06-13 08:40:56','2023-06-13 08:40:56','65689221-87a9-4f1f-ad73-9ecc7bef6ff0',NULL,NULL,NULL,'h2','Maecenas nec odio et ante',NULL,NULL),(229,178,1,'2023-06-13 08:40:56','2023-06-13 08:40:56','801685c3-c38d-4649-ab88-2b26bcef0e58',NULL,NULL,NULL,NULL,NULL,NULL,'Vestibulum fringilla pede sit amet augue. Fusce vel dui. In hac habitasse platea dictumst. Fusce egestas elit eget lorem.\n\nNullam dictum felis eu pede mollis pretium. Nam at tortor in tellus interdum sagittis. Nam eget dui. Nullam sagittis.'),(230,178,2,'2023-06-13 08:40:56','2023-06-13 08:40:56','ae37c397-9338-40e8-a1c8-6f6bc2630c7a',NULL,NULL,NULL,NULL,NULL,NULL,'Vestibulum fringilla pede sit amet augue. Fusce vel dui. In hac habitasse platea dictumst. Fusce egestas elit eget lorem.\n\nNullam dictum felis eu pede mollis pretium. Nam at tortor in tellus interdum sagittis. Nam eget dui. Nullam sagittis.'),(231,179,1,'2023-06-13 08:40:56','2023-06-13 08:40:56','315ecd96-7dbf-47b6-9063-3cc6640e0fc7',NULL,NULL,NULL,'h3','Curabitur ligula sapien tincidunt non',NULL,NULL),(232,179,2,'2023-06-13 08:40:56','2023-06-13 08:40:56','bbb3d349-5b0c-4bb1-926f-19c72e9d13eb',NULL,NULL,NULL,'h3','Curabitur ligula sapien tincidunt non',NULL,NULL),(233,180,1,'2023-06-13 08:40:56','2023-06-13 08:40:56','9de4008d-9777-42a2-98ef-ee3d6bf4c18a',NULL,NULL,NULL,NULL,NULL,NULL,'In hac habitasse platea dictumst. Vestibulum ante ipsum primis in faucibus orci luctus et ultrices posuere cubilia Curae; Sed aliquam, nisi quis porttitor congue, elit erat euismod orci, ac placerat dolor lectus quis orci. Phasellus dolor. Vestibulum eu odio.\n\nIn auctor lobortis lacus. Proin magna. Aliquam erat volutpat. Fusce vel dui.'),(234,180,2,'2023-06-13 08:40:56','2023-06-13 08:40:56','82a90ddd-b4de-46b7-a5af-03a7f8cf1bd1',NULL,NULL,NULL,NULL,NULL,NULL,'In hac habitasse platea dictumst. Vestibulum ante ipsum primis in faucibus orci luctus et ultrices posuere cubilia Curae; Sed aliquam, nisi quis porttitor congue, elit erat euismod orci, ac placerat dolor lectus quis orci. Phasellus dolor. Vestibulum eu odio.\n\nIn auctor lobortis lacus. Proin magna. Aliquam erat volutpat. Fusce vel dui.'),(235,181,1,'2023-06-13 08:40:56','2023-06-13 08:40:56','cfaf8e26-59e9-41de-9c47-c321eee161c9','Pellentesque auctor','Quisque libero metus, condimentum nec, tempor a, commodo mollis, magna. Ut tincidunt tincidunt erat. Etiam iaculis nunc ac metus. Suspendisse feugiat. Curabitur suscipit suscipit tellus.','default',NULL,NULL,NULL,NULL),(236,181,2,'2023-06-13 08:40:56','2023-06-13 08:40:56','e9f952d1-e15d-414e-ab76-5e918ebe1022','Pellentesque auctor','Quisque libero metus, condimentum nec, tempor a, commodo mollis, magna. Ut tincidunt tincidunt erat. Etiam iaculis nunc ac metus. Suspendisse feugiat. Curabitur suscipit suscipit tellus.','default',NULL,NULL,NULL,NULL),(239,183,1,'2023-06-13 08:41:59','2023-06-13 08:41:59','d7bed3fd-ff01-409f-b992-d4ef7ea47156',NULL,NULL,NULL,'h2','Heading Level 2',NULL,NULL),(240,183,2,'2023-06-13 08:41:59','2023-06-13 08:41:59','d093e0dd-dd14-4c4a-832a-da40b122efcc',NULL,NULL,NULL,'h2','Heading Level 2',NULL,NULL),(241,184,1,'2023-06-13 08:41:59','2023-06-13 08:41:59','e5cb07bd-b189-4ad1-be3c-bc71cf744294',NULL,NULL,NULL,'h2',NULL,NULL,NULL),(242,184,2,'2023-06-13 08:41:59','2023-06-13 08:41:59','945d5cf6-bcdc-49c4-aa93-6dae58555dea',NULL,NULL,NULL,'h2',NULL,NULL,NULL),(243,185,1,'2023-06-13 08:41:59','2023-06-13 08:41:59','202bee05-39b3-4130-af73-403a5785c280',NULL,NULL,NULL,'h2','Maecenas nec odio et ante',NULL,NULL),(244,185,2,'2023-06-13 08:41:59','2023-06-13 08:41:59','2b5b0685-3a8c-4106-8a45-b87af40a924b',NULL,NULL,NULL,'h2','Maecenas nec odio et ante',NULL,NULL),(245,186,1,'2023-06-13 08:41:59','2023-06-13 08:41:59','125a6dd5-38aa-49ce-ba28-3b25004b5757',NULL,NULL,NULL,NULL,NULL,NULL,'Vestibulum fringilla pede sit amet augue. Fusce vel dui. In hac habitasse platea dictumst. Fusce egestas elit eget lorem.\n\nNullam dictum felis eu pede mollis pretium. Nam at tortor in tellus interdum sagittis. Nam eget dui. Nullam sagittis.'),(246,186,2,'2023-06-13 08:41:59','2023-06-13 08:41:59','2dff02c9-8cae-4535-b9fd-2c25f4636fb0',NULL,NULL,NULL,NULL,NULL,NULL,'Vestibulum fringilla pede sit amet augue. Fusce vel dui. In hac habitasse platea dictumst. Fusce egestas elit eget lorem.\n\nNullam dictum felis eu pede mollis pretium. Nam at tortor in tellus interdum sagittis. Nam eget dui. Nullam sagittis.'),(247,187,1,'2023-06-13 08:41:59','2023-06-13 08:41:59','5a8a7454-7061-40ce-98ad-d3afa9cfc197',NULL,NULL,NULL,'h3','Curabitur ligula sapien tincidunt non',NULL,NULL),(248,187,2,'2023-06-13 08:41:59','2023-06-13 08:41:59','7d59648a-fffd-4887-9d75-4603c05cdce8',NULL,NULL,NULL,'h3','Curabitur ligula sapien tincidunt non',NULL,NULL),(249,188,1,'2023-06-13 08:41:59','2023-06-13 08:41:59','c16f680d-f01f-4a17-8ded-afaaa5779b90',NULL,NULL,NULL,NULL,NULL,NULL,'In hac habitasse platea dictumst. Vestibulum ante ipsum primis in faucibus orci luctus et ultrices posuere cubilia Curae; Sed aliquam, nisi quis porttitor congue, elit erat euismod orci, ac placerat dolor lectus quis orci. Phasellus dolor. Vestibulum eu odio.\n\nIn auctor lobortis lacus. Proin magna. Aliquam erat volutpat. Fusce vel dui.'),(250,188,2,'2023-06-13 08:41:59','2023-06-13 08:41:59','210cbebc-469d-4f15-a3ce-c2713d3decc2',NULL,NULL,NULL,NULL,NULL,NULL,'In hac habitasse platea dictumst. Vestibulum ante ipsum primis in faucibus orci luctus et ultrices posuere cubilia Curae; Sed aliquam, nisi quis porttitor congue, elit erat euismod orci, ac placerat dolor lectus quis orci. Phasellus dolor. Vestibulum eu odio.\n\nIn auctor lobortis lacus. Proin magna. Aliquam erat volutpat. Fusce vel dui.'),(251,189,1,'2023-06-13 08:41:59','2023-06-13 08:41:59','15d5bfb0-ded7-4368-ac3d-d8fd399db9fe','Pellentesque auctor','Quisque libero metus, condimentum nec, tempor a, commodo mollis, magna. Ut tincidunt tincidunt erat. Etiam iaculis nunc ac metus. Suspendisse feugiat. Curabitur suscipit suscipit tellus.','default',NULL,NULL,NULL,NULL),(252,189,2,'2023-06-13 08:41:59','2023-06-13 08:41:59','c8a3a048-4ba4-4201-8553-28e013cbeadd','Pellentesque auctor','Quisque libero metus, condimentum nec, tempor a, commodo mollis, magna. Ut tincidunt tincidunt erat. Etiam iaculis nunc ac metus. Suspendisse feugiat. Curabitur suscipit suscipit tellus.','default',NULL,NULL,NULL,NULL),(253,190,1,'2023-06-13 08:42:01','2023-06-13 08:42:01','798a5b82-4aad-4a41-a129-2759d7bac3fc',NULL,NULL,NULL,'h2','Heading Level 2',NULL,NULL),(254,190,2,'2023-06-13 08:42:01','2023-06-13 08:42:01','019b7a23-a373-4083-b665-7fe9058f5d5f',NULL,NULL,NULL,'h2','Heading Level 2',NULL,NULL),(255,191,1,'2023-06-13 08:42:01','2023-06-13 08:42:01','7db60474-b367-4966-9b52-be219cfb8c5e',NULL,NULL,NULL,'h2','Image',NULL,NULL),(256,191,2,'2023-06-13 08:42:01','2023-06-13 08:42:01','1a391b7e-d7ef-4066-a272-2b0d366ef5d9',NULL,NULL,NULL,'h2','Image',NULL,NULL),(257,192,1,'2023-06-13 08:42:01','2023-06-13 08:42:01','1a3dd324-6d60-40d6-b4e6-8a847622ae4f',NULL,NULL,NULL,'h2','Maecenas nec odio et ante',NULL,NULL),(258,192,2,'2023-06-13 08:42:01','2023-06-13 08:42:01','166afab9-1da5-460f-a229-23d859245cb4',NULL,NULL,NULL,'h2','Maecenas nec odio et ante',NULL,NULL),(259,193,1,'2023-06-13 08:42:01','2023-06-13 08:42:01','832aaa1f-74e1-45ea-b8c2-4656519b32cf',NULL,NULL,NULL,NULL,NULL,NULL,'Vestibulum fringilla pede sit amet augue. Fusce vel dui. In hac habitasse platea dictumst. Fusce egestas elit eget lorem.\n\nNullam dictum felis eu pede mollis pretium. Nam at tortor in tellus interdum sagittis. Nam eget dui. Nullam sagittis.'),(260,193,2,'2023-06-13 08:42:01','2023-06-13 08:42:01','9ea82002-a063-4871-96a5-9f6f92630947',NULL,NULL,NULL,NULL,NULL,NULL,'Vestibulum fringilla pede sit amet augue. Fusce vel dui. In hac habitasse platea dictumst. Fusce egestas elit eget lorem.\n\nNullam dictum felis eu pede mollis pretium. Nam at tortor in tellus interdum sagittis. Nam eget dui. Nullam sagittis.'),(261,194,1,'2023-06-13 08:42:01','2023-06-13 08:42:01','40ef5804-034e-4149-b3df-a86a1f410e88',NULL,NULL,NULL,'h3','Curabitur ligula sapien tincidunt non',NULL,NULL),(262,194,2,'2023-06-13 08:42:01','2023-06-13 08:42:01','609f71bf-1b79-4b4b-8e81-357606267d98',NULL,NULL,NULL,'h3','Curabitur ligula sapien tincidunt non',NULL,NULL),(263,195,1,'2023-06-13 08:42:01','2023-06-13 08:42:01','712dca27-60b1-4d5d-ae29-c942c79f9d4a',NULL,NULL,NULL,NULL,NULL,NULL,'In hac habitasse platea dictumst. Vestibulum ante ipsum primis in faucibus orci luctus et ultrices posuere cubilia Curae; Sed aliquam, nisi quis porttitor congue, elit erat euismod orci, ac placerat dolor lectus quis orci. Phasellus dolor. Vestibulum eu odio.\n\nIn auctor lobortis lacus. Proin magna. Aliquam erat volutpat. Fusce vel dui.'),(264,195,2,'2023-06-13 08:42:01','2023-06-13 08:42:01','1abfd3b9-7d1c-468f-b9a6-f45a40a04176',NULL,NULL,NULL,NULL,NULL,NULL,'In hac habitasse platea dictumst. Vestibulum ante ipsum primis in faucibus orci luctus et ultrices posuere cubilia Curae; Sed aliquam, nisi quis porttitor congue, elit erat euismod orci, ac placerat dolor lectus quis orci. Phasellus dolor. Vestibulum eu odio.\n\nIn auctor lobortis lacus. Proin magna. Aliquam erat volutpat. Fusce vel dui.'),(265,196,1,'2023-06-13 08:42:01','2023-06-13 08:42:01','34d2b12e-8078-47d0-a1b6-e34e7986c02e','Pellentesque auctor','Quisque libero metus, condimentum nec, tempor a, commodo mollis, magna. Ut tincidunt tincidunt erat. Etiam iaculis nunc ac metus. Suspendisse feugiat. Curabitur suscipit suscipit tellus.','default',NULL,NULL,NULL,NULL),(266,196,2,'2023-06-13 08:42:01','2023-06-13 08:42:01','2863d151-6722-4127-ae5a-cbf5549f8b22','Pellentesque auctor','Quisque libero metus, condimentum nec, tempor a, commodo mollis, magna. Ut tincidunt tincidunt erat. Etiam iaculis nunc ac metus. Suspendisse feugiat. Curabitur suscipit suscipit tellus.','default',NULL,NULL,NULL,NULL),(267,197,1,'2023-06-13 08:42:03','2023-06-13 08:42:03','2585b8be-48da-4762-bdee-7733ade4494c',NULL,NULL,NULL,'h2','Heading Level 2',NULL,NULL),(268,197,2,'2023-06-13 08:42:03','2023-06-13 08:42:03','62d8d459-2ed5-4dbb-9fe1-a4d4e66b8e09',NULL,NULL,NULL,'h2','Heading Level 2',NULL,NULL),(269,198,1,'2023-06-13 08:42:03','2023-06-13 08:42:03','bf5b5131-2d26-47d1-ab59-b6e053540d9e',NULL,NULL,NULL,'h2','Image',NULL,NULL),(270,198,2,'2023-06-13 08:42:03','2023-06-13 08:42:03','39fc46c7-9e27-4897-b7ab-42bb8e6b51ed',NULL,NULL,NULL,'h2','Image',NULL,NULL),(271,199,1,'2023-06-13 08:42:03','2023-06-13 08:42:03','5b48f7d0-6399-433c-80ad-f00d00568e9f',NULL,NULL,NULL,'h2','Maecenas nec odio et ante',NULL,NULL),(272,199,2,'2023-06-13 08:42:03','2023-06-13 08:42:03','d6290f6e-72f4-4121-8fbc-676492a04ca4',NULL,NULL,NULL,'h2','Maecenas nec odio et ante',NULL,NULL),(273,200,1,'2023-06-13 08:42:03','2023-06-13 08:42:03','6b58633c-0b8e-410e-a0a2-0c9cf71009f5',NULL,NULL,NULL,NULL,NULL,NULL,'Vestibulum fringilla pede sit amet augue. Fusce vel dui. In hac habitasse platea dictumst. Fusce egestas elit eget lorem.\n\nNullam dictum felis eu pede mollis pretium. Nam at tortor in tellus interdum sagittis. Nam eget dui. Nullam sagittis.'),(274,200,2,'2023-06-13 08:42:03','2023-06-13 08:42:03','11042093-939b-4f3f-a2c1-7875500fcffd',NULL,NULL,NULL,NULL,NULL,NULL,'Vestibulum fringilla pede sit amet augue. Fusce vel dui. In hac habitasse platea dictumst. Fusce egestas elit eget lorem.\n\nNullam dictum felis eu pede mollis pretium. Nam at tortor in tellus interdum sagittis. Nam eget dui. Nullam sagittis.'),(275,201,1,'2023-06-13 08:42:03','2023-06-13 08:42:03','103c11ea-7faa-47bb-bcee-ac5cac9a9250',NULL,NULL,NULL,'h3','Curabitur ligula sapien tincidunt non',NULL,NULL),(276,201,2,'2023-06-13 08:42:03','2023-06-13 08:42:03','21c0ca32-fe22-4658-99b9-9b2a44ead50f',NULL,NULL,NULL,'h3','Curabitur ligula sapien tincidunt non',NULL,NULL),(277,202,1,'2023-06-13 08:42:03','2023-06-13 08:42:03','011c2822-2439-4a48-8b3e-1245755e84e0',NULL,NULL,NULL,NULL,NULL,NULL,'In hac habitasse platea dictumst. Vestibulum ante ipsum primis in faucibus orci luctus et ultrices posuere cubilia Curae; Sed aliquam, nisi quis porttitor congue, elit erat euismod orci, ac placerat dolor lectus quis orci. Phasellus dolor. Vestibulum eu odio.\n\nIn auctor lobortis lacus. Proin magna. Aliquam erat volutpat. Fusce vel dui.'),(278,202,2,'2023-06-13 08:42:03','2023-06-13 08:42:03','e0fba0ef-ce38-4b7a-9bd8-8b510b033a71',NULL,NULL,NULL,NULL,NULL,NULL,'In hac habitasse platea dictumst. Vestibulum ante ipsum primis in faucibus orci luctus et ultrices posuere cubilia Curae; Sed aliquam, nisi quis porttitor congue, elit erat euismod orci, ac placerat dolor lectus quis orci. Phasellus dolor. Vestibulum eu odio.\n\nIn auctor lobortis lacus. Proin magna. Aliquam erat volutpat. Fusce vel dui.'),(279,203,1,'2023-06-13 08:42:03','2023-06-13 08:42:03','528ec2b4-8df3-49e0-ad96-0b6ca1cd95c6','Pellentesque auctor','Quisque libero metus, condimentum nec, tempor a, commodo mollis, magna. Ut tincidunt tincidunt erat. Etiam iaculis nunc ac metus. Suspendisse feugiat. Curabitur suscipit suscipit tellus.','default',NULL,NULL,NULL,NULL),(280,203,2,'2023-06-13 08:42:03','2023-06-13 08:42:03','ba57901c-1766-48e1-8bb6-16529d62061e','Pellentesque auctor','Quisque libero metus, condimentum nec, tempor a, commodo mollis, magna. Ut tincidunt tincidunt erat. Etiam iaculis nunc ac metus. Suspendisse feugiat. Curabitur suscipit suscipit tellus.','default',NULL,NULL,NULL,NULL),(281,204,1,'2023-06-13 08:42:17','2023-06-13 08:42:17','e8ff8dc9-36fd-4367-bad1-1fd3f1abd7bd',NULL,NULL,NULL,'h2','Heading Level 2',NULL,NULL),(282,204,2,'2023-06-13 08:42:17','2023-06-13 08:42:17','a3cb6ec5-4a6b-44cf-a42b-09d1f1a59121',NULL,NULL,NULL,'h2','Heading Level 2',NULL,NULL),(283,205,1,'2023-06-13 08:42:17','2023-06-13 08:42:17','d904e25c-b6bb-4df7-b535-6eac4ffca3a7',NULL,NULL,NULL,'h2','Image',NULL,NULL),(284,205,2,'2023-06-13 08:42:17','2023-06-13 08:42:17','35d2d585-4c07-45c2-88bd-f60cb912d722',NULL,NULL,NULL,'h2','Image',NULL,NULL),(285,206,1,'2023-06-13 08:42:17','2023-06-13 08:42:17','6b6751a1-37e2-4a74-a442-f84d89fa01e8',NULL,NULL,NULL,'h2','Maecenas nec odio et ante',NULL,NULL),(286,206,2,'2023-06-13 08:42:17','2023-06-13 08:42:17','dc25c360-04da-4a12-90af-3773dfec53e3',NULL,NULL,NULL,'h2','Maecenas nec odio et ante',NULL,NULL),(287,207,1,'2023-06-13 08:42:17','2023-06-13 08:42:17','3e7ba2c1-f6c9-4b61-b52f-7ca8003e9cc8',NULL,NULL,NULL,NULL,NULL,NULL,'Vestibulum fringilla pede sit amet augue. Fusce vel dui. In hac habitasse platea dictumst. Fusce egestas elit eget lorem.\n\nNullam dictum felis eu pede mollis pretium. Nam at tortor in tellus interdum sagittis. Nam eget dui. Nullam sagittis.'),(288,207,2,'2023-06-13 08:42:17','2023-06-13 08:42:17','f8ffc7b9-993d-488e-a555-4cd6f85399d5',NULL,NULL,NULL,NULL,NULL,NULL,'Vestibulum fringilla pede sit amet augue. Fusce vel dui. In hac habitasse platea dictumst. Fusce egestas elit eget lorem.\n\nNullam dictum felis eu pede mollis pretium. Nam at tortor in tellus interdum sagittis. Nam eget dui. Nullam sagittis.'),(289,208,1,'2023-06-13 08:42:17','2023-06-13 08:42:17','87c4d77b-ade8-4d0d-b611-0c4988fbe667',NULL,NULL,NULL,'h3','Heading',NULL,NULL),(290,208,2,'2023-06-13 08:42:17','2023-06-13 08:42:17','b8ea79ff-8d85-4fd6-aaaa-d9d1f4d312f6',NULL,NULL,NULL,'h3','Heading',NULL,NULL),(291,209,1,'2023-06-13 08:42:17','2023-06-13 08:42:17','1ed2d6cc-931f-402f-8281-6cdd98e5efa9',NULL,NULL,NULL,NULL,NULL,NULL,'In hac habitasse platea dictumst. Vestibulum ante ipsum primis in faucibus orci luctus et ultrices posuere cubilia Curae; Sed aliquam, nisi quis porttitor congue, elit erat euismod orci, ac placerat dolor lectus quis orci. Phasellus dolor. Vestibulum eu odio.\n\nIn auctor lobortis lacus. Proin magna. Aliquam erat volutpat. Fusce vel dui.'),(292,209,2,'2023-06-13 08:42:17','2023-06-13 08:42:17','5586535d-a523-4b4c-9cac-eadb9260f049',NULL,NULL,NULL,NULL,NULL,NULL,'In hac habitasse platea dictumst. Vestibulum ante ipsum primis in faucibus orci luctus et ultrices posuere cubilia Curae; Sed aliquam, nisi quis porttitor congue, elit erat euismod orci, ac placerat dolor lectus quis orci. Phasellus dolor. Vestibulum eu odio.\n\nIn auctor lobortis lacus. Proin magna. Aliquam erat volutpat. Fusce vel dui.'),(293,210,1,'2023-06-13 08:42:17','2023-06-13 08:42:17','a189def1-45a6-4023-b491-80a9a33e6591','Pellentesque auctor','Quisque libero metus, condimentum nec, tempor a, commodo mollis, magna. Ut tincidunt tincidunt erat. Etiam iaculis nunc ac metus. Suspendisse feugiat. Curabitur suscipit suscipit tellus.','default',NULL,NULL,NULL,NULL),(294,210,2,'2023-06-13 08:42:17','2023-06-13 08:42:17','5f181727-d431-419f-9b35-2d95c8b7ea96','Pellentesque auctor','Quisque libero metus, condimentum nec, tempor a, commodo mollis, magna. Ut tincidunt tincidunt erat. Etiam iaculis nunc ac metus. Suspendisse feugiat. Curabitur suscipit suscipit tellus.','default',NULL,NULL,NULL,NULL),(295,211,1,'2023-06-13 08:42:20','2023-06-13 08:42:20','e916c8d8-0a60-46d2-ab11-74949e293931',NULL,NULL,NULL,'h2','Heading Level 2',NULL,NULL),(296,211,2,'2023-06-13 08:42:20','2023-06-13 08:42:20','2038815d-3cc6-47d3-8b53-3eebd5eed29a',NULL,NULL,NULL,'h2','Heading Level 2',NULL,NULL),(297,212,1,'2023-06-13 08:42:20','2023-06-13 08:42:20','fdcf781a-7c50-4276-b8c3-dc1c17707c61',NULL,NULL,NULL,'h2','Image',NULL,NULL),(298,212,2,'2023-06-13 08:42:20','2023-06-13 08:42:20','9994720d-5b9c-4f8f-82ff-eb35690f6cf8',NULL,NULL,NULL,'h2','Image',NULL,NULL),(299,213,1,'2023-06-13 08:42:20','2023-06-13 08:42:20','ec35628f-801a-478a-b0c1-c96714967f0a',NULL,NULL,NULL,'h2','Maecenas nec odio et ante',NULL,NULL),(300,213,2,'2023-06-13 08:42:20','2023-06-13 08:42:20','6f2e64dd-c3f4-4d25-9853-70e4c5125dbe',NULL,NULL,NULL,'h2','Maecenas nec odio et ante',NULL,NULL),(301,214,1,'2023-06-13 08:42:20','2023-06-13 08:42:20','2a211272-728d-4639-8261-96312a788291',NULL,NULL,NULL,NULL,NULL,NULL,'Vestibulum fringilla pede sit amet augue. Fusce vel dui. In hac habitasse platea dictumst. Fusce egestas elit eget lorem.\n\nNullam dictum felis eu pede mollis pretium. Nam at tortor in tellus interdum sagittis. Nam eget dui. Nullam sagittis.'),(302,214,2,'2023-06-13 08:42:20','2023-06-13 08:42:20','9690150e-cfaa-4802-8046-a1c22e9b2253',NULL,NULL,NULL,NULL,NULL,NULL,'Vestibulum fringilla pede sit amet augue. Fusce vel dui. In hac habitasse platea dictumst. Fusce egestas elit eget lorem.\n\nNullam dictum felis eu pede mollis pretium. Nam at tortor in tellus interdum sagittis. Nam eget dui. Nullam sagittis.'),(303,215,1,'2023-06-13 08:42:20','2023-06-13 08:42:20','aede72ee-e697-4220-835f-e5668a92e84c',NULL,NULL,NULL,'h3','Heading level',NULL,NULL),(304,215,2,'2023-06-13 08:42:20','2023-06-13 08:42:20','b4ba314c-5a33-46f3-b170-97441cdd4ad4',NULL,NULL,NULL,'h3','Heading level',NULL,NULL),(305,216,1,'2023-06-13 08:42:20','2023-06-13 08:42:20','664e4a6f-0de7-4ccb-a053-d90a9b2418d7',NULL,NULL,NULL,NULL,NULL,NULL,'In hac habitasse platea dictumst. Vestibulum ante ipsum primis in faucibus orci luctus et ultrices posuere cubilia Curae; Sed aliquam, nisi quis porttitor congue, elit erat euismod orci, ac placerat dolor lectus quis orci. Phasellus dolor. Vestibulum eu odio.\n\nIn auctor lobortis lacus. Proin magna. Aliquam erat volutpat. Fusce vel dui.'),(306,216,2,'2023-06-13 08:42:20','2023-06-13 08:42:20','da1c3dbd-d28f-4f00-a17b-7734d89ddbd1',NULL,NULL,NULL,NULL,NULL,NULL,'In hac habitasse platea dictumst. Vestibulum ante ipsum primis in faucibus orci luctus et ultrices posuere cubilia Curae; Sed aliquam, nisi quis porttitor congue, elit erat euismod orci, ac placerat dolor lectus quis orci. Phasellus dolor. Vestibulum eu odio.\n\nIn auctor lobortis lacus. Proin magna. Aliquam erat volutpat. Fusce vel dui.'),(307,217,1,'2023-06-13 08:42:20','2023-06-13 08:42:20','719962fa-b10d-4a35-b113-a368ede54ebc','Pellentesque auctor','Quisque libero metus, condimentum nec, tempor a, commodo mollis, magna. Ut tincidunt tincidunt erat. Etiam iaculis nunc ac metus. Suspendisse feugiat. Curabitur suscipit suscipit tellus.','default',NULL,NULL,NULL,NULL),(308,217,2,'2023-06-13 08:42:20','2023-06-13 08:42:20','df817b7e-5f71-4909-9092-bfface372ccc','Pellentesque auctor','Quisque libero metus, condimentum nec, tempor a, commodo mollis, magna. Ut tincidunt tincidunt erat. Etiam iaculis nunc ac metus. Suspendisse feugiat. Curabitur suscipit suscipit tellus.','default',NULL,NULL,NULL,NULL),(309,218,1,'2023-06-13 08:42:21','2023-06-13 08:42:21','b00556fa-4733-41d9-8770-b2f557fee896',NULL,NULL,NULL,'h2','Heading Level 2',NULL,NULL),(310,218,2,'2023-06-13 08:42:21','2023-06-13 08:42:21','ab7f6e83-0077-405b-82cb-85a2c805268a',NULL,NULL,NULL,'h2','Heading Level 2',NULL,NULL),(311,219,1,'2023-06-13 08:42:21','2023-06-13 08:42:21','569fa7de-0dc5-4de7-a14f-f32c61d96fbf',NULL,NULL,NULL,'h2','Image',NULL,NULL),(312,219,2,'2023-06-13 08:42:21','2023-06-13 08:42:21','146c0377-5bb6-425f-b401-10c68148349a',NULL,NULL,NULL,'h2','Image',NULL,NULL),(313,220,1,'2023-06-13 08:42:21','2023-06-13 08:42:21','073ed3b9-deac-4df9-a221-ce271ffe11ff',NULL,NULL,NULL,'h2','Maecenas nec odio et ante',NULL,NULL),(314,220,2,'2023-06-13 08:42:21','2023-06-13 08:42:21','962d56c6-e26d-4bfc-8eb2-8080709ef366',NULL,NULL,NULL,'h2','Maecenas nec odio et ante',NULL,NULL),(315,221,1,'2023-06-13 08:42:21','2023-06-13 08:42:21','1b9718b2-51a9-45c4-8e60-11bc05efae9a',NULL,NULL,NULL,NULL,NULL,NULL,'Vestibulum fringilla pede sit amet augue. Fusce vel dui. In hac habitasse platea dictumst. Fusce egestas elit eget lorem.\n\nNullam dictum felis eu pede mollis pretium. Nam at tortor in tellus interdum sagittis. Nam eget dui. Nullam sagittis.'),(316,221,2,'2023-06-13 08:42:21','2023-06-13 08:42:21','575968b2-b242-4548-a715-dda976882c2f',NULL,NULL,NULL,NULL,NULL,NULL,'Vestibulum fringilla pede sit amet augue. Fusce vel dui. In hac habitasse platea dictumst. Fusce egestas elit eget lorem.\n\nNullam dictum felis eu pede mollis pretium. Nam at tortor in tellus interdum sagittis. Nam eget dui. Nullam sagittis.'),(317,222,1,'2023-06-13 08:42:21','2023-06-13 08:42:21','4b0e3bdd-56b8-421d-b90a-933f0fc94955',NULL,NULL,NULL,'h3','Heading level 3',NULL,NULL),(318,222,2,'2023-06-13 08:42:21','2023-06-13 08:42:21','68923c64-a72f-4e1c-9eab-ce1bd075a712',NULL,NULL,NULL,'h3','Heading level 3',NULL,NULL),(319,223,1,'2023-06-13 08:42:21','2023-06-13 08:42:21','1ff84fdc-8950-40bf-8cf2-fe9964186dc0',NULL,NULL,NULL,NULL,NULL,NULL,'In hac habitasse platea dictumst. Vestibulum ante ipsum primis in faucibus orci luctus et ultrices posuere cubilia Curae; Sed aliquam, nisi quis porttitor congue, elit erat euismod orci, ac placerat dolor lectus quis orci. Phasellus dolor. Vestibulum eu odio.\n\nIn auctor lobortis lacus. Proin magna. Aliquam erat volutpat. Fusce vel dui.'),(320,223,2,'2023-06-13 08:42:21','2023-06-13 08:42:21','0d473876-11f1-42fa-99e3-51b7758785d1',NULL,NULL,NULL,NULL,NULL,NULL,'In hac habitasse platea dictumst. Vestibulum ante ipsum primis in faucibus orci luctus et ultrices posuere cubilia Curae; Sed aliquam, nisi quis porttitor congue, elit erat euismod orci, ac placerat dolor lectus quis orci. Phasellus dolor. Vestibulum eu odio.\n\nIn auctor lobortis lacus. Proin magna. Aliquam erat volutpat. Fusce vel dui.'),(321,224,1,'2023-06-13 08:42:21','2023-06-13 08:42:21','344e6c64-9e7d-48fb-840a-3b15038631da','Pellentesque auctor','Quisque libero metus, condimentum nec, tempor a, commodo mollis, magna. Ut tincidunt tincidunt erat. Etiam iaculis nunc ac metus. Suspendisse feugiat. Curabitur suscipit suscipit tellus.','default',NULL,NULL,NULL,NULL),(322,224,2,'2023-06-13 08:42:21','2023-06-13 08:42:21','0f26c3a1-509c-454b-a37b-d4c293e4f94b','Pellentesque auctor','Quisque libero metus, condimentum nec, tempor a, commodo mollis, magna. Ut tincidunt tincidunt erat. Etiam iaculis nunc ac metus. Suspendisse feugiat. Curabitur suscipit suscipit tellus.','default',NULL,NULL,NULL,NULL),(323,225,1,'2023-06-13 08:42:42','2023-06-13 08:42:42','db7fda03-993b-47bf-bf3b-fd530a40fdc6',NULL,NULL,NULL,'h2','Heading Level 2',NULL,NULL),(324,225,2,'2023-06-13 08:42:42','2023-06-13 08:42:42','709dbeb8-d9b8-4c8d-a007-59c04b4842cc',NULL,NULL,NULL,'h2','Heading Level 2',NULL,NULL),(325,226,1,'2023-06-13 08:42:42','2023-06-13 08:42:42','9ea33920-d527-4a9b-a16c-1b9a864e76d4',NULL,NULL,NULL,'h2','Image',NULL,NULL),(326,226,2,'2023-06-13 08:42:42','2023-06-13 08:42:42','c49e8228-6872-4f2f-b998-de7cfc481160',NULL,NULL,NULL,'h2','Image',NULL,NULL),(327,227,1,'2023-06-13 08:42:42','2023-06-13 08:42:42','0474b9bc-837c-4ca6-8877-abbf04cf3816',NULL,NULL,NULL,'h2','Maecenas nec odio et ante',NULL,NULL),(328,227,2,'2023-06-13 08:42:42','2023-06-13 08:42:42','7d013b87-6830-45ef-bc11-793da8130fac',NULL,NULL,NULL,'h2','Maecenas nec odio et ante',NULL,NULL),(329,228,1,'2023-06-13 08:42:42','2023-06-13 08:42:42','116e8636-7b11-4769-b159-b146bbf9dbec',NULL,NULL,NULL,NULL,NULL,NULL,'Vestibulum fringilla pede sit amet augue. Fusce vel dui. In hac habitasse platea dictumst. Fusce egestas elit eget lorem.\n\nNullam dictum felis eu pede mollis pretium. Nam at tortor in tellus interdum sagittis. Nam eget dui. Nullam sagittis.'),(330,228,2,'2023-06-13 08:42:42','2023-06-13 08:42:42','adba06a3-4252-4af3-ac8a-68eea94ef7e5',NULL,NULL,NULL,NULL,NULL,NULL,'Vestibulum fringilla pede sit amet augue. Fusce vel dui. In hac habitasse platea dictumst. Fusce egestas elit eget lorem.\n\nNullam dictum felis eu pede mollis pretium. Nam at tortor in tellus interdum sagittis. Nam eget dui. Nullam sagittis.'),(331,229,1,'2023-06-13 08:42:42','2023-06-13 08:42:42','13f0daaa-ed9f-4b13-924c-119a513ae7e5',NULL,NULL,NULL,'h2',NULL,NULL,NULL),(332,229,2,'2023-06-13 08:42:42','2023-06-13 08:42:42','c41836a3-8bf7-4ac0-9ccd-5771e894e20a',NULL,NULL,NULL,'h2',NULL,NULL,NULL),(333,230,1,'2023-06-13 08:42:42','2023-06-13 08:42:42','36a74071-6d09-4b4e-978f-591cc71c0c09',NULL,NULL,NULL,'h3','Heading level 3',NULL,NULL),(334,230,2,'2023-06-13 08:42:42','2023-06-13 08:42:42','4aa53e41-9f96-4db3-9afd-38b66dd414f5',NULL,NULL,NULL,'h3','Heading level 3',NULL,NULL),(335,231,1,'2023-06-13 08:42:43','2023-06-13 08:42:43','4ac3b38a-3b7e-4638-9e9e-db8b0c10b6ea',NULL,NULL,NULL,NULL,NULL,NULL,'In hac habitasse platea dictumst. Vestibulum ante ipsum primis in faucibus orci luctus et ultrices posuere cubilia Curae; Sed aliquam, nisi quis porttitor congue, elit erat euismod orci, ac placerat dolor lectus quis orci. Phasellus dolor. Vestibulum eu odio.\n\nIn auctor lobortis lacus. Proin magna. Aliquam erat volutpat. Fusce vel dui.'),(336,231,2,'2023-06-13 08:42:43','2023-06-13 08:42:43','5e220635-bcc8-48ab-8c76-1c84e03b8e33',NULL,NULL,NULL,NULL,NULL,NULL,'In hac habitasse platea dictumst. Vestibulum ante ipsum primis in faucibus orci luctus et ultrices posuere cubilia Curae; Sed aliquam, nisi quis porttitor congue, elit erat euismod orci, ac placerat dolor lectus quis orci. Phasellus dolor. Vestibulum eu odio.\n\nIn auctor lobortis lacus. Proin magna. Aliquam erat volutpat. Fusce vel dui.'),(337,232,1,'2023-06-13 08:42:43','2023-06-13 08:42:43','5b4cbe8e-1ded-4e72-a7cd-a455f72cdf69','Pellentesque auctor','Quisque libero metus, condimentum nec, tempor a, commodo mollis, magna. Ut tincidunt tincidunt erat. Etiam iaculis nunc ac metus. Suspendisse feugiat. Curabitur suscipit suscipit tellus.','default',NULL,NULL,NULL,NULL),(338,232,2,'2023-06-13 08:42:43','2023-06-13 08:42:43','84aecfa7-1767-49b8-814d-b9865c825ca1','Pellentesque auctor','Quisque libero metus, condimentum nec, tempor a, commodo mollis, magna. Ut tincidunt tincidunt erat. Etiam iaculis nunc ac metus. Suspendisse feugiat. Curabitur suscipit suscipit tellus.','default',NULL,NULL,NULL,NULL),(339,233,1,'2023-06-13 08:42:45','2023-06-13 08:42:45','253fe816-d6cb-421c-83bc-367961da920a',NULL,NULL,NULL,'h2','Heading Level 2',NULL,NULL),(340,233,2,'2023-06-13 08:42:45','2023-06-13 08:42:45','66a57582-25ba-4781-a890-839954359a9c',NULL,NULL,NULL,'h2','Heading Level 2',NULL,NULL),(341,234,1,'2023-06-13 08:42:45','2023-06-13 08:42:45','7aebab6d-6423-4223-928b-7ddcc1ec9450',NULL,NULL,NULL,'h2','Image',NULL,NULL),(342,234,2,'2023-06-13 08:42:45','2023-06-13 08:42:45','dadd1dec-b77b-4232-a538-f433bb9eee5a',NULL,NULL,NULL,'h2','Image',NULL,NULL),(343,235,1,'2023-06-13 08:42:45','2023-06-13 08:42:45','6443c5f0-d824-4c3b-b698-99fcdd772947',NULL,NULL,NULL,'h2','Maecenas nec odio et ante',NULL,NULL),(344,235,2,'2023-06-13 08:42:45','2023-06-13 08:42:45','bb266fc3-7758-456a-945f-ea3cf0d4e5b3',NULL,NULL,NULL,'h2','Maecenas nec odio et ante',NULL,NULL),(345,236,1,'2023-06-13 08:42:45','2023-06-13 08:42:45','afc3bff8-0d7c-4bff-8317-4cfb8105beb8',NULL,NULL,NULL,NULL,NULL,NULL,'Vestibulum fringilla pede sit amet augue. Fusce vel dui. In hac habitasse platea dictumst. Fusce egestas elit eget lorem.\n\nNullam dictum felis eu pede mollis pretium. Nam at tortor in tellus interdum sagittis. Nam eget dui. Nullam sagittis.'),(346,236,2,'2023-06-13 08:42:45','2023-06-13 08:42:45','2b15a601-01bc-4c56-9729-284b64bffdb0',NULL,NULL,NULL,NULL,NULL,NULL,'Vestibulum fringilla pede sit amet augue. Fusce vel dui. In hac habitasse platea dictumst. Fusce egestas elit eget lorem.\n\nNullam dictum felis eu pede mollis pretium. Nam at tortor in tellus interdum sagittis. Nam eget dui. Nullam sagittis.'),(347,237,1,'2023-06-13 08:42:46','2023-06-13 08:42:46','48b14d87-6425-4554-9a72-7188725e742d',NULL,NULL,NULL,'h2','Quotes',NULL,NULL),(348,237,2,'2023-06-13 08:42:46','2023-06-13 08:42:46','8b7b0cc6-ed5a-4820-902b-c5955eb0fc62',NULL,NULL,NULL,'h2','Quotes',NULL,NULL),(349,238,1,'2023-06-13 08:42:46','2023-06-13 08:42:46','251ba735-4a10-44f5-b98b-bc36cbe823ec',NULL,NULL,NULL,'h3','Heading level 3',NULL,NULL),(350,238,2,'2023-06-13 08:42:46','2023-06-13 08:42:46','281ff295-697b-42b0-86f0-75daac61c42d',NULL,NULL,NULL,'h3','Heading level 3',NULL,NULL),(351,239,1,'2023-06-13 08:42:46','2023-06-13 08:42:46','1b4d843c-2f32-491f-92de-7ba6146a7022',NULL,NULL,NULL,NULL,NULL,NULL,'In hac habitasse platea dictumst. Vestibulum ante ipsum primis in faucibus orci luctus et ultrices posuere cubilia Curae; Sed aliquam, nisi quis porttitor congue, elit erat euismod orci, ac placerat dolor lectus quis orci. Phasellus dolor. Vestibulum eu odio.\n\nIn auctor lobortis lacus. Proin magna. Aliquam erat volutpat. Fusce vel dui.'),(352,239,2,'2023-06-13 08:42:46','2023-06-13 08:42:46','a7eac3df-5d48-4965-b0dd-c32d2d677e2a',NULL,NULL,NULL,NULL,NULL,NULL,'In hac habitasse platea dictumst. Vestibulum ante ipsum primis in faucibus orci luctus et ultrices posuere cubilia Curae; Sed aliquam, nisi quis porttitor congue, elit erat euismod orci, ac placerat dolor lectus quis orci. Phasellus dolor. Vestibulum eu odio.\n\nIn auctor lobortis lacus. Proin magna. Aliquam erat volutpat. Fusce vel dui.'),(353,240,1,'2023-06-13 08:42:46','2023-06-13 08:42:46','31f2a53a-042d-43eb-9799-8ba2bf2f8cf8','Pellentesque auctor','Quisque libero metus, condimentum nec, tempor a, commodo mollis, magna. Ut tincidunt tincidunt erat. Etiam iaculis nunc ac metus. Suspendisse feugiat. Curabitur suscipit suscipit tellus.','default',NULL,NULL,NULL,NULL),(354,240,2,'2023-06-13 08:42:46','2023-06-13 08:42:46','8550585e-54e6-42eb-a90a-14629a8c16be','Pellentesque auctor','Quisque libero metus, condimentum nec, tempor a, commodo mollis, magna. Ut tincidunt tincidunt erat. Etiam iaculis nunc ac metus. Suspendisse feugiat. Curabitur suscipit suscipit tellus.','default',NULL,NULL,NULL,NULL),(355,241,1,'2023-06-13 08:42:51','2023-06-13 08:42:51','974fa599-52d9-458c-b4e9-4ed42291f788',NULL,NULL,NULL,'h2','Heading Level 2',NULL,NULL),(356,241,2,'2023-06-13 08:42:51','2023-06-13 08:42:51','6ccdfb5e-17f9-414c-8b7a-74b966f39cf6',NULL,NULL,NULL,'h2','Heading Level 2',NULL,NULL),(357,242,1,'2023-06-13 08:42:51','2023-06-13 08:42:51','c7064524-c7b7-4027-b50a-d463b3549797',NULL,NULL,NULL,'h2','Image',NULL,NULL),(358,242,2,'2023-06-13 08:42:51','2023-06-13 08:42:51','c5694c18-390a-431a-83e9-cc21265779f9',NULL,NULL,NULL,'h2','Image',NULL,NULL),(359,243,1,'2023-06-13 08:42:51','2023-06-13 08:42:51','6fc3f277-c57e-48bd-ad73-50c7c612522c',NULL,NULL,NULL,'h2','Maecenas nec odio et ante',NULL,NULL),(360,243,2,'2023-06-13 08:42:51','2023-06-13 08:42:51','b85a1eb7-9e30-400a-a5f1-e6b96e68d80b',NULL,NULL,NULL,'h2','Maecenas nec odio et ante',NULL,NULL),(361,244,1,'2023-06-13 08:42:51','2023-06-13 08:42:51','1a3115d7-6ccd-46f7-8921-cd9358de28b2',NULL,NULL,NULL,NULL,NULL,NULL,'Vestibulum fringilla pede sit amet augue. Fusce vel dui. In hac habitasse platea dictumst. Fusce egestas elit eget lorem.\n\nNullam dictum felis eu pede mollis pretium. Nam at tortor in tellus interdum sagittis. Nam eget dui. Nullam sagittis.'),(362,244,2,'2023-06-13 08:42:51','2023-06-13 08:42:51','0444b2db-fe8a-47d0-9537-eed9ae20bc31',NULL,NULL,NULL,NULL,NULL,NULL,'Vestibulum fringilla pede sit amet augue. Fusce vel dui. In hac habitasse platea dictumst. Fusce egestas elit eget lorem.\n\nNullam dictum felis eu pede mollis pretium. Nam at tortor in tellus interdum sagittis. Nam eget dui. Nullam sagittis.'),(363,245,1,'2023-06-13 08:42:51','2023-06-13 08:42:51','f6cebe19-eb5b-4e61-9426-8607f2d6bee1',NULL,NULL,NULL,'h2','Quotes',NULL,NULL),(364,245,2,'2023-06-13 08:42:51','2023-06-13 08:42:51','e41b5f3d-948f-44c6-a9c3-4c494c737d7d',NULL,NULL,NULL,'h2','Quotes',NULL,NULL),(365,246,1,'2023-06-13 08:42:51','2023-06-13 08:42:51','c1e5f731-004c-421b-8463-507f1b823eca',NULL,NULL,NULL,'h3','Default style',NULL,NULL),(366,246,2,'2023-06-13 08:42:51','2023-06-13 08:42:51','c592a4f8-d34c-4ae7-a435-99d0a01282a5',NULL,NULL,NULL,'h3','Default style',NULL,NULL),(367,247,1,'2023-06-13 08:42:51','2023-06-13 08:42:51','86b3424c-bf67-4fd9-b5f2-234e71cc8ef8',NULL,NULL,NULL,NULL,NULL,NULL,'In hac habitasse platea dictumst. Vestibulum ante ipsum primis in faucibus orci luctus et ultrices posuere cubilia Curae; Sed aliquam, nisi quis porttitor congue, elit erat euismod orci, ac placerat dolor lectus quis orci. Phasellus dolor. Vestibulum eu odio.\n\nIn auctor lobortis lacus. Proin magna. Aliquam erat volutpat. Fusce vel dui.'),(368,247,2,'2023-06-13 08:42:51','2023-06-13 08:42:51','73e86cea-7964-48c3-85c3-6f5f0ba1f4e5',NULL,NULL,NULL,NULL,NULL,NULL,'In hac habitasse platea dictumst. Vestibulum ante ipsum primis in faucibus orci luctus et ultrices posuere cubilia Curae; Sed aliquam, nisi quis porttitor congue, elit erat euismod orci, ac placerat dolor lectus quis orci. Phasellus dolor. Vestibulum eu odio.\n\nIn auctor lobortis lacus. Proin magna. Aliquam erat volutpat. Fusce vel dui.'),(369,248,1,'2023-06-13 08:42:51','2023-06-13 08:42:51','bd8de0e0-879c-43a6-9972-c43cf00e3d4a','Pellentesque auctor','Quisque libero metus, condimentum nec, tempor a, commodo mollis, magna. Ut tincidunt tincidunt erat. Etiam iaculis nunc ac metus. Suspendisse feugiat. Curabitur suscipit suscipit tellus.','default',NULL,NULL,NULL,NULL),(370,248,2,'2023-06-13 08:42:51','2023-06-13 08:42:51','cdb63388-99b9-4c45-9ccb-faa0d73a93cf','Pellentesque auctor','Quisque libero metus, condimentum nec, tempor a, commodo mollis, magna. Ut tincidunt tincidunt erat. Etiam iaculis nunc ac metus. Suspendisse feugiat. Curabitur suscipit suscipit tellus.','default',NULL,NULL,NULL,NULL),(371,249,1,'2023-06-13 08:42:58','2023-06-13 08:42:58','d8e923cb-205f-4ec4-881f-256be2580aef',NULL,NULL,NULL,'h2','Heading Level 2',NULL,NULL),(372,249,2,'2023-06-13 08:42:58','2023-06-13 08:42:58','1eeaa4ab-64ae-4fa5-8805-2b7e194bc62b',NULL,NULL,NULL,'h2','Heading Level 2',NULL,NULL),(373,250,1,'2023-06-13 08:42:58','2023-06-13 08:42:58','cd753d22-1536-4e81-9dbb-77751e90d283',NULL,NULL,NULL,'h2','Image',NULL,NULL),(374,250,2,'2023-06-13 08:42:58','2023-06-13 08:42:58','ba2663e1-a8ea-43d8-ac17-b6a67fcfa13f',NULL,NULL,NULL,'h2','Image',NULL,NULL),(375,251,1,'2023-06-13 08:42:58','2023-06-13 08:42:58','f2ac0142-95d2-4795-a616-7a25b75c4173',NULL,NULL,NULL,'h2','Maecenas nec odio et ante',NULL,NULL),(376,251,2,'2023-06-13 08:42:58','2023-06-13 08:42:58','02de6335-038e-449c-89c8-fd9f91d362c7',NULL,NULL,NULL,'h2','Maecenas nec odio et ante',NULL,NULL),(377,252,1,'2023-06-13 08:42:58','2023-06-13 08:42:58','487ccf7d-f5e9-4f93-878c-5b2f36906cd9',NULL,NULL,NULL,NULL,NULL,NULL,'Vestibulum fringilla pede sit amet augue. Fusce vel dui. In hac habitasse platea dictumst. Fusce egestas elit eget lorem.\n\nNullam dictum felis eu pede mollis pretium. Nam at tortor in tellus interdum sagittis. Nam eget dui. Nullam sagittis.'),(378,252,2,'2023-06-13 08:42:58','2023-06-13 08:42:58','adb2215c-ba0d-4c9a-9cbf-d3b2392038ee',NULL,NULL,NULL,NULL,NULL,NULL,'Vestibulum fringilla pede sit amet augue. Fusce vel dui. In hac habitasse platea dictumst. Fusce egestas elit eget lorem.\n\nNullam dictum felis eu pede mollis pretium. Nam at tortor in tellus interdum sagittis. Nam eget dui. Nullam sagittis.'),(379,253,1,'2023-06-13 08:42:58','2023-06-13 08:42:58','c49d5c1f-c593-4296-a96e-35c3dd3458e1',NULL,NULL,NULL,'h2','Quotes',NULL,NULL),(380,253,2,'2023-06-13 08:42:58','2023-06-13 08:42:58','8a202faf-da17-490c-ad47-7a52bfd6ae96',NULL,NULL,NULL,'h2','Quotes',NULL,NULL),(381,254,1,'2023-06-13 08:42:58','2023-06-13 08:42:58','0d32185d-bb63-418d-9f26-53b7ab6e1aa5',NULL,NULL,NULL,'h3','Default style',NULL,NULL),(382,254,2,'2023-06-13 08:42:58','2023-06-13 08:42:58','42c8a6ad-6013-4ede-94aa-fe53d599ecb0',NULL,NULL,NULL,'h3','Default style',NULL,NULL),(383,255,1,'2023-06-13 08:42:58','2023-06-13 08:42:58','83e7e323-ec13-4786-a3af-2a4fe566c702','Pellentesque auctor','Quisque libero metus, condimentum nec, tempor a, commodo mollis, magna. Ut tincidunt tincidunt erat. Etiam iaculis nunc ac metus. Suspendisse feugiat. Curabitur suscipit suscipit tellus.','default',NULL,NULL,NULL,NULL),(384,255,2,'2023-06-13 08:42:58','2023-06-13 08:42:58','7ef1970b-31bd-4f4f-9402-24236a4ece0e','Pellentesque auctor','Quisque libero metus, condimentum nec, tempor a, commodo mollis, magna. Ut tincidunt tincidunt erat. Etiam iaculis nunc ac metus. Suspendisse feugiat. Curabitur suscipit suscipit tellus.','default',NULL,NULL,NULL,NULL),(385,256,1,'2023-06-13 08:43:01','2023-06-13 08:43:01','2e7cf60a-f17b-41c1-b60a-5c9208b527de',NULL,NULL,NULL,'h2','Heading Level 2',NULL,NULL),(386,256,2,'2023-06-13 08:43:01','2023-06-13 08:43:01','c415d3d2-fdb1-49a3-91a9-464c68258b82',NULL,NULL,NULL,'h2','Heading Level 2',NULL,NULL),(387,257,1,'2023-06-13 08:43:01','2023-06-13 08:43:01','1d8e37b9-37aa-4704-a332-49961d8f86c0',NULL,NULL,NULL,'h2','Image',NULL,NULL),(388,257,2,'2023-06-13 08:43:01','2023-06-13 08:43:01','c185f86b-cf0e-4495-96e4-d35106f329b4',NULL,NULL,NULL,'h2','Image',NULL,NULL),(389,258,1,'2023-06-13 08:43:01','2023-06-13 08:43:01','43ebce57-4e75-45a0-b692-6d31ee9ac16a',NULL,NULL,NULL,'h2','Maecenas nec odio et ante',NULL,NULL),(390,258,2,'2023-06-13 08:43:01','2023-06-13 08:43:01','f89cf9bd-33f7-465b-973f-df6b713b357c',NULL,NULL,NULL,'h2','Maecenas nec odio et ante',NULL,NULL),(391,259,1,'2023-06-13 08:43:01','2023-06-13 08:43:01','28703c4c-39a6-4e06-8d24-73138cf2db65',NULL,NULL,NULL,NULL,NULL,NULL,'Vestibulum fringilla pede sit amet augue. Fusce vel dui. In hac habitasse platea dictumst. Fusce egestas elit eget lorem.\n\nNullam dictum felis eu pede mollis pretium. Nam at tortor in tellus interdum sagittis. Nam eget dui. Nullam sagittis.'),(392,259,2,'2023-06-13 08:43:01','2023-06-13 08:43:01','202f2e45-d9f7-4085-8d14-bf9ec1b42c2a',NULL,NULL,NULL,NULL,NULL,NULL,'Vestibulum fringilla pede sit amet augue. Fusce vel dui. In hac habitasse platea dictumst. Fusce egestas elit eget lorem.\n\nNullam dictum felis eu pede mollis pretium. Nam at tortor in tellus interdum sagittis. Nam eget dui. Nullam sagittis.'),(393,260,1,'2023-06-13 08:43:01','2023-06-13 08:43:01','7d1295a7-b0fe-4bcf-9282-cd247372104f',NULL,NULL,NULL,'h2','Quotes',NULL,NULL),(394,260,2,'2023-06-13 08:43:01','2023-06-13 08:43:01','b41dd31a-0ea7-409d-a674-93a26014e7c2',NULL,NULL,NULL,'h2','Quotes',NULL,NULL),(395,261,1,'2023-06-13 08:43:01','2023-06-13 08:43:01','571939f2-3edc-4a03-be0e-6b090f996bed',NULL,NULL,NULL,'h3','Default style',NULL,NULL),(396,261,2,'2023-06-13 08:43:01','2023-06-13 08:43:01','9a878a0c-e370-4950-8db6-66d667115525',NULL,NULL,NULL,'h3','Default style',NULL,NULL),(397,262,1,'2023-06-13 08:43:01','2023-06-13 08:43:01','eafa67f4-896d-4a1d-a2b4-99e47acb300f','Pellentesque auctor','Quisque libero metus, condimentum nec, tempor a, commodo mollis, magna. Ut tincidunt tincidunt erat. Etiam iaculis nunc ac metus. Suspendisse feugiat. Curabitur suscipit suscipit tellus.','default',NULL,NULL,NULL,NULL),(398,262,2,'2023-06-13 08:43:01','2023-06-13 08:43:01','9922c207-aedb-41d1-b6ed-e8b0f9e01426','Pellentesque auctor','Quisque libero metus, condimentum nec, tempor a, commodo mollis, magna. Ut tincidunt tincidunt erat. Etiam iaculis nunc ac metus. Suspendisse feugiat. Curabitur suscipit suscipit tellus.','default',NULL,NULL,NULL,NULL),(399,263,1,'2023-06-13 08:43:01','2023-06-13 08:43:01','20b31355-e7df-4cb7-ae7e-2837a0460865',NULL,NULL,NULL,'h2',NULL,NULL,NULL),(400,263,2,'2023-06-13 08:43:01','2023-06-13 08:43:01','6f17652d-c2dc-4de8-ac12-74db1218458d',NULL,NULL,NULL,'h2',NULL,NULL,NULL),(401,264,1,'2023-06-13 08:43:09','2023-06-13 08:43:09','87a64bae-d038-4762-a025-1f88f36d9ef0',NULL,NULL,NULL,'h2','Heading Level 2',NULL,NULL),(402,264,2,'2023-06-13 08:43:09','2023-06-13 08:43:09','2111c8fd-3827-4b32-95f8-f811ba9df808',NULL,NULL,NULL,'h2','Heading Level 2',NULL,NULL),(403,265,1,'2023-06-13 08:43:09','2023-06-13 08:43:09','a5a66629-98ed-466f-a29d-395e3bfb2c1e',NULL,NULL,NULL,'h2','Image',NULL,NULL),(404,265,2,'2023-06-13 08:43:09','2023-06-13 08:43:09','4c1f6b56-4b90-4f68-a6ef-f69a524bde42',NULL,NULL,NULL,'h2','Image',NULL,NULL),(405,266,1,'2023-06-13 08:43:09','2023-06-13 08:43:09','c08d29bb-6970-44a5-ab9a-9cb3a55901a0',NULL,NULL,NULL,'h2','Maecenas nec odio et ante',NULL,NULL),(406,266,2,'2023-06-13 08:43:09','2023-06-13 08:43:09','5b6d224e-be6d-4097-b5c0-48877e042e20',NULL,NULL,NULL,'h2','Maecenas nec odio et ante',NULL,NULL),(407,267,1,'2023-06-13 08:43:09','2023-06-13 08:43:09','ccbc01be-0159-4386-a76d-d01149c13b21',NULL,NULL,NULL,NULL,NULL,NULL,'Vestibulum fringilla pede sit amet augue. Fusce vel dui. In hac habitasse platea dictumst. Fusce egestas elit eget lorem.\n\nNullam dictum felis eu pede mollis pretium. Nam at tortor in tellus interdum sagittis. Nam eget dui. Nullam sagittis.'),(408,267,2,'2023-06-13 08:43:09','2023-06-13 08:43:09','4945df01-f2a4-4daf-8ccb-07c394d5deda',NULL,NULL,NULL,NULL,NULL,NULL,'Vestibulum fringilla pede sit amet augue. Fusce vel dui. In hac habitasse platea dictumst. Fusce egestas elit eget lorem.\n\nNullam dictum felis eu pede mollis pretium. Nam at tortor in tellus interdum sagittis. Nam eget dui. Nullam sagittis.'),(409,268,1,'2023-06-13 08:43:09','2023-06-13 08:43:09','ef1cb75c-1d17-4ecc-a27b-094e6d0dce18',NULL,NULL,NULL,'h2','Quotes',NULL,NULL),(410,268,2,'2023-06-13 08:43:09','2023-06-13 08:43:09','17ee009f-cd5a-46de-8205-b3b350174447',NULL,NULL,NULL,'h2','Quotes',NULL,NULL),(411,269,1,'2023-06-13 08:43:09','2023-06-13 08:43:09','28f3704e-544c-43e6-ad64-036fa7782ef8',NULL,NULL,NULL,'h3','Default style',NULL,NULL),(412,269,2,'2023-06-13 08:43:09','2023-06-13 08:43:09','fafd6665-7508-4484-9c06-4c87844b1c8a',NULL,NULL,NULL,'h3','Default style',NULL,NULL),(413,270,1,'2023-06-13 08:43:09','2023-06-13 08:43:09','1c63db17-b7dc-4396-8ce4-6ad1b1c10aa0','Pellentesque auctor','Quisque libero metus, condimentum nec, tempor a, commodo mollis, magna. Ut tincidunt tincidunt erat. Etiam iaculis nunc ac metus. Suspendisse feugiat. Curabitur suscipit suscipit tellus.','default',NULL,NULL,NULL,NULL),(414,270,2,'2023-06-13 08:43:09','2023-06-13 08:43:09','a1d3a230-854b-47f9-af28-bca730af24f9','Pellentesque auctor','Quisque libero metus, condimentum nec, tempor a, commodo mollis, magna. Ut tincidunt tincidunt erat. Etiam iaculis nunc ac metus. Suspendisse feugiat. Curabitur suscipit suscipit tellus.','default',NULL,NULL,NULL,NULL),(415,271,1,'2023-06-13 08:43:09','2023-06-13 08:43:09','3da09fc7-811f-40aa-9b76-041350d1f13e',NULL,NULL,NULL,'h2','Alternative style',NULL,NULL),(416,271,2,'2023-06-13 08:43:09','2023-06-13 08:43:09','98a594bf-e0da-45fe-a42c-f5c2f7d0c076',NULL,NULL,NULL,'h2','Alternative style',NULL,NULL),(417,272,1,'2023-06-13 08:43:16','2023-06-13 08:43:16','9c11b5d6-cc17-4580-8f97-67f49bd217b2',NULL,NULL,NULL,'h2','Heading Level 2',NULL,NULL),(418,272,2,'2023-06-13 08:43:16','2023-06-13 08:43:16','90dd1a20-4154-4a92-87f2-2c8038118895',NULL,NULL,NULL,'h2','Heading Level 2',NULL,NULL),(419,273,1,'2023-06-13 08:43:16','2023-06-13 08:43:16','0f33e64d-655e-4558-9a38-86465f1bab1d',NULL,NULL,NULL,'h2','Image',NULL,NULL),(420,273,2,'2023-06-13 08:43:16','2023-06-13 08:43:16','babe4c28-5105-446f-bf53-c3dd9834b6b9',NULL,NULL,NULL,'h2','Image',NULL,NULL),(421,274,1,'2023-06-13 08:43:16','2023-06-13 08:43:16','9928db5d-f327-46a9-85ec-12fe7a302f6b',NULL,NULL,NULL,'h2','Maecenas nec odio et ante',NULL,NULL),(422,274,2,'2023-06-13 08:43:16','2023-06-13 08:43:16','3a0739e4-595c-4b94-9f5d-c54df03e75f0',NULL,NULL,NULL,'h2','Maecenas nec odio et ante',NULL,NULL),(423,275,1,'2023-06-13 08:43:16','2023-06-13 08:43:16','d0da73d5-ff93-4695-b9f9-39baa9bc2139',NULL,NULL,NULL,NULL,NULL,NULL,'Vestibulum fringilla pede sit amet augue. Fusce vel dui. In hac habitasse platea dictumst. Fusce egestas elit eget lorem.\n\nNullam dictum felis eu pede mollis pretium. Nam at tortor in tellus interdum sagittis. Nam eget dui. Nullam sagittis.'),(424,275,2,'2023-06-13 08:43:16','2023-06-13 08:43:16','f0b6f694-f747-4151-a490-2d7a7c089a4a',NULL,NULL,NULL,NULL,NULL,NULL,'Vestibulum fringilla pede sit amet augue. Fusce vel dui. In hac habitasse platea dictumst. Fusce egestas elit eget lorem.\n\nNullam dictum felis eu pede mollis pretium. Nam at tortor in tellus interdum sagittis. Nam eget dui. Nullam sagittis.'),(425,276,1,'2023-06-13 08:43:16','2023-06-13 08:43:16','47c81fa8-5537-4fda-abb3-503bfe799d57',NULL,NULL,NULL,'h2','Quotes',NULL,NULL),(426,276,2,'2023-06-13 08:43:16','2023-06-13 08:43:16','1648abb5-5a89-4dd5-a288-97c09ce9b699',NULL,NULL,NULL,'h2','Quotes',NULL,NULL),(427,277,1,'2023-06-13 08:43:16','2023-06-13 08:43:16','1f1fc2ce-d386-40cd-8778-f6842f091aaa',NULL,NULL,NULL,'h3','Default style',NULL,NULL),(428,277,2,'2023-06-13 08:43:16','2023-06-13 08:43:16','032f7e28-8257-47ad-b417-3c83931b6ac5',NULL,NULL,NULL,'h3','Default style',NULL,NULL),(429,278,1,'2023-06-13 08:43:16','2023-06-13 08:43:16','ee7ff911-4e77-4b83-94ed-4d08fbfa5013','Pellentesque auctor','Quisque libero metus, condimentum nec, tempor a, commodo mollis, magna. Ut tincidunt tincidunt erat. Etiam iaculis nunc ac metus. Suspendisse feugiat. Curabitur suscipit suscipit tellus.','default',NULL,NULL,NULL,NULL),(430,278,2,'2023-06-13 08:43:16','2023-06-13 08:43:16','b14fa3bd-5cc2-4d6e-9ad1-0827500bb227','Pellentesque auctor','Quisque libero metus, condimentum nec, tempor a, commodo mollis, magna. Ut tincidunt tincidunt erat. Etiam iaculis nunc ac metus. Suspendisse feugiat. Curabitur suscipit suscipit tellus.','default',NULL,NULL,NULL,NULL),(431,279,1,'2023-06-13 08:43:16','2023-06-13 08:43:16','2049d54a-7eb9-44f0-8394-f691e8bc16a5',NULL,NULL,NULL,'h3','Alternative style',NULL,NULL),(432,279,2,'2023-06-13 08:43:16','2023-06-13 08:43:16','298d4b9b-4b8d-4934-923b-5afebd59bdbb',NULL,NULL,NULL,'h3','Alternative style',NULL,NULL),(433,280,1,'2023-06-13 08:43:18','2023-06-13 08:43:18','921062e5-b1bc-4e58-9226-ddcbbdf7ac8b',NULL,NULL,NULL,'h2','Heading Level 2',NULL,NULL),(434,280,2,'2023-06-13 08:43:18','2023-06-13 08:43:18','17a2019d-d5bd-4ce8-9f20-3da90d77d61f',NULL,NULL,NULL,'h2','Heading Level 2',NULL,NULL),(435,281,1,'2023-06-13 08:43:18','2023-06-13 08:43:18','769ba982-0f83-4dd2-a165-abad3d2acf0b',NULL,NULL,NULL,'h2','Image',NULL,NULL),(436,281,2,'2023-06-13 08:43:18','2023-06-13 08:43:18','ebcedf9e-73e2-4b08-babf-7d2183ba4633',NULL,NULL,NULL,'h2','Image',NULL,NULL),(437,282,1,'2023-06-13 08:43:18','2023-06-13 08:43:18','a7b28925-53fb-4ee6-bf07-d0373638155e',NULL,NULL,NULL,'h2','Maecenas nec odio et ante',NULL,NULL),(438,282,2,'2023-06-13 08:43:18','2023-06-13 08:43:18','0f7a1574-60a9-4f7d-a7d4-0c09a891f3f2',NULL,NULL,NULL,'h2','Maecenas nec odio et ante',NULL,NULL),(439,283,1,'2023-06-13 08:43:18','2023-06-13 08:43:18','571928d2-6476-497a-a99d-355e42e6eda2',NULL,NULL,NULL,NULL,NULL,NULL,'Vestibulum fringilla pede sit amet augue. Fusce vel dui. In hac habitasse platea dictumst. Fusce egestas elit eget lorem.\n\nNullam dictum felis eu pede mollis pretium. Nam at tortor in tellus interdum sagittis. Nam eget dui. Nullam sagittis.'),(440,283,2,'2023-06-13 08:43:18','2023-06-13 08:43:18','cc873ee5-52ad-4309-9cf2-38855e6ef47e',NULL,NULL,NULL,NULL,NULL,NULL,'Vestibulum fringilla pede sit amet augue. Fusce vel dui. In hac habitasse platea dictumst. Fusce egestas elit eget lorem.\n\nNullam dictum felis eu pede mollis pretium. Nam at tortor in tellus interdum sagittis. Nam eget dui. Nullam sagittis.'),(441,284,1,'2023-06-13 08:43:18','2023-06-13 08:43:18','559e4435-8695-48e9-af94-952bb46a4b22',NULL,NULL,NULL,'h2','Quotes',NULL,NULL),(442,284,2,'2023-06-13 08:43:18','2023-06-13 08:43:18','7ba0dc21-0243-4600-a201-f352b02edc65',NULL,NULL,NULL,'h2','Quotes',NULL,NULL),(443,285,1,'2023-06-13 08:43:18','2023-06-13 08:43:18','2a08e6b3-9998-4f86-9232-5e99d68cb171',NULL,NULL,NULL,'h3','Default style',NULL,NULL),(444,285,2,'2023-06-13 08:43:18','2023-06-13 08:43:18','082d4677-ddb0-4042-ab21-5dd7bc5ce415',NULL,NULL,NULL,'h3','Default style',NULL,NULL),(445,286,1,'2023-06-13 08:43:18','2023-06-13 08:43:18','ca4e901e-ca53-4673-b37e-246aa77615a9','Pellentesque auctor','Quisque libero metus, condimentum nec, tempor a, commodo mollis, magna. Ut tincidunt tincidunt erat. Etiam iaculis nunc ac metus. Suspendisse feugiat. Curabitur suscipit suscipit tellus.','default',NULL,NULL,NULL,NULL),(446,286,2,'2023-06-13 08:43:18','2023-06-13 08:43:18','c2e1de37-5876-43d5-9b0f-a1b6029dae95','Pellentesque auctor','Quisque libero metus, condimentum nec, tempor a, commodo mollis, magna. Ut tincidunt tincidunt erat. Etiam iaculis nunc ac metus. Suspendisse feugiat. Curabitur suscipit suscipit tellus.','default',NULL,NULL,NULL,NULL),(447,287,1,'2023-06-13 08:43:18','2023-06-13 08:43:18','5bd50eff-e5a5-4a89-9c39-e4b82920deaf',NULL,NULL,NULL,'h3','Alternative style',NULL,NULL),(448,287,2,'2023-06-13 08:43:18','2023-06-13 08:43:18','b7d24e99-8e7e-42a4-8bdf-030fa144528a',NULL,NULL,NULL,'h3','Alternative style',NULL,NULL),(449,288,1,'2023-06-13 08:43:18','2023-06-13 08:43:18','a5a5325e-ed1d-4be8-8b6d-d45359acb18d',NULL,NULL,'default',NULL,NULL,NULL,NULL),(450,288,2,'2023-06-13 08:43:18','2023-06-13 08:43:18','cf6d7398-b6f4-40dc-b650-797a5b2f8c5f',NULL,NULL,'default',NULL,NULL,NULL,NULL),(451,289,1,'2023-06-13 08:43:25','2023-06-13 08:43:25','cdc97696-f5df-4bf8-a516-3a911494e20e',NULL,NULL,NULL,'h2','Heading Level 2',NULL,NULL),(452,289,2,'2023-06-13 08:43:25','2023-06-13 08:43:25','ba19c0bf-219d-4bbf-9c3f-4cf764cf8f65',NULL,NULL,NULL,'h2','Heading Level 2',NULL,NULL),(453,290,1,'2023-06-13 08:43:25','2023-06-13 08:43:25','dfff6758-723a-4045-acfc-0abefe10b0aa',NULL,NULL,NULL,'h2','Image',NULL,NULL),(454,290,2,'2023-06-13 08:43:25','2023-06-13 08:43:25','0195f2e6-a7d9-47ef-bc13-941373ba2f7b',NULL,NULL,NULL,'h2','Image',NULL,NULL),(455,291,1,'2023-06-13 08:43:25','2023-06-13 08:43:25','549788f1-45f3-4202-b6c4-5b7780f53eb1',NULL,NULL,NULL,'h2','Maecenas nec odio et ante',NULL,NULL),(456,291,2,'2023-06-13 08:43:25','2023-06-13 08:43:25','4d6251be-9b58-4765-8bdb-c23f1e497e28',NULL,NULL,NULL,'h2','Maecenas nec odio et ante',NULL,NULL),(457,292,1,'2023-06-13 08:43:25','2023-06-13 08:43:25','426bfab8-b885-4061-b3ac-fa81ec0d230d',NULL,NULL,NULL,NULL,NULL,NULL,'Vestibulum fringilla pede sit amet augue. Fusce vel dui. In hac habitasse platea dictumst. Fusce egestas elit eget lorem.\n\nNullam dictum felis eu pede mollis pretium. Nam at tortor in tellus interdum sagittis. Nam eget dui. Nullam sagittis.'),(458,292,2,'2023-06-13 08:43:25','2023-06-13 08:43:25','f6db28d9-2183-4322-a7dd-4e384db89257',NULL,NULL,NULL,NULL,NULL,NULL,'Vestibulum fringilla pede sit amet augue. Fusce vel dui. In hac habitasse platea dictumst. Fusce egestas elit eget lorem.\n\nNullam dictum felis eu pede mollis pretium. Nam at tortor in tellus interdum sagittis. Nam eget dui. Nullam sagittis.'),(459,293,1,'2023-06-13 08:43:25','2023-06-13 08:43:25','a4708c46-66b8-4858-b31d-db05a1a9a12c',NULL,NULL,NULL,'h2','Quotes',NULL,NULL),(460,293,2,'2023-06-13 08:43:25','2023-06-13 08:43:25','9a4eb91a-fd85-44cd-a8b5-af41f91f15b6',NULL,NULL,NULL,'h2','Quotes',NULL,NULL),(461,294,1,'2023-06-13 08:43:25','2023-06-13 08:43:25','1066dd46-4bb4-401b-b770-41efafb4505c',NULL,NULL,NULL,'h3','Default style',NULL,NULL),(462,294,2,'2023-06-13 08:43:25','2023-06-13 08:43:25','772bcd06-fc40-4b15-8e5d-316cf76f2a6b',NULL,NULL,NULL,'h3','Default style',NULL,NULL),(463,295,1,'2023-06-13 08:43:25','2023-06-13 08:43:25','a05aa545-dfad-494a-a8c3-c065e8e3d1b1','Pellentesque auctor','Quisque libero metus, condimentum nec, tempor a, commodo mollis, magna. Ut tincidunt tincidunt erat. Etiam iaculis nunc ac metus. Suspendisse feugiat. Curabitur suscipit suscipit tellus.','default',NULL,NULL,NULL,NULL),(464,295,2,'2023-06-13 08:43:25','2023-06-13 08:43:25','2d3f3ee2-bdb6-4e17-aa96-42bf8c9c4189','Pellentesque auctor','Quisque libero metus, condimentum nec, tempor a, commodo mollis, magna. Ut tincidunt tincidunt erat. Etiam iaculis nunc ac metus. Suspendisse feugiat. Curabitur suscipit suscipit tellus.','default',NULL,NULL,NULL,NULL),(465,296,1,'2023-06-13 08:43:25','2023-06-13 08:43:25','6fd4bbaa-9bad-420a-827b-8879173c6fe3',NULL,NULL,NULL,'h3','Alternative style',NULL,NULL),(466,296,2,'2023-06-13 08:43:25','2023-06-13 08:43:25','627076c4-4b26-4f63-ac9b-27bd5d2801c9',NULL,NULL,NULL,'h3','Alternative style',NULL,NULL),(467,297,1,'2023-06-13 08:43:25','2023-06-13 08:43:25','b83203a6-140a-4c5a-9210-b33e21a918bd','Praesent vestibulum',NULL,'default',NULL,NULL,NULL,NULL),(468,297,2,'2023-06-13 08:43:25','2023-06-13 08:43:25','042633b4-fa98-45e5-a4a8-bafbaadd05ef','Praesent vestibulum',NULL,'default',NULL,NULL,NULL,NULL),(469,298,1,'2023-06-13 08:43:30','2023-06-13 08:43:30','7a516311-ff52-4b82-9813-9c02377542ee',NULL,NULL,NULL,'h2','Heading Level 2',NULL,NULL),(470,298,2,'2023-06-13 08:43:30','2023-06-13 08:43:30','70c72685-e0f9-46b1-9301-e0cbb288271f',NULL,NULL,NULL,'h2','Heading Level 2',NULL,NULL),(471,299,1,'2023-06-13 08:43:30','2023-06-13 08:43:30','8a915d88-6347-4f6e-8499-93480a15dc57',NULL,NULL,NULL,'h2','Image',NULL,NULL),(472,299,2,'2023-06-13 08:43:30','2023-06-13 08:43:30','3557bb6d-a823-42e4-9028-9318e8de22ca',NULL,NULL,NULL,'h2','Image',NULL,NULL),(473,300,1,'2023-06-13 08:43:30','2023-06-13 08:43:30','569a97b1-4bda-44b2-b33a-3f740b74b6ca',NULL,NULL,NULL,'h2','Maecenas nec odio et ante',NULL,NULL),(474,300,2,'2023-06-13 08:43:30','2023-06-13 08:43:30','b5812ed5-9b5d-4c84-a205-080ecd176733',NULL,NULL,NULL,'h2','Maecenas nec odio et ante',NULL,NULL),(475,301,1,'2023-06-13 08:43:30','2023-06-13 08:43:30','7a9e3f6a-3af6-48ba-9f21-fea2685302db',NULL,NULL,NULL,NULL,NULL,NULL,'Vestibulum fringilla pede sit amet augue. Fusce vel dui. In hac habitasse platea dictumst. Fusce egestas elit eget lorem.\n\nNullam dictum felis eu pede mollis pretium. Nam at tortor in tellus interdum sagittis. Nam eget dui. Nullam sagittis.'),(476,301,2,'2023-06-13 08:43:30','2023-06-13 08:43:30','e90f0c2e-4175-4985-bd27-ca235f6302ee',NULL,NULL,NULL,NULL,NULL,NULL,'Vestibulum fringilla pede sit amet augue. Fusce vel dui. In hac habitasse platea dictumst. Fusce egestas elit eget lorem.\n\nNullam dictum felis eu pede mollis pretium. Nam at tortor in tellus interdum sagittis. Nam eget dui. Nullam sagittis.'),(477,302,1,'2023-06-13 08:43:30','2023-06-13 08:43:30','99bd2ee3-2958-4329-942f-5bef0e1cfb1f',NULL,NULL,NULL,'h2','Quotes',NULL,NULL),(478,302,2,'2023-06-13 08:43:30','2023-06-13 08:43:30','5b36d3bf-3740-4eff-abb5-906a2836a883',NULL,NULL,NULL,'h2','Quotes',NULL,NULL),(479,303,1,'2023-06-13 08:43:30','2023-06-13 08:43:30','08b35716-5a1e-470d-84c8-5e83d8b30b89',NULL,NULL,NULL,'h3','Default style',NULL,NULL),(480,303,2,'2023-06-13 08:43:30','2023-06-13 08:43:30','c09ed506-2993-4e12-aea8-21791ab054a9',NULL,NULL,NULL,'h3','Default style',NULL,NULL),(481,304,1,'2023-06-13 08:43:30','2023-06-13 08:43:30','13e554bc-88c9-414c-9b96-f00278426dd5','Pellentesque auctor','Quisque libero metus, condimentum nec, tempor a, commodo mollis, magna. Ut tincidunt tincidunt erat. Etiam iaculis nunc ac metus. Suspendisse feugiat. Curabitur suscipit suscipit tellus.','default',NULL,NULL,NULL,NULL),(482,304,2,'2023-06-13 08:43:30','2023-06-13 08:43:30','17d1e2b5-d6a5-47ae-b84c-4ace9b4e8ad4','Pellentesque auctor','Quisque libero metus, condimentum nec, tempor a, commodo mollis, magna. Ut tincidunt tincidunt erat. Etiam iaculis nunc ac metus. Suspendisse feugiat. Curabitur suscipit suscipit tellus.','default',NULL,NULL,NULL,NULL),(483,305,1,'2023-06-13 08:43:30','2023-06-13 08:43:30','43dd8339-10d4-422f-911f-80f51cb156d0',NULL,NULL,NULL,'h3','Alternative style',NULL,NULL),(484,305,2,'2023-06-13 08:43:30','2023-06-13 08:43:30','b52de5c1-43ba-417b-a03c-d8e89f1f8602',NULL,NULL,NULL,'h3','Alternative style',NULL,NULL),(485,306,1,'2023-06-13 08:43:30','2023-06-13 08:43:30','029f3b98-35e0-47f7-a079-7593cf8c2708','Praesent vestibulum','Class aptent taciti sociosqu ad litora torquent per conubia nostra, per inceptos hymenaeos. Pellentesque habitant morbi tristique senectus et netus et malesuada fames ac turpis egestas. Etiam sit amet orci eget eros faucibus tincidunt. Fusce neque.','default',NULL,NULL,NULL,NULL),(486,306,2,'2023-06-13 08:43:30','2023-06-13 08:43:30','6e21c012-edb6-4900-8617-83c771197f0a','Praesent vestibulum','Class aptent taciti sociosqu ad litora torquent per conubia nostra, per inceptos hymenaeos. Pellentesque habitant morbi tristique senectus et netus et malesuada fames ac turpis egestas. Etiam sit amet orci eget eros faucibus tincidunt. Fusce neque.','default',NULL,NULL,NULL,NULL),(505,316,1,'2023-06-13 08:46:54','2023-06-13 08:46:54','53f74c91-c735-44d0-813f-3fc6786fc928',NULL,NULL,NULL,'h2','Heading Level 2',NULL,NULL),(506,316,2,'2023-06-13 08:46:54','2023-06-13 08:46:54','9819139a-b497-4fab-bc65-2f31e4f4bc5e',NULL,NULL,NULL,'h2','berschrift Ebene 2',NULL,NULL),(507,317,1,'2023-06-13 08:46:54','2023-06-13 09:32:40','e3e8aeea-8222-4edc-a0c0-e518d9d799eb',NULL,NULL,NULL,'h2','Image',NULL,NULL),(508,317,2,'2023-06-13 08:46:54','2023-06-13 09:32:40','a5cfd02d-596b-49e7-a68e-6ccbfd7aef42',NULL,NULL,NULL,'h2','Bild mit Bildunterschrift und Copyright',NULL,NULL),(509,318,1,'2023-06-13 08:46:54','2023-06-13 09:32:40','9c0de311-1791-4eb9-b1f5-468e374c8f9b',NULL,NULL,NULL,'h3','Heading level 3',NULL,NULL),(510,318,2,'2023-06-13 08:46:54','2023-06-13 09:32:40','28c954e5-55e9-4445-bf0b-0863f7276114',NULL,NULL,NULL,'h3','berschrift Ebene 3',NULL,NULL),(511,319,1,'2023-06-13 08:46:54','2023-06-13 08:46:54','8f2ca484-e71d-4b40-897d-2d23a0dfc726',NULL,NULL,NULL,NULL,NULL,NULL,'Vestibulum fringilla pede sit amet augue. Fusce vel dui. In hac habitasse platea dictumst. Fusce egestas elit eget lorem.\n\nNullam dictum felis eu pede mollis pretium. Nam at tortor in tellus interdum sagittis. Nam eget dui. Nullam sagittis.'),(512,319,2,'2023-06-13 08:46:54','2023-06-13 08:46:54','3f5b5b4b-2cd6-47d2-bc45-2180ff5b0a28',NULL,NULL,NULL,NULL,NULL,NULL,'Vestibulum fringilla pede sit amet augue. Fusce vel dui. In hac habitasse platea dictumst. Fusce egestas elit eget lorem.\n\nNullam dictum felis eu pede mollis pretium. Nam at tortor in tellus interdum sagittis. Nam eget dui. Nullam sagittis.'),(513,320,1,'2023-06-13 08:46:54','2023-06-13 08:46:54','8cfc039b-0595-42c3-ad3f-5234d8769043',NULL,NULL,NULL,'h2','Quotes',NULL,NULL),(514,320,2,'2023-06-13 08:46:54','2023-06-13 08:46:54','656baa30-3441-4334-b8f8-697e4fd17275',NULL,NULL,NULL,'h2','Zitate',NULL,NULL),(515,321,1,'2023-06-13 08:46:54','2023-06-13 08:46:54','899eaa10-f554-4993-9da3-b3deac9c7826',NULL,NULL,NULL,'h3','Default style',NULL,NULL),(516,321,2,'2023-06-13 08:46:54','2023-06-13 08:46:54','ddd2b44e-6d7b-4550-afbe-50dbbf446001',NULL,NULL,NULL,'h3','Standardstil',NULL,NULL),(517,322,1,'2023-06-13 08:46:54','2023-06-13 08:46:54','08fc37c4-fd4a-48c7-a52a-42f3a695e999','Pellentesque auctor','Quisque libero metus, condimentum nec, tempor a, commodo mollis, magna. Ut tincidunt tincidunt erat. Etiam iaculis nunc ac metus. Suspendisse feugiat. Curabitur suscipit suscipit tellus.','default',NULL,NULL,NULL,NULL),(518,322,2,'2023-06-13 08:46:54','2023-06-13 08:46:54','5834c53d-7c88-4b6f-8b06-e152afdf143c','Pellentesque auctor','Quisque libero metus, condimentum nec, tempor a, commodo mollis, magna. Ut tincidunt tincidunt erat. Etiam iaculis nunc ac metus. Suspendisse feugiat. Curabitur suscipit suscipit tellus.','default',NULL,NULL,NULL,NULL),(519,323,1,'2023-06-13 08:46:54','2023-06-13 08:46:54','ce91b376-ce04-4f77-909b-60db952563e7',NULL,NULL,NULL,'h3','Alternative style',NULL,NULL),(520,323,2,'2023-06-13 08:46:54','2023-06-13 08:46:54','ce48a6a5-1de3-42f8-8f49-60de1aeab2aa',NULL,NULL,NULL,'h3','Alternativer Stil',NULL,NULL),(521,324,1,'2023-06-13 08:46:54','2023-06-13 08:46:54','3f55f8d7-d740-4973-bcc1-566b3887ab72','Praesent vestibulum','Class aptent taciti sociosqu ad litora torquent per conubia nostra, per inceptos hymenaeos. Pellentesque habitant morbi tristique senectus et netus et malesuada fames ac turpis egestas. Etiam sit amet orci eget eros faucibus tincidunt. Fusce neque.','bordersTopBottom',NULL,NULL,NULL,NULL),(522,324,2,'2023-06-13 08:46:54','2023-06-13 08:46:54','185e84b9-9754-4b17-86c2-664bdf02a1d4','Praesent vestibulum','Class aptent taciti sociosqu ad litora torquent per conubia nostra, per inceptos hymenaeos. Pellentesque habitant morbi tristique senectus et netus et malesuada fames ac turpis egestas. Etiam sit amet orci eget eros faucibus tincidunt. Fusce neque.','bordersTopBottom',NULL,NULL,NULL,NULL),(523,326,1,'2023-06-13 08:46:54','2023-06-13 08:46:54','c652f0bf-6d90-4fd6-ab44-a410fd42db5f',NULL,NULL,NULL,'h2','Heading Level 2',NULL,NULL),(524,326,2,'2023-06-13 08:46:54','2023-06-13 08:46:54','f26ce21e-6b19-41b4-90a3-e5b42bebbec7',NULL,NULL,NULL,'h2','berschrift Ebene 2',NULL,NULL),(525,327,1,'2023-06-13 08:46:54','2023-06-13 08:46:54','ae15a05c-7119-402c-b719-19473cdfd286',NULL,NULL,NULL,NULL,NULL,NULL,'Text block.\n\nVestibulum facilisis, purus nec pulvinar iaculis, ligula mi congue nunc, vitae euismod ligula urna in dolor. Cras sagittis. Vestibulum ante ipsum primis in faucibus orci luctus et ultrices posuere cubilia Curae; Sed aliquam, nisi quis porttitor congue, elit erat euismod orci, ac placerat dolor lectus quis orci. Pellentesque auctor neque nec urna. Morbi nec metus.\n\n* List Item One\n* List Item Two\n\n[An extenal Link](http://www.example.com)\n\nFusce convallis metus id felis luctus adipiscing. Lorem ipsum dolor sit amet, consectetuer adipiscing elit. In consectetuer turpis ut velit. Fusce neque. Suspendisse nisl elit, rhoncus eget, elementum ac, condimentum eget, diam.'),(526,327,2,'2023-06-13 08:46:54','2023-06-13 08:46:54','4f22d761-f7f6-4449-b7a2-c5097c43b089',NULL,NULL,NULL,NULL,NULL,NULL,'Text block.\n\nVestibulum facilisis, purus nec pulvinar iaculis, ligula mi congue nunc, vitae euismod ligula urna in dolor. Cras sagittis. Vestibulum ante ipsum primis in faucibus orci luctus et ultrices posuere cubilia Curae; Sed aliquam, nisi quis porttitor congue, elit erat euismod orci, ac placerat dolor lectus quis orci. Pellentesque auctor neque nec urna. Morbi nec metus.\n\n* Listenpunkt Eins\n* Listenpunkt Zwei\n\n[Ein externer Link](http://www.example.com)\n\nFusce convallis metus id felis luctus adipiscing. Lorem ipsum dolor sit amet, consectetuer adipiscing elit. In consectetuer turpis ut velit. Fusce neque. Suspendisse nisl elit, rhoncus eget, elementum ac, condimentum eget, diam.'),(527,328,1,'2023-06-13 08:46:54','2023-06-13 08:46:54','aeb4ad5d-602a-4bce-be3b-c0c3b9e9c6ea',NULL,NULL,NULL,'h2','Image',NULL,NULL),(528,328,2,'2023-06-13 08:46:54','2023-06-13 08:46:54','99a736b3-0ddf-4b99-8413-5ac8772cfc4a',NULL,NULL,NULL,'h2','Bild',NULL,NULL),(529,329,1,'2023-06-13 08:46:54','2023-06-13 08:46:54','3b2fe58b-e80f-4c06-94d2-b7c4557adb64',NULL,NULL,NULL,NULL,NULL,'Flowers',NULL),(530,329,2,'2023-06-13 08:46:54','2023-06-13 08:46:54','34bb76ec-3fad-4cd4-b262-16ce65275450',NULL,NULL,NULL,NULL,NULL,'Blumen',NULL),(531,330,1,'2023-06-13 08:46:54','2023-06-13 08:46:54','bb31b955-6312-4603-90cb-9c970492e734',NULL,NULL,NULL,'h2','Maecenas nec odio et ante',NULL,NULL),(532,330,2,'2023-06-13 08:46:54','2023-06-13 08:46:54','effca598-9503-4f88-8421-df53297ca2f5',NULL,NULL,NULL,'h2','Maecenas nec odio et ante',NULL,NULL),(533,331,1,'2023-06-13 08:46:54','2023-06-13 08:46:54','98be034c-47fa-4548-9411-518bc6171cdc',NULL,NULL,NULL,NULL,NULL,NULL,'Vestibulum fringilla pede sit amet augue. Fusce vel dui. In hac habitasse platea dictumst. Fusce egestas elit eget lorem.\n\nNullam dictum felis eu pede mollis pretium. Nam at tortor in tellus interdum sagittis. Nam eget dui. Nullam sagittis.'),(534,331,2,'2023-06-13 08:46:54','2023-06-13 08:46:54','0ca9aa12-417b-493e-9662-67d01fdbe4c2',NULL,NULL,NULL,NULL,NULL,NULL,'Vestibulum fringilla pede sit amet augue. Fusce vel dui. In hac habitasse platea dictumst. Fusce egestas elit eget lorem.\n\nNullam dictum felis eu pede mollis pretium. Nam at tortor in tellus interdum sagittis. Nam eget dui. Nullam sagittis.'),(535,332,1,'2023-06-13 08:46:54','2023-06-13 08:46:54','3c8ea8af-2e81-455e-83c2-14ac09fd67d3',NULL,NULL,NULL,'h2','Quotes',NULL,NULL),(536,332,2,'2023-06-13 08:46:54','2023-06-13 08:46:54','7b4da565-5cf9-40e2-9cca-cea39deb5b14',NULL,NULL,NULL,'h2','Zitate',NULL,NULL),(537,333,1,'2023-06-13 08:46:54','2023-06-13 08:46:54','6da0c865-a255-48f1-95a6-6dca7bd1f109',NULL,NULL,NULL,'h3','Default style',NULL,NULL),(538,333,2,'2023-06-13 08:46:54','2023-06-13 08:46:54','29b4329b-0f58-44ef-82aa-60770739359b',NULL,NULL,NULL,'h3','Standardstil',NULL,NULL),(539,334,1,'2023-06-13 08:46:54','2023-06-13 08:46:54','7b5db04b-0537-4822-8079-65585b80a2f3','Pellentesque auctor','Quisque libero metus, condimentum nec, tempor a, commodo mollis, magna. Ut tincidunt tincidunt erat. Etiam iaculis nunc ac metus. Suspendisse feugiat. Curabitur suscipit suscipit tellus.','default',NULL,NULL,NULL,NULL),(540,334,2,'2023-06-13 08:46:54','2023-06-13 08:46:54','2b21b705-f3ec-45db-9c83-c6c64a08e75f','Pellentesque auctor','Quisque libero metus, condimentum nec, tempor a, commodo mollis, magna. Ut tincidunt tincidunt erat. Etiam iaculis nunc ac metus. Suspendisse feugiat. Curabitur suscipit suscipit tellus.','default',NULL,NULL,NULL,NULL),(541,335,1,'2023-06-13 08:46:54','2023-06-13 08:46:54','39cd4414-5871-415f-b11f-ed50f456c0dd',NULL,NULL,NULL,'h3','Alternative style',NULL,NULL),(542,335,2,'2023-06-13 08:46:54','2023-06-13 08:46:54','87138f34-74c2-48cb-97fa-0c74e97a59fa',NULL,NULL,NULL,'h3','Alternativer Stil',NULL,NULL),(543,336,1,'2023-06-13 08:46:54','2023-06-13 08:46:54','8a5c19f3-6a8a-4c0c-ab07-b4de32997811','Praesent vestibulum','Class aptent taciti sociosqu ad litora torquent per conubia nostra, per inceptos hymenaeos. Pellentesque habitant morbi tristique senectus et netus et malesuada fames ac turpis egestas. Etiam sit amet orci eget eros faucibus tincidunt. Fusce neque.','bordersTopBottom',NULL,NULL,NULL,NULL),(544,336,2,'2023-06-13 08:46:54','2023-06-13 08:46:54','a0e6fa25-17fa-4539-b825-0be334b4a983','Praesent vestibulum','Class aptent taciti sociosqu ad litora torquent per conubia nostra, per inceptos hymenaeos. Pellentesque habitant morbi tristique senectus et netus et malesuada fames ac turpis egestas. Etiam sit amet orci eget eros faucibus tincidunt. Fusce neque.','bordersTopBottom',NULL,NULL,NULL,NULL),(547,340,1,'2023-06-13 08:47:51','2023-06-13 08:47:51','7ab8696b-ca1d-469d-bb61-c46fa1d9191c',NULL,NULL,NULL,'h2','Heading Level 2',NULL,NULL),(548,340,2,'2023-06-13 08:47:51','2023-06-13 08:47:51','165a8290-17cb-4c6e-bedb-cec47a06e0e1',NULL,NULL,NULL,'h2','berschrift Ebene 2',NULL,NULL),(549,341,1,'2023-06-13 08:47:51','2023-06-13 08:47:51','2bdcaff4-32dc-41d6-bf75-cafc452598c5',NULL,NULL,NULL,NULL,NULL,NULL,'**Text block with Markdown.**\n\nVestibulum facilisis, purus nec pulvinar iaculis, ligula mi congue nunc, vitae euismod ligula urna in dolor. Cras sagittis. Vestibulum ante ipsum primis in faucibus orci luctus et ultrices posuere cubilia Curae; Sed aliquam, nisi quis porttitor congue, elit erat euismod orci, ac placerat dolor lectus quis orci. Pellentesque auctor neque nec urna. Morbi nec metus.\n\n* List Item One\n* List Item Two\n\n[An extenal Link](http://www.example.com)\n\nFusce convallis metus id felis luctus adipiscing. Lorem ipsum dolor sit amet, consectetuer adipiscing elit. In consectetuer turpis ut velit. Fusce neque. Suspendisse nisl elit, rhoncus eget, elementum ac, condimentum eget, diam.'),(550,341,2,'2023-06-13 08:47:51','2023-06-13 08:47:51','ec9a8f13-a77e-4569-9ed4-06749653b55a',NULL,NULL,NULL,NULL,NULL,NULL,'**Textblock mit Markdown.**\n\nVestibulum facilisis, purus nec pulvinar iaculis, ligula mi congue nunc, vitae euismod ligula urna in dolor. Cras sagittis. Vestibulum ante ipsum primis in faucibus orci luctus et ultrices posuere cubilia Curae; Sed aliquam, nisi quis porttitor congue, elit erat euismod orci, ac placerat dolor lectus quis orci. Pellentesque auctor neque nec urna. Morbi nec metus.\n\n* Listenpunkt Eins\n* Listenpunkt Zwei\n\n[Ein externer Link](http://www.example.com)\n\nFusce convallis metus id felis luctus adipiscing. Lorem ipsum dolor sit amet, consectetuer adipiscing elit. In consectetuer turpis ut velit. Fusce neque. Suspendisse nisl elit, rhoncus eget, elementum ac, condimentum eget, diam.'),(551,342,1,'2023-06-13 08:47:51','2023-06-13 08:47:51','b17f7489-24fb-4b8e-bd7b-6bdc325f50b7',NULL,NULL,NULL,'h2','Image',NULL,NULL),(552,342,2,'2023-06-13 08:47:51','2023-06-13 08:47:51','77b2dbe0-bd1a-4623-a3d6-5d1564c6c20e',NULL,NULL,NULL,'h2','Bild',NULL,NULL),(553,343,1,'2023-06-13 08:47:51','2023-06-13 08:47:51','744b8151-2d66-4e62-8ca8-4cf0ef50cec6',NULL,NULL,NULL,NULL,NULL,'Flowers',NULL),(554,343,2,'2023-06-13 08:47:51','2023-06-13 08:47:51','c2474f74-fc7f-44a2-951c-4604450dc8c9',NULL,NULL,NULL,NULL,NULL,'Blumen',NULL),(555,344,1,'2023-06-13 08:47:51','2023-06-13 08:47:51','5e94ace9-01f1-42cb-8982-a10656fe0c00',NULL,NULL,NULL,'h2','Maecenas nec odio et ante',NULL,NULL),(556,344,2,'2023-06-13 08:47:51','2023-06-13 08:47:51','40239d75-2435-46cc-b9ff-cd0b5618e428',NULL,NULL,NULL,'h2','Maecenas nec odio et ante',NULL,NULL),(557,345,1,'2023-06-13 08:47:51','2023-06-13 08:47:51','e43a6847-df28-4b67-8399-dec1651469da',NULL,NULL,NULL,NULL,NULL,NULL,'Vestibulum fringilla pede sit amet augue. Fusce vel dui. In hac habitasse platea dictumst. Fusce egestas elit eget lorem.\n\nNullam dictum felis eu pede mollis pretium. Nam at tortor in tellus interdum sagittis. Nam eget dui. Nullam sagittis.'),(558,345,2,'2023-06-13 08:47:51','2023-06-13 08:47:51','e885a595-286a-481b-8a1a-dc59e84c1d9f',NULL,NULL,NULL,NULL,NULL,NULL,'Vestibulum fringilla pede sit amet augue. Fusce vel dui. In hac habitasse platea dictumst. Fusce egestas elit eget lorem.\n\nNullam dictum felis eu pede mollis pretium. Nam at tortor in tellus interdum sagittis. Nam eget dui. Nullam sagittis.'),(559,346,1,'2023-06-13 08:47:51','2023-06-13 08:47:51','0a7e7a44-50ef-460d-877d-59afba3004c4',NULL,NULL,NULL,'h2','Quotes',NULL,NULL),(560,346,2,'2023-06-13 08:47:51','2023-06-13 08:47:51','b23bc3e2-73f8-435b-b174-ffdf806d11a4',NULL,NULL,NULL,'h2','Zitate',NULL,NULL),(561,347,1,'2023-06-13 08:47:51','2023-06-13 08:47:51','ffcd826d-f12b-4acf-a4b2-f7f1cf88c5ca',NULL,NULL,NULL,'h3','Default style',NULL,NULL),(562,347,2,'2023-06-13 08:47:51','2023-06-13 08:47:51','31d81398-2c51-4569-851d-ba2c884d5b42',NULL,NULL,NULL,'h3','Standardstil',NULL,NULL),(563,348,1,'2023-06-13 08:47:51','2023-06-13 08:47:51','d29818f5-e3b7-435b-92c1-c536a865475c','Pellentesque auctor','Quisque libero metus, condimentum nec, tempor a, commodo mollis, magna. Ut tincidunt tincidunt erat. Etiam iaculis nunc ac metus. Suspendisse feugiat. Curabitur suscipit suscipit tellus.','default',NULL,NULL,NULL,NULL),(564,348,2,'2023-06-13 08:47:51','2023-06-13 08:47:51','7cc86d00-b493-445e-b41c-1aaa45a262a8','Pellentesque auctor','Quisque libero metus, condimentum nec, tempor a, commodo mollis, magna. Ut tincidunt tincidunt erat. Etiam iaculis nunc ac metus. Suspendisse feugiat. Curabitur suscipit suscipit tellus.','default',NULL,NULL,NULL,NULL),(565,349,1,'2023-06-13 08:47:51','2023-06-13 08:47:51','a2d443d7-3dcd-4fcb-9de7-2ae98b113b19',NULL,NULL,NULL,'h3','Alternative style',NULL,NULL),(566,349,2,'2023-06-13 08:47:51','2023-06-13 08:47:51','17dc62c1-6d2a-403f-b861-e967164f5ae5',NULL,NULL,NULL,'h3','Alternativer Stil',NULL,NULL),(567,350,1,'2023-06-13 08:47:51','2023-06-13 08:47:51','8256d399-be67-4da1-896b-786d6d5bb206','Praesent vestibulum','Class aptent taciti sociosqu ad litora torquent per conubia nostra, per inceptos hymenaeos. Pellentesque habitant morbi tristique senectus et netus et malesuada fames ac turpis egestas. Etiam sit amet orci eget eros faucibus tincidunt. Fusce neque.','bordersTopBottom',NULL,NULL,NULL,NULL),(568,350,2,'2023-06-13 08:47:51','2023-06-13 08:47:51','fc2a3c1f-8f6c-41b5-aa90-1640a683277e','Praesent vestibulum','Class aptent taciti sociosqu ad litora torquent per conubia nostra, per inceptos hymenaeos. Pellentesque habitant morbi tristique senectus et netus et malesuada fames ac turpis egestas. Etiam sit amet orci eget eros faucibus tincidunt. Fusce neque.','bordersTopBottom',NULL,NULL,NULL,NULL),(569,355,1,'2023-06-13 08:51:56','2023-06-13 08:51:56','19bb0412-8f7e-4a1b-af00-24cdd75fa16f',NULL,NULL,NULL,'h2',NULL,NULL,NULL),(570,355,2,'2023-06-13 08:51:56','2023-06-13 08:51:56','e65914b8-920c-4de8-a86c-f3217d1c1fa9',NULL,NULL,NULL,'h2',NULL,NULL,NULL),(571,356,1,'2023-06-13 08:52:02','2023-06-13 08:52:02','f45ee2a5-86ef-4f54-a9bb-2a6bff0761d7',NULL,NULL,NULL,'h2','Who we are',NULL,NULL),(572,356,2,'2023-06-13 08:52:02','2023-06-13 08:52:02','55f2c305-6f4b-4484-9adf-739bfe6e3fd1',NULL,NULL,NULL,'h2','Who we are',NULL,NULL),(573,357,1,'2023-06-13 08:52:03','2023-06-13 08:52:03','a41f62ba-928f-4431-8d6f-b64c90dd0dea',NULL,NULL,NULL,'h2','Who we are',NULL,NULL),(574,357,2,'2023-06-13 08:52:03','2023-06-13 08:52:03','3614e8da-7fa5-4a29-a576-160d16eb42b0',NULL,NULL,NULL,'h2','Who we are',NULL,NULL),(575,358,1,'2023-06-13 08:52:03','2023-06-13 08:52:03','37a81ef2-7644-4c2b-96d7-00d443ffb69b',NULL,NULL,NULL,NULL,NULL,NULL,NULL),(576,358,2,'2023-06-13 08:52:03','2023-06-13 08:52:03','d7e42ab9-2fc0-4acb-a173-1d2df7f0f382',NULL,NULL,NULL,NULL,NULL,NULL,NULL),(577,359,1,'2023-06-13 08:52:08','2023-06-13 08:52:29','0e8ea69e-a563-45c1-93b1-71a04402b866',NULL,NULL,NULL,'h2','Who we are',NULL,NULL),(578,359,2,'2023-06-13 08:52:08','2023-06-13 08:52:29','eb4e19e8-a7a6-41ee-a61f-7c9a94450140',NULL,NULL,NULL,'h2','Wer wir sind',NULL,NULL),(579,360,1,'2023-06-13 08:52:08','2023-06-13 08:52:08','11bd3d64-3074-47be-b904-bc89ebbc1a7c',NULL,NULL,NULL,NULL,NULL,NULL,'Morbi vestibulum volutpat enim. Cras id dui. In ut quam vitae odio lacinia tincidunt. Integer tincidunt.\n\nFusce risus nisl, viverra et, tempor et, pretium in, sapien. Pellentesque auctor neque nec urna. Vivamus laoreet. Morbi nec metus.\n\nFusce vulputate eleifend sapien. Fusce vel dui. Proin sapien ipsum, porta a, auctor quis, euismod ut, mi. Fusce risus nisl, viverra et, tempor et, pretium in, sapien.'),(580,360,2,'2023-06-13 08:52:08','2023-06-13 08:52:08','993ee6f9-a045-4e50-87a6-5cbeac3f3075',NULL,NULL,NULL,NULL,NULL,NULL,'Morbi vestibulum volutpat enim. Cras id dui. In ut quam vitae odio lacinia tincidunt. Integer tincidunt.\n\nFusce risus nisl, viverra et, tempor et, pretium in, sapien. Pellentesque auctor neque nec urna. Vivamus laoreet. Morbi nec metus.\n\nFusce vulputate eleifend sapien. Fusce vel dui. Proin sapien ipsum, porta a, auctor quis, euismod ut, mi. Fusce risus nisl, viverra et, tempor et, pretium in, sapien.'),(581,361,2,'2023-06-13 08:52:43','2023-06-13 08:52:43','b1eda537-af29-48ae-8ded-fdb82e962f6a',NULL,NULL,NULL,NULL,NULL,NULL,NULL),(582,361,1,'2023-06-13 08:52:43','2023-06-13 08:52:43','21b1f12c-80b9-4fc5-99fe-5072a0202ca7',NULL,NULL,NULL,NULL,NULL,NULL,NULL),(583,362,2,'2023-06-13 08:52:47','2023-06-13 08:52:47','424c98be-70e5-4bf1-8808-549366aa62a7',NULL,NULL,NULL,NULL,NULL,NULL,'Aenean commodo ligula eget dolor. In ut quam vitae odio lacinia tincidunt. Ut id nisl quis enim dignissim sagittis. Sed hendrerit. Fusce fermentum odio nec arcu.'),(584,362,1,'2023-06-13 08:52:47','2023-06-13 08:52:47','37750c0a-82ac-4176-bcf5-078cb659d437',NULL,NULL,NULL,NULL,NULL,NULL,'Aenean commodo ligula eget dolor. In ut quam vitae odio lacinia tincidunt. Ut id nisl quis enim dignissim sagittis. Sed hendrerit. Fusce fermentum odio nec arcu.'),(585,364,2,'2023-06-13 08:53:11','2023-06-13 08:53:11','a9470046-d05b-4ebc-9cf1-58e16f5c0c69',NULL,NULL,NULL,NULL,NULL,NULL,'Aenean commodo ligula eget dolor. In ut quam vitae odio lacinia tincidunt. Ut id nisl quis enim dignissim sagittis. Sed hendrerit. Fusce fermentum odio nec arcu.'),(586,364,1,'2023-06-13 08:53:11','2023-06-13 08:53:11','da806159-e56c-435a-9d16-97ab256ffdd9',NULL,NULL,NULL,NULL,NULL,NULL,'Aenean commodo ligula eget dolor. In ut quam vitae odio lacinia tincidunt. Ut id nisl quis enim dignissim sagittis. Sed hendrerit. Fusce fermentum odio nec arcu.'),(587,365,2,'2023-06-13 08:53:12','2023-06-13 08:53:12','b58d16ee-15b8-4a73-af76-ae6bd56740db',NULL,NULL,NULL,'h2','Wer wir sind',NULL,NULL),(588,365,1,'2023-06-13 08:53:12','2023-06-13 08:53:12','92d365e9-3ad3-4423-9769-d8993befef53',NULL,NULL,NULL,'h2','Who we are',NULL,NULL),(589,366,2,'2023-06-13 08:53:12','2023-06-13 08:53:12','19b96a08-3e46-484b-8497-283b187bd43d',NULL,NULL,NULL,NULL,NULL,NULL,'Morbi vestibulum volutpat enim. Cras id dui. In ut quam vitae odio lacinia tincidunt. Integer tincidunt.\n\nFusce risus nisl, viverra et, tempor et, pretium in, sapien. Pellentesque auctor neque nec urna. Vivamus laoreet. Morbi nec metus.\n\nFusce vulputate eleifend sapien. Fusce vel dui. Proin sapien ipsum, porta a, auctor quis, euismod ut, mi. Fusce risus nisl, viverra et, tempor et, pretium in, sapien.'),(590,366,1,'2023-06-13 08:53:12','2023-06-13 08:53:12','d79ffe6c-e860-424b-b1b9-394da649fa3f',NULL,NULL,NULL,NULL,NULL,NULL,'Morbi vestibulum volutpat enim. Cras id dui. In ut quam vitae odio lacinia tincidunt. Integer tincidunt.\n\nFusce risus nisl, viverra et, tempor et, pretium in, sapien. Pellentesque auctor neque nec urna. Vivamus laoreet. Morbi nec metus.\n\nFusce vulputate eleifend sapien. Fusce vel dui. Proin sapien ipsum, porta a, auctor quis, euismod ut, mi. Fusce risus nisl, viverra et, tempor et, pretium in, sapien.'),(591,369,1,'2023-06-13 09:24:05','2023-06-13 09:24:05','1b3f03cc-a499-4143-955f-f665e8c1abb7',NULL,NULL,NULL,NULL,NULL,NULL,'Aenean commodo ligula eget dolor. In ut quam vitae odio lacinia tincidunt. Ut id nisl quis enim dignissim sagittis. Sed hendrerit. Fusce fermentum odio nec arcu.'),(592,369,2,'2023-06-13 09:24:05','2023-06-13 09:24:05','2454c03a-bfb3-457b-8536-c86ca2466718',NULL,NULL,NULL,NULL,NULL,NULL,'Aenean commodo ligula eget dolor. In ut quam vitae odio lacinia tincidunt. Ut id nisl quis enim dignissim sagittis. Sed hendrerit. Fusce fermentum odio nec arcu.'),(593,370,1,'2023-06-13 09:24:05','2023-06-13 09:24:05','724b2994-5a05-4e88-8eef-77cf2b10f8ef',NULL,NULL,NULL,'h2','Who we are',NULL,NULL),(594,370,2,'2023-06-13 09:24:05','2023-06-13 09:24:05','cbc611e9-7e04-4bcc-9bf4-78b93012cf0e',NULL,NULL,NULL,'h2','Wer wir sind',NULL,NULL),(595,371,1,'2023-06-13 09:24:05','2023-06-13 09:24:05','ccfaa21b-389b-4671-b447-e9c1a2b1c71b',NULL,NULL,NULL,NULL,NULL,NULL,'Morbi vestibulum volutpat enim. Cras id dui. In ut quam vitae odio lacinia tincidunt. Integer tincidunt.\n\nFusce risus nisl, viverra et, tempor et, pretium in, sapien. Pellentesque auctor neque nec urna. Vivamus laoreet. Morbi nec metus.\n\nFusce vulputate eleifend sapien. Fusce vel dui. Proin sapien ipsum, porta a, auctor quis, euismod ut, mi. Fusce risus nisl, viverra et, tempor et, pretium in, sapien.'),(596,371,2,'2023-06-13 09:24:05','2023-06-13 09:24:05','bdb76912-2184-430f-9e75-9cf50b133e44',NULL,NULL,NULL,NULL,NULL,NULL,'Morbi vestibulum volutpat enim. Cras id dui. In ut quam vitae odio lacinia tincidunt. Integer tincidunt.\n\nFusce risus nisl, viverra et, tempor et, pretium in, sapien. Pellentesque auctor neque nec urna. Vivamus laoreet. Morbi nec metus.\n\nFusce vulputate eleifend sapien. Fusce vel dui. Proin sapien ipsum, porta a, auctor quis, euismod ut, mi. Fusce risus nisl, viverra et, tempor et, pretium in, sapien.'),(597,374,1,'2023-06-13 09:24:58','2023-06-13 09:24:58','0d1eb0df-f22e-4140-8b80-cd79a8e48a62',NULL,NULL,NULL,NULL,NULL,NULL,'Aenean commodo ligula eget dolor. In ut quam vitae odio lacinia tincidunt. Ut id nisl quis enim dignissim sagittis. Sed hendrerit. Fusce fermentum odio nec arcu.'),(598,374,2,'2023-06-13 09:24:58','2023-06-13 09:24:58','a4857ac7-ff20-4e60-9d0c-57bb56335618',NULL,NULL,NULL,NULL,NULL,NULL,'Aenean commodo ligula eget dolor. In ut quam vitae odio lacinia tincidunt. Ut id nisl quis enim dignissim sagittis. Sed hendrerit. Fusce fermentum odio nec arcu.'),(599,375,1,'2023-06-13 09:24:58','2023-06-13 09:24:58','565b50ff-058d-4897-8944-41218e024a5a',NULL,NULL,NULL,'h2','Who we are',NULL,NULL),(600,375,2,'2023-06-13 09:24:58','2023-06-13 09:24:58','31ec247c-f667-4815-9589-be0307766f01',NULL,NULL,NULL,'h2','Wer wir sind',NULL,NULL),(601,376,1,'2023-06-13 09:24:58','2023-06-13 09:24:58','73e8721e-9d39-4c8f-9e4c-8952ec6cc1e9',NULL,NULL,NULL,NULL,NULL,NULL,'Morbi vestibulum volutpat enim. Cras id dui. In ut quam vitae odio lacinia tincidunt. Integer tincidunt.\n\nFusce risus nisl, viverra et, tempor et, pretium in, sapien. Pellentesque auctor neque nec urna. Vivamus laoreet. Morbi nec metus.\n\nFusce vulputate eleifend sapien. Fusce vel dui. Proin sapien ipsum, porta a, auctor quis, euismod ut, mi. Fusce risus nisl, viverra et, tempor et, pretium in, sapien.'),(602,376,2,'2023-06-13 09:24:58','2023-06-13 09:24:58','54104e04-9fbb-4253-a0c6-e5ee976cc6a1',NULL,NULL,NULL,NULL,NULL,NULL,'Morbi vestibulum volutpat enim. Cras id dui. In ut quam vitae odio lacinia tincidunt. Integer tincidunt.\n\nFusce risus nisl, viverra et, tempor et, pretium in, sapien. Pellentesque auctor neque nec urna. Vivamus laoreet. Morbi nec metus.\n\nFusce vulputate eleifend sapien. Fusce vel dui. Proin sapien ipsum, porta a, auctor quis, euismod ut, mi. Fusce risus nisl, viverra et, tempor et, pretium in, sapien.'),(607,380,2,'2023-06-13 09:31:23','2023-06-13 09:31:23','f77da454-c396-4b44-8dc1-a58c4a076917',NULL,NULL,NULL,NULL,NULL,NULL,NULL),(608,380,1,'2023-06-13 09:31:23','2023-06-13 09:31:23','90578667-58b7-4b0e-8793-de1fe253b360',NULL,NULL,NULL,NULL,NULL,NULL,NULL),(609,381,2,'2023-06-13 09:31:27','2023-06-13 09:31:27','b1ca89e1-dd19-4949-af1d-fa9c8f6d4a0a',NULL,NULL,NULL,NULL,NULL,NULL,'Aenean ut eros et nisl sagittis vestibulum. Phasellus nec sem in justo pellentesque facilisis. Vestibulum facilisis, purus nec pulvinar iaculis, ligula mi congue nunc, vitae euismod ligula urna in dolor. Vestibulum volutpat pretium libero. Fusce ac felis sit amet ligula pharetra condimentum.\n\nCurabitur ullamcorper ultricies nisi. Etiam imperdiet imperdiet orci. Proin faucibus arcu quis ante. Maecenas nec odio et ante tincidunt tempus. Suspendisse nisl elit, rhoncus eget, elementum ac, condimentum eget, diam.\n\nPhasellus accumsan cursus velit. Suspendisse nisl elit, rhoncus eget, elementum ac, condimentum eget, diam. Quisque malesuada placerat nisl. Morbi vestibulum volutpat enim. Vestibulum ullamcorper mauris at ligula.'),(610,381,1,'2023-06-13 09:31:27','2023-06-13 09:31:27','65c7b975-6ccb-4528-bcb8-d68884a99a2a',NULL,NULL,NULL,NULL,NULL,NULL,'Aenean ut eros et nisl sagittis vestibulum. Phasellus nec sem in justo pellentesque facilisis. Vestibulum facilisis, purus nec pulvinar iaculis, ligula mi congue nunc, vitae euismod ligula urna in dolor. Vestibulum volutpat pretium libero. Fusce ac felis sit amet ligula pharetra condimentum.\n\nCurabitur ullamcorper ultricies nisi. Etiam imperdiet imperdiet orci. Proin faucibus arcu quis ante. Maecenas nec odio et ante tincidunt tempus. Suspendisse nisl elit, rhoncus eget, elementum ac, condimentum eget, diam.\n\nPhasellus accumsan cursus velit. Suspendisse nisl elit, rhoncus eget, elementum ac, condimentum eget, diam. Quisque malesuada placerat nisl. Morbi vestibulum volutpat enim. Vestibulum ullamcorper mauris at ligula.'),(611,382,2,'2023-06-13 09:31:38','2023-06-13 09:31:38','cb8f529b-ba5d-4a82-9d22-5b145c38e4f3',NULL,NULL,NULL,NULL,NULL,NULL,'Aenean ut eros et nisl sagittis vestibulum. Phasellus nec sem in justo pellentesque facilisis. Vestibulum facilisis, purus nec pulvinar iaculis, ligula mi congue nunc, vitae euismod ligula urna in dolor. Vestibulum volutpat pretium libero. Fusce ac felis sit amet ligula pharetra condimentum.\n\nCurabitur ullamcorper ultricies nisi. Etiam imperdiet imperdiet orci. Proin faucibus arcu quis ante. Maecenas nec odio et ante tincidunt tempus. Suspendisse nisl elit, rhoncus eget, elementum ac, condimentum eget, diam.\n\nPhasellus accumsan cursus velit. Suspendisse nisl elit, rhoncus eget, elementum ac, condimentum eget, diam. Quisque malesuada placerat nisl. Morbi vestibulum volutpat enim. Vestibulum ullamcorper mauris at ligula.'),(612,382,1,'2023-06-13 09:31:38','2023-06-13 09:31:38','813b0602-d4d8-48b6-8164-04e7ebc4e68b',NULL,NULL,NULL,NULL,NULL,NULL,'Aenean ut eros et nisl sagittis vestibulum. Phasellus nec sem in justo pellentesque facilisis. Vestibulum facilisis, purus nec pulvinar iaculis, ligula mi congue nunc, vitae euismod ligula urna in dolor. Vestibulum volutpat pretium libero. Fusce ac felis sit amet ligula pharetra condimentum.\n\nCurabitur ullamcorper ultricies nisi. Etiam imperdiet imperdiet orci. Proin faucibus arcu quis ante. Maecenas nec odio et ante tincidunt tempus. Suspendisse nisl elit, rhoncus eget, elementum ac, condimentum eget, diam.\n\nPhasellus accumsan cursus velit. Suspendisse nisl elit, rhoncus eget, elementum ac, condimentum eget, diam. Quisque malesuada placerat nisl. Morbi vestibulum volutpat enim. Vestibulum ullamcorper mauris at ligula.'),(613,383,2,'2023-06-13 09:31:51','2023-06-13 09:31:51','1a851fc5-fb51-43d1-b949-4bc1f6161329',NULL,NULL,NULL,NULL,NULL,NULL,'Aenean ut eros et nisl sagittis vestibulum. Phasellus nec sem in justo pellentesque facilisis. Vestibulum facilisis, purus nec pulvinar iaculis, ligula mi congue nunc, vitae euismod ligula urna in dolor. Vestibulum volutpat pretium libero. Fusce ac felis sit amet ligula pharetra condimentum.'),(614,383,1,'2023-06-13 09:31:51','2023-06-13 09:31:51','ae2fd125-76ca-45dd-9671-14f562df9608',NULL,NULL,NULL,NULL,NULL,NULL,'Aenean ut eros et nisl sagittis vestibulum. Phasellus nec sem in justo pellentesque facilisis. Vestibulum facilisis, purus nec pulvinar iaculis, ligula mi congue nunc, vitae euismod ligula urna in dolor. Vestibulum volutpat pretium libero. Fusce ac felis sit amet ligula pharetra condimentum.'),(615,384,2,'2023-06-13 09:31:57','2023-06-13 09:31:57','6847bc96-8d37-4c39-8cbf-f7579b6eae2e',NULL,NULL,NULL,NULL,NULL,NULL,'Aenean ut eros et nisl sagittis vestibulum. Phasellus nec sem in justo pellentesque facilisis. Vestibulum facilisis, purus nec pulvinar iaculis, ligula mi congue nunc, vitae euismod ligula urna in dolor. Vestibulum volutpat pretium libero. Fusce ac felis sit amet ligula pharetra condimentum.'),(616,384,1,'2023-06-13 09:31:57','2023-06-13 09:31:57','182c2815-e682-443e-8f30-706de558e0e6',NULL,NULL,NULL,NULL,NULL,NULL,'Aenean ut eros et nisl sagittis vestibulum. Phasellus nec sem in justo pellentesque facilisis. Vestibulum facilisis, purus nec pulvinar iaculis, ligula mi congue nunc, vitae euismod ligula urna in dolor. Vestibulum volutpat pretium libero. Fusce ac felis sit amet ligula pharetra condimentum.'),(617,385,2,'2023-06-13 09:31:57','2023-06-13 09:31:57','7a12639e-0c09-4937-b6f1-8a649551140c',NULL,NULL,NULL,NULL,NULL,NULL,NULL),(618,385,1,'2023-06-13 09:31:57','2023-06-13 09:31:57','e648b4df-ba07-4e1e-bf50-c8a011d077f8',NULL,NULL,NULL,NULL,NULL,NULL,NULL),(619,386,2,'2023-06-13 09:32:01','2023-06-13 09:32:01','211b7d2f-848f-49d6-ab39-1f67f4623650',NULL,NULL,NULL,NULL,NULL,NULL,'Aenean ut eros et nisl sagittis vestibulum. Phasellus nec sem in justo pellentesque facilisis. Vestibulum facilisis, purus nec pulvinar iaculis, ligula mi congue nunc, vitae euismod ligula urna in dolor. Vestibulum volutpat pretium libero. Fusce ac felis sit amet ligula pharetra condimentum.'),(620,386,1,'2023-06-13 09:32:01','2023-06-13 09:32:01','3179fe06-6dce-440a-9322-bc3f2d9dd804',NULL,NULL,NULL,NULL,NULL,NULL,'Aenean ut eros et nisl sagittis vestibulum. Phasellus nec sem in justo pellentesque facilisis. Vestibulum facilisis, purus nec pulvinar iaculis, ligula mi congue nunc, vitae euismod ligula urna in dolor. Vestibulum volutpat pretium libero. Fusce ac felis sit amet ligula pharetra condimentum.'),(621,387,2,'2023-06-13 09:32:01','2023-06-13 09:32:01','a47bcd3e-7721-4bc2-b485-7d4d49d15c9d',NULL,NULL,NULL,NULL,NULL,NULL,'Cras sagittis. Mauris turpis nunc, blandit et, volutpat molestie, porta ut, ligula. Sed magna purus, fermentum eu, tincidunt eu, varius ut, felis. Nam at tortor in tellus interdum sagittis.'),(622,387,1,'2023-06-13 09:32:01','2023-06-13 09:32:01','86489014-ca9e-4e84-8925-c56b18ed3cba',NULL,NULL,NULL,NULL,NULL,NULL,'Cras sagittis. Mauris turpis nunc, blandit et, volutpat molestie, porta ut, ligula. Sed magna purus, fermentum eu, tincidunt eu, varius ut, felis. Nam at tortor in tellus interdum sagittis.'),(623,388,2,'2023-06-13 09:32:11','2023-06-13 09:32:11','3965a88b-abf0-4dc3-8f18-586ffc5d4ba9',NULL,NULL,NULL,NULL,NULL,NULL,NULL),(624,388,1,'2023-06-13 09:32:11','2023-06-13 09:32:11','7b9a5d02-2c51-48e9-8a06-55aeb39d19a5',NULL,NULL,NULL,NULL,NULL,NULL,NULL),(625,389,2,'2023-06-13 09:32:11','2023-06-13 09:32:11','cf3c08c2-113e-46f2-b899-79ffbae64917',NULL,NULL,NULL,NULL,NULL,NULL,'Aenean ut eros et nisl sagittis vestibulum. Phasellus nec sem in justo pellentesque facilisis. Vestibulum facilisis, purus nec pulvinar iaculis, ligula mi congue nunc, vitae euismod ligula urna in dolor. Vestibulum volutpat pretium libero. Fusce ac felis sit amet ligula pharetra condimentum.'),(626,389,1,'2023-06-13 09:32:11','2023-06-13 09:32:11','f6724ac6-edfe-4bb0-b5f7-3f55248f9748',NULL,NULL,NULL,NULL,NULL,NULL,'Aenean ut eros et nisl sagittis vestibulum. Phasellus nec sem in justo pellentesque facilisis. Vestibulum facilisis, purus nec pulvinar iaculis, ligula mi congue nunc, vitae euismod ligula urna in dolor. Vestibulum volutpat pretium libero. Fusce ac felis sit amet ligula pharetra condimentum.'),(627,390,2,'2023-06-13 09:32:11','2023-06-13 09:32:11','cb44ea93-a72b-4b19-85e6-8985c5743d95',NULL,NULL,NULL,NULL,NULL,NULL,'Cras sagittis. Mauris turpis nunc, blandit et, volutpat molestie, porta ut, ligula. Sed magna purus, fermentum eu, tincidunt eu, varius ut, felis. Nam at tortor in tellus interdum sagittis.'),(628,390,1,'2023-06-13 09:32:11','2023-06-13 09:32:11','e2d5d527-a8a9-4484-9cf4-1e1e8788b881',NULL,NULL,NULL,NULL,NULL,NULL,'Cras sagittis. Mauris turpis nunc, blandit et, volutpat molestie, porta ut, ligula. Sed magna purus, fermentum eu, tincidunt eu, varius ut, felis. Nam at tortor in tellus interdum sagittis.'),(629,391,2,'2023-06-13 09:32:15','2023-06-13 09:32:15','720c2154-8671-4ad0-a530-67c35d6b73e7',NULL,NULL,NULL,NULL,NULL,NULL,'Vestibulum ante ipsum primis in faucibus orci luctus et ultrices posuere cubilia Curae; Fusce id purus. In turpis. Nam eget dui. Donec vitae orci sed dolor rutrum auctor.'),(630,391,1,'2023-06-13 09:32:15','2023-06-13 09:32:15','a60bc9be-59eb-4665-a8c9-e90b3026b82e',NULL,NULL,NULL,NULL,NULL,NULL,'Vestibulum ante ipsum primis in faucibus orci luctus et ultrices posuere cubilia Curae; Fusce id purus. In turpis. Nam eget dui. Donec vitae orci sed dolor rutrum auctor.'),(631,392,2,'2023-06-13 09:32:15','2023-06-13 09:32:15','d24d84c3-14f9-4665-8a84-4da0f0fd9715',NULL,NULL,NULL,NULL,NULL,NULL,'Aenean ut eros et nisl sagittis vestibulum. Phasellus nec sem in justo pellentesque facilisis. Vestibulum facilisis, purus nec pulvinar iaculis, ligula mi congue nunc, vitae euismod ligula urna in dolor. Vestibulum volutpat pretium libero. Fusce ac felis sit amet ligula pharetra condimentum.'),(632,392,1,'2023-06-13 09:32:15','2023-06-13 09:32:15','35acb140-1556-4740-8613-082f20a7d129',NULL,NULL,NULL,NULL,NULL,NULL,'Aenean ut eros et nisl sagittis vestibulum. Phasellus nec sem in justo pellentesque facilisis. Vestibulum facilisis, purus nec pulvinar iaculis, ligula mi congue nunc, vitae euismod ligula urna in dolor. Vestibulum volutpat pretium libero. Fusce ac felis sit amet ligula pharetra condimentum.'),(633,393,2,'2023-06-13 09:32:15','2023-06-13 09:32:15','b8b31b5c-22cc-4de7-bb44-875d4ded00b9',NULL,NULL,NULL,NULL,NULL,NULL,'Cras sagittis. Mauris turpis nunc, blandit et, volutpat molestie, porta ut, ligula. Sed magna purus, fermentum eu, tincidunt eu, varius ut, felis. Nam at tortor in tellus interdum sagittis.'),(634,393,1,'2023-06-13 09:32:16','2023-06-13 09:32:16','fad9a996-323a-41a1-86c4-d95eb41f63d6',NULL,NULL,NULL,NULL,NULL,NULL,'Cras sagittis. Mauris turpis nunc, blandit et, volutpat molestie, porta ut, ligula. Sed magna purus, fermentum eu, tincidunt eu, varius ut, felis. Nam at tortor in tellus interdum sagittis.'),(635,394,2,'2023-06-13 09:32:26','2023-06-13 09:32:26','78990aee-6cad-4379-8b0d-cf71847ada3d',NULL,NULL,NULL,NULL,NULL,NULL,'Vestibulum ante ipsum primis in faucibus orci luctus et ultrices posuere cubilia Curae; Fusce id purus. In turpis. Nam eget dui. Donec vitae orci sed dolor rutrum auctor.'),(636,394,1,'2023-06-13 09:32:26','2023-06-13 09:32:26','dea6c0d4-5f7d-4fc2-b940-840bb8829907',NULL,NULL,NULL,NULL,NULL,NULL,'Vestibulum ante ipsum primis in faucibus orci luctus et ultrices posuere cubilia Curae; Fusce id purus. In turpis. Nam eget dui. Donec vitae orci sed dolor rutrum auctor.'),(637,395,2,'2023-06-13 09:32:26','2023-06-13 09:32:26','65df727d-c7fc-438b-abf5-34492f5f24a9',NULL,NULL,NULL,NULL,NULL,NULL,NULL),(638,395,1,'2023-06-13 09:32:26','2023-06-13 09:32:26','5ca81451-8083-4bcd-9725-c85c7af6effa',NULL,NULL,NULL,NULL,NULL,NULL,NULL),(639,396,2,'2023-06-13 09:32:26','2023-06-13 09:32:26','59963473-5bfc-47df-af76-f130947dee8a',NULL,NULL,NULL,NULL,NULL,NULL,'Aenean ut eros et nisl sagittis vestibulum. Phasellus nec sem in justo pellentesque facilisis. Vestibulum facilisis, purus nec pulvinar iaculis, ligula mi congue nunc, vitae euismod ligula urna in dolor. Vestibulum volutpat pretium libero. Fusce ac felis sit amet ligula pharetra condimentum.'),(640,396,1,'2023-06-13 09:32:26','2023-06-13 09:32:26','51885e64-dd72-49ea-9fcc-94c0be3f91e2',NULL,NULL,NULL,NULL,NULL,NULL,'Aenean ut eros et nisl sagittis vestibulum. Phasellus nec sem in justo pellentesque facilisis. Vestibulum facilisis, purus nec pulvinar iaculis, ligula mi congue nunc, vitae euismod ligula urna in dolor. Vestibulum volutpat pretium libero. Fusce ac felis sit amet ligula pharetra condimentum.'),(641,397,2,'2023-06-13 09:32:26','2023-06-13 09:32:26','5a2b22df-72bc-4bad-838c-da4e74febea1',NULL,NULL,NULL,NULL,NULL,NULL,'Cras sagittis. Mauris turpis nunc, blandit et, volutpat molestie, porta ut, ligula. Sed magna purus, fermentum eu, tincidunt eu, varius ut, felis. Nam at tortor in tellus interdum sagittis.'),(642,397,1,'2023-06-13 09:32:26','2023-06-13 09:32:26','ba55a84a-b81e-4abd-9d23-103a1ee3ac07',NULL,NULL,NULL,NULL,NULL,NULL,'Cras sagittis. Mauris turpis nunc, blandit et, volutpat molestie, porta ut, ligula. Sed magna purus, fermentum eu, tincidunt eu, varius ut, felis. Nam at tortor in tellus interdum sagittis.'),(651,402,2,'2023-06-13 09:32:40','2023-06-13 09:32:40','2649c87f-7b38-4c20-b595-7b4c7bca4d18',NULL,NULL,NULL,NULL,NULL,NULL,'Vestibulum ante ipsum primis in faucibus orci luctus et ultrices posuere cubilia Curae; Fusce id purus. In turpis. Nam eget dui. Donec vitae orci sed dolor rutrum auctor.'),(652,402,1,'2023-06-13 09:32:40','2023-06-13 09:32:40','b1f945eb-7f11-4531-82ac-d0c1354f9ac3',NULL,NULL,NULL,NULL,NULL,NULL,'Vestibulum ante ipsum primis in faucibus orci luctus et ultrices posuere cubilia Curae; Fusce id purus. In turpis. Nam eget dui. Donec vitae orci sed dolor rutrum auctor.'),(653,403,2,'2023-06-13 09:32:40','2023-06-13 09:32:40','ecb03590-abe3-46f1-a8b8-f373450c28c2',NULL,NULL,NULL,NULL,NULL,NULL,'Integer tincidunt. Phasellus tempus. Mauris sollicitudin fermentum libero. Maecenas vestibulum mollis diam.'),(654,403,1,'2023-06-13 09:32:40','2023-06-13 09:32:40','c0176cbd-1d50-434f-af94-01c3c52dfefe',NULL,NULL,NULL,NULL,NULL,NULL,'Integer tincidunt. Phasellus tempus. Mauris sollicitudin fermentum libero. Maecenas vestibulum mollis diam.'),(655,404,2,'2023-06-13 09:32:40','2023-06-13 09:32:40','1e71ca46-c69e-49ca-b3e6-f883159c2d81',NULL,NULL,NULL,NULL,NULL,NULL,'Aenean ut eros et nisl sagittis vestibulum. Phasellus nec sem in justo pellentesque facilisis. Vestibulum facilisis, purus nec pulvinar iaculis, ligula mi congue nunc, vitae euismod ligula urna in dolor. Vestibulum volutpat pretium libero. Fusce ac felis sit amet ligula pharetra condimentum.'),(656,404,1,'2023-06-13 09:32:40','2023-06-13 09:32:40','96899d88-ab4d-44a6-abad-d0275af0e5a1',NULL,NULL,NULL,NULL,NULL,NULL,'Aenean ut eros et nisl sagittis vestibulum. Phasellus nec sem in justo pellentesque facilisis. Vestibulum facilisis, purus nec pulvinar iaculis, ligula mi congue nunc, vitae euismod ligula urna in dolor. Vestibulum volutpat pretium libero. Fusce ac felis sit amet ligula pharetra condimentum.'),(657,405,2,'2023-06-13 09:32:40','2023-06-13 09:32:40','c7805365-620b-4390-84c3-aa8d3c8c4edf',NULL,NULL,NULL,NULL,NULL,NULL,'Cras sagittis. Mauris turpis nunc, blandit et, volutpat molestie, porta ut, ligula. Sed magna purus, fermentum eu, tincidunt eu, varius ut, felis. Nam at tortor in tellus interdum sagittis.'),(658,405,1,'2023-06-13 09:32:40','2023-06-13 09:32:40','a644545a-2a70-4138-b092-bd21d5e4295d',NULL,NULL,NULL,NULL,NULL,NULL,'Cras sagittis. Mauris turpis nunc, blandit et, volutpat molestie, porta ut, ligula. Sed magna purus, fermentum eu, tincidunt eu, varius ut, felis. Nam at tortor in tellus interdum sagittis.'),(659,407,2,'2023-06-13 09:32:40','2023-06-13 09:32:40','535d012b-0961-48eb-8ebe-0ac5e26ba147',NULL,NULL,NULL,'h2','berschrift Ebene 2',NULL,NULL),(660,407,1,'2023-06-13 09:32:40','2023-06-13 09:32:40','ca0111bb-855d-45d7-8db7-adcef999a08a',NULL,NULL,NULL,'h2','Heading Level 2',NULL,NULL),(661,408,2,'2023-06-13 09:32:41','2023-06-13 09:32:41','28bddfcd-10bf-4fd6-b278-b7940bacfa8d',NULL,NULL,NULL,NULL,NULL,NULL,'**Textblock mit Markdown.**\n\nVestibulum facilisis, purus nec pulvinar iaculis, ligula mi congue nunc, vitae euismod ligula urna in dolor. Cras sagittis. Vestibulum ante ipsum primis in faucibus orci luctus et ultrices posuere cubilia Curae; Sed aliquam, nisi quis porttitor congue, elit erat euismod orci, ac placerat dolor lectus quis orci. Pellentesque auctor neque nec urna. Morbi nec metus.\n\n* Listenpunkt Eins\n* Listenpunkt Zwei\n\n[Ein externer Link](http://www.example.com)\n\nFusce convallis metus id felis luctus adipiscing. Lorem ipsum dolor sit amet, consectetuer adipiscing elit. In consectetuer turpis ut velit. Fusce neque. Suspendisse nisl elit, rhoncus eget, elementum ac, condimentum eget, diam.'),(662,408,1,'2023-06-13 09:32:41','2023-06-13 09:32:41','8a28a462-a17e-4272-a59f-e96b3908229e',NULL,NULL,NULL,NULL,NULL,NULL,'**Text block with Markdown.**\n\nVestibulum facilisis, purus nec pulvinar iaculis, ligula mi congue nunc, vitae euismod ligula urna in dolor. Cras sagittis. Vestibulum ante ipsum primis in faucibus orci luctus et ultrices posuere cubilia Curae; Sed aliquam, nisi quis porttitor congue, elit erat euismod orci, ac placerat dolor lectus quis orci. Pellentesque auctor neque nec urna. Morbi nec metus.\n\n* List Item One\n* List Item Two\n\n[An extenal Link](http://www.example.com)\n\nFusce convallis metus id felis luctus adipiscing. Lorem ipsum dolor sit amet, consectetuer adipiscing elit. In consectetuer turpis ut velit. Fusce neque. Suspendisse nisl elit, rhoncus eget, elementum ac, condimentum eget, diam.'),(663,409,2,'2023-06-13 09:32:41','2023-06-13 09:32:41','473b17da-5c87-4aee-9815-4a90b93e54b8',NULL,NULL,NULL,'h3','berschrift Ebene 3',NULL,NULL),(664,409,1,'2023-06-13 09:32:41','2023-06-13 09:32:41','4daee81c-02eb-47e9-8462-a938860eb63b',NULL,NULL,NULL,'h3','Heading level 3',NULL,NULL),(665,410,2,'2023-06-13 09:32:41','2023-06-13 09:32:41','e78bed4c-18b5-4ce8-a0d9-399007d46354',NULL,NULL,NULL,NULL,NULL,NULL,'Vestibulum fringilla pede sit amet augue. Fusce vel dui. In hac habitasse platea dictumst. Fusce egestas elit eget lorem.\n\nNullam dictum felis eu pede mollis pretium. Nam at tortor in tellus interdum sagittis. Nam eget dui. Nullam sagittis.'),(666,410,1,'2023-06-13 09:32:41','2023-06-13 09:32:41','c3c144fc-0588-46e6-8bdc-b518bbb7b529',NULL,NULL,NULL,NULL,NULL,NULL,'Vestibulum fringilla pede sit amet augue. Fusce vel dui. In hac habitasse platea dictumst. Fusce egestas elit eget lorem.\n\nNullam dictum felis eu pede mollis pretium. Nam at tortor in tellus interdum sagittis. Nam eget dui. Nullam sagittis.'),(667,411,2,'2023-06-13 09:32:41','2023-06-13 09:32:41','ee2c2a53-d739-499d-b3d0-77382e45fbde',NULL,NULL,NULL,'h2','Bild mit Bildunterschrift und Copyright',NULL,NULL),(668,411,1,'2023-06-13 09:32:41','2023-06-13 09:32:41','001d60df-b7c8-4c5c-8985-aa4ff0969c7f',NULL,NULL,NULL,'h2','Image',NULL,NULL),(669,412,2,'2023-06-13 09:32:41','2023-06-13 09:32:41','cdd27345-5f55-43dc-b5b4-c72b1c292050',NULL,NULL,NULL,NULL,NULL,'Blumen',NULL),(670,412,1,'2023-06-13 09:32:41','2023-06-13 09:32:41','6a10dd08-1522-452e-bc2a-379d3c883ce4',NULL,NULL,NULL,NULL,NULL,'Flowers',NULL),(671,413,2,'2023-06-13 09:32:41','2023-06-13 09:32:41','b15ad671-8577-470c-b68e-298350d895dd',NULL,NULL,NULL,'h2','Zitate',NULL,NULL),(672,413,1,'2023-06-13 09:32:41','2023-06-13 09:32:41','22430932-ebd9-47f7-81c8-293cac5e830e',NULL,NULL,NULL,'h2','Quotes',NULL,NULL),(673,414,2,'2023-06-13 09:32:41','2023-06-13 09:32:41','22ebe7a8-7119-4f94-b7ca-59ab56189a7d',NULL,NULL,NULL,'h3','Standardstil',NULL,NULL),(674,414,1,'2023-06-13 09:32:41','2023-06-13 09:32:41','fa600e40-cbf1-4630-aae2-251625064887',NULL,NULL,NULL,'h3','Default style',NULL,NULL),(675,415,2,'2023-06-13 09:32:41','2023-06-13 09:32:41','e724d1a1-76eb-4aa6-9ad4-66046c013da8',NULL,NULL,NULL,NULL,NULL,NULL,'Vestibulum ante ipsum primis in faucibus orci luctus et ultrices posuere cubilia Curae; Fusce id purus. In turpis. Nam eget dui. Donec vitae orci sed dolor rutrum auctor.'),(676,415,1,'2023-06-13 09:32:41','2023-06-13 09:32:41','d14b0f08-d7ef-4ce9-82fd-1601bece76dd',NULL,NULL,NULL,NULL,NULL,NULL,'Vestibulum ante ipsum primis in faucibus orci luctus et ultrices posuere cubilia Curae; Fusce id purus. In turpis. Nam eget dui. Donec vitae orci sed dolor rutrum auctor.'),(677,416,2,'2023-06-13 09:32:41','2023-06-13 09:32:41','10af3633-2069-4fb0-89c3-d86aaac2b24e','Pellentesque auctor','Quisque libero metus, condimentum nec, tempor a, commodo mollis, magna. Ut tincidunt tincidunt erat. Etiam iaculis nunc ac metus. Suspendisse feugiat. Curabitur suscipit suscipit tellus.','default',NULL,NULL,NULL,NULL),(678,416,1,'2023-06-13 09:32:41','2023-06-13 09:32:41','12fd173d-2d1c-47a1-80b1-a6d6fc5c824d','Pellentesque auctor','Quisque libero metus, condimentum nec, tempor a, commodo mollis, magna. Ut tincidunt tincidunt erat. Etiam iaculis nunc ac metus. Suspendisse feugiat. Curabitur suscipit suscipit tellus.','default',NULL,NULL,NULL,NULL),(679,417,2,'2023-06-13 09:32:41','2023-06-13 09:32:41','7c9ce894-995b-4373-a651-70ff619f862e',NULL,NULL,NULL,NULL,NULL,NULL,'Integer tincidunt. Phasellus tempus. Mauris sollicitudin fermentum libero. Maecenas vestibulum mollis diam.'),(680,417,1,'2023-06-13 09:32:41','2023-06-13 09:32:41','fa9748e4-901d-4553-ba2b-c29f7df04dc0',NULL,NULL,NULL,NULL,NULL,NULL,'Integer tincidunt. Phasellus tempus. Mauris sollicitudin fermentum libero. Maecenas vestibulum mollis diam.'),(681,418,2,'2023-06-13 09:32:41','2023-06-13 09:32:41','5882eeb8-0792-4b1c-b182-4254a851f51f',NULL,NULL,NULL,'h3','Alternativer Stil',NULL,NULL),(682,418,1,'2023-06-13 09:32:41','2023-06-13 09:32:41','09570d9b-32f0-43da-8462-1649bafc60b0',NULL,NULL,NULL,'h3','Alternative style',NULL,NULL),(683,419,2,'2023-06-13 09:32:41','2023-06-13 09:32:41','e341eec3-8a1b-4658-82c8-e47b1a56f5b5',NULL,NULL,NULL,NULL,NULL,NULL,'Aenean ut eros et nisl sagittis vestibulum. Phasellus nec sem in justo pellentesque facilisis. Vestibulum facilisis, purus nec pulvinar iaculis, ligula mi congue nunc, vitae euismod ligula urna in dolor. Vestibulum volutpat pretium libero. Fusce ac felis sit amet ligula pharetra condimentum.'),(684,419,1,'2023-06-13 09:32:41','2023-06-13 09:32:41','ed89b2a7-b838-4b30-853e-0640d9922da5',NULL,NULL,NULL,NULL,NULL,NULL,'Aenean ut eros et nisl sagittis vestibulum. Phasellus nec sem in justo pellentesque facilisis. Vestibulum facilisis, purus nec pulvinar iaculis, ligula mi congue nunc, vitae euismod ligula urna in dolor. Vestibulum volutpat pretium libero. Fusce ac felis sit amet ligula pharetra condimentum.'),(685,420,2,'2023-06-13 09:32:41','2023-06-13 09:32:41','36cffac3-9d64-4329-931e-a626b5cf8b00','Praesent vestibulum','Class aptent taciti sociosqu ad litora torquent per conubia nostra, per inceptos hymenaeos. Pellentesque habitant morbi tristique senectus et netus et malesuada fames ac turpis egestas. Etiam sit amet orci eget eros faucibus tincidunt. Fusce neque.','bordersTopBottom',NULL,NULL,NULL,NULL),(686,420,1,'2023-06-13 09:32:41','2023-06-13 09:32:41','d5658cbe-e8b8-4007-b8aa-1b7d29a4a5a4','Praesent vestibulum','Class aptent taciti sociosqu ad litora torquent per conubia nostra, per inceptos hymenaeos. Pellentesque habitant morbi tristique senectus et netus et malesuada fames ac turpis egestas. Etiam sit amet orci eget eros faucibus tincidunt. Fusce neque.','bordersTopBottom',NULL,NULL,NULL,NULL),(687,421,2,'2023-06-13 09:32:41','2023-06-13 09:32:41','e4b874ec-3cc8-4cbf-8dff-5938a7c58616',NULL,NULL,NULL,NULL,NULL,NULL,'Cras sagittis. Mauris turpis nunc, blandit et, volutpat molestie, porta ut, ligula. Sed magna purus, fermentum eu, tincidunt eu, varius ut, felis. Nam at tortor in tellus interdum sagittis.'),(688,421,1,'2023-06-13 09:32:41','2023-06-13 09:32:41','a0fa2c13-acd6-4847-a981-8180f5d42204',NULL,NULL,NULL,NULL,NULL,NULL,'Cras sagittis. Mauris turpis nunc, blandit et, volutpat molestie, porta ut, ligula. Sed magna purus, fermentum eu, tincidunt eu, varius ut, felis. Nam at tortor in tellus interdum sagittis.');
/*!40000 ALTER TABLE `matrixcontent_bodycontent` ENABLE KEYS */;
UNLOCK TABLES;
commit;

--
-- Dumping data for table `migrations`
--

LOCK TABLES `migrations` WRITE;
/*!40000 ALTER TABLE `migrations` DISABLE KEYS */;
set autocommit=0;
INSERT INTO `migrations` VALUES (1,'craft','Install','2023-06-11 14:31:25','2023-06-11 14:31:25','2023-06-11 14:31:25','3aebec08-aee4-4be9-99e1-aebd48b99352'),(2,'craft','m210121_145800_asset_indexing_changes','2023-06-11 14:31:25','2023-06-11 14:31:25','2023-06-11 14:31:25','5b0bdf9e-bd10-4be5-842b-451c4939301f'),(3,'craft','m210624_222934_drop_deprecated_tables','2023-06-11 14:31:25','2023-06-11 14:31:25','2023-06-11 14:31:25','c422a463-2e5d-4021-b371-514c2fd02944'),(4,'craft','m210724_180756_rename_source_cols','2023-06-11 14:31:25','2023-06-11 14:31:25','2023-06-11 14:31:25','d34a336a-6c9a-4fda-8d3a-98007af1593e'),(5,'craft','m210809_124211_remove_superfluous_uids','2023-06-11 14:31:25','2023-06-11 14:31:25','2023-06-11 14:31:25','e53523db-9343-49a1-af4c-3a472bb22e7d'),(6,'craft','m210817_014201_universal_users','2023-06-11 14:31:25','2023-06-11 14:31:25','2023-06-11 14:31:25','6e87cb3e-6e05-4166-b632-ba6b9cf91263'),(7,'craft','m210904_132612_store_element_source_settings_in_project_config','2023-06-11 14:31:25','2023-06-11 14:31:25','2023-06-11 14:31:25','eb028fb0-613a-46cf-a7ac-4373338aa768'),(8,'craft','m211115_135500_image_transformers','2023-06-11 14:31:25','2023-06-11 14:31:25','2023-06-11 14:31:25','a39c6b2c-5aa7-4a2c-9dfe-34ab9d729889'),(9,'craft','m211201_131000_filesystems','2023-06-11 14:31:25','2023-06-11 14:31:25','2023-06-11 14:31:25','fef7b744-5f97-4e1c-9bbf-322e7c0ffde8'),(10,'craft','m220103_043103_tab_conditions','2023-06-11 14:31:25','2023-06-11 14:31:25','2023-06-11 14:31:25','58c10fee-17f5-442e-80b7-66216717ae63'),(11,'craft','m220104_003433_asset_alt_text','2023-06-11 14:31:25','2023-06-11 14:31:25','2023-06-11 14:31:25','c03b7b73-5a0f-46ec-8cdf-02be46efc5cc'),(12,'craft','m220123_213619_update_permissions','2023-06-11 14:31:25','2023-06-11 14:31:25','2023-06-11 14:31:25','88565107-b9b9-4bbe-b8b4-1e3c4dcbb168'),(13,'craft','m220126_003432_addresses','2023-06-11 14:31:25','2023-06-11 14:31:25','2023-06-11 14:31:25','cbfef688-f622-44f8-9a54-843cb6e12b7d'),(14,'craft','m220209_095604_add_indexes','2023-06-11 14:31:25','2023-06-11 14:31:25','2023-06-11 14:31:25','966a1ad7-248f-4c92-9c4f-b7dee34000a9'),(15,'craft','m220213_015220_matrixblocks_owners_table','2023-06-11 14:31:25','2023-06-11 14:31:25','2023-06-11 14:31:25','34112110-5a81-4688-ac52-7b8f001733c9'),(16,'craft','m220214_000000_truncate_sessions','2023-06-11 14:31:25','2023-06-11 14:31:25','2023-06-11 14:31:25','710aed48-2448-4416-bc4d-505062c18163'),(17,'craft','m220222_122159_full_names','2023-06-11 14:31:25','2023-06-11 14:31:25','2023-06-11 14:31:25','1d53da5b-09eb-4190-a5b7-1d9d3435d4cc'),(18,'craft','m220223_180559_nullable_address_owner','2023-06-11 14:31:25','2023-06-11 14:31:25','2023-06-11 14:31:25','e9516556-23f2-4ac9-9350-dfcb21255ceb'),(19,'craft','m220225_165000_transform_filesystems','2023-06-11 14:31:25','2023-06-11 14:31:25','2023-06-11 14:31:25','512700b7-f13a-4a3f-a2c3-4bb3d85d2b28'),(20,'craft','m220309_152006_rename_field_layout_elements','2023-06-11 14:31:25','2023-06-11 14:31:25','2023-06-11 14:31:25','00b5150c-546e-4218-96dd-61d90a514a92'),(21,'craft','m220314_211928_field_layout_element_uids','2023-06-11 14:31:25','2023-06-11 14:31:25','2023-06-11 14:31:25','53a8ad56-7abb-4fa8-b1f5-c2fdb09db799'),(22,'craft','m220316_123800_transform_fs_subpath','2023-06-11 14:31:25','2023-06-11 14:31:25','2023-06-11 14:31:25','cb41f354-2341-47b7-82f2-d46b715ed037'),(23,'craft','m220317_174250_release_all_jobs','2023-06-11 14:31:25','2023-06-11 14:31:25','2023-06-11 14:31:25','685a08dd-0a23-4666-9455-d38e10fe8a4a'),(24,'craft','m220330_150000_add_site_gql_schema_components','2023-06-11 14:31:25','2023-06-11 14:31:25','2023-06-11 14:31:25','83ca056a-cfba-4570-a541-b4990324cb61'),(25,'craft','m220413_024536_site_enabled_string','2023-06-11 14:31:25','2023-06-11 14:31:25','2023-06-11 14:31:25','ab373b29-033d-4d7b-912e-76af4f301d87'),(26,'craft','m221027_160703_add_image_transform_fill','2023-06-11 14:31:25','2023-06-11 14:31:25','2023-06-11 14:31:25','930e82e2-79b0-4761-a197-87b228d0c379'),(27,'craft','m221028_130548_add_canonical_id_index','2023-06-11 14:31:25','2023-06-11 14:31:25','2023-06-11 14:31:25','e5c97e7e-7867-4640-89b9-f3f93c1d79f4'),(28,'craft','m221118_003031_drop_element_fks','2023-06-11 14:31:25','2023-06-11 14:31:25','2023-06-11 14:31:25','0e889fc9-3fa0-4a1d-aa29-b184e06d48ef'),(29,'craft','m230131_120713_asset_indexing_session_new_options','2023-06-11 14:31:25','2023-06-11 14:31:25','2023-06-11 14:31:25','dedcee28-155b-420e-b495-7695f76669fa'),(30,'craft','m230226_013114_drop_plugin_license_columns','2023-06-11 14:31:25','2023-06-11 14:31:25','2023-06-11 14:31:25','41224dd5-df5c-4a21-87a3-6335351352d5');
/*!40000 ALTER TABLE `migrations` ENABLE KEYS */;
UNLOCK TABLES;
commit;

--
-- Dumping data for table `plugins`
--

LOCK TABLES `plugins` WRITE;
/*!40000 ALTER TABLE `plugins` DISABLE KEYS */;
set autocommit=0;
/*!40000 ALTER TABLE `plugins` ENABLE KEYS */;
UNLOCK TABLES;
commit;

--
-- Dumping data for table `projectconfig`
--

LOCK TABLES `projectconfig` WRITE;
/*!40000 ALTER TABLE `projectconfig` DISABLE KEYS */;
set autocommit=0;
INSERT INTO `projectconfig` VALUES ('assets.tempSubpath','\"temporary-uploads\"'),('assets.tempVolumeUid','\"efd6d899-7b71-4318-8402-669e92416168\"'),('dateModified','1686648278'),('elementSources.craft\\elements\\Asset.0.heading','\"Volumes\"'),('elementSources.craft\\elements\\Asset.0.type','\"heading\"'),('elementSources.craft\\elements\\Asset.1.defaultSort.0','\"dateCreated\"'),('elementSources.craft\\elements\\Asset.1.defaultSort.1','\"desc\"'),('elementSources.craft\\elements\\Asset.1.disabled','false'),('elementSources.craft\\elements\\Asset.1.key','\"volume:c9a4fbad-6ca0-4e20-ba72-da2c14a38190\"'),('elementSources.craft\\elements\\Asset.1.tableAttributes.0','\"imageSize\"'),('elementSources.craft\\elements\\Asset.1.tableAttributes.1','\"field:a73e7c96-e9d2-4751-bf01-8a6baf5f3c46\"'),('elementSources.craft\\elements\\Asset.1.tableAttributes.2','\"dateModified\"'),('elementSources.craft\\elements\\Asset.1.tableAttributes.3','\"link\"'),('elementSources.craft\\elements\\Asset.1.type','\"native\"'),('elementSources.craft\\elements\\Asset.2.defaultSort.0','\"dateCreated\"'),('elementSources.craft\\elements\\Asset.2.defaultSort.1','\"desc\"'),('elementSources.craft\\elements\\Asset.2.disabled','false'),('elementSources.craft\\elements\\Asset.2.key','\"volume:efd6d899-7b71-4318-8402-669e92416168\"'),('elementSources.craft\\elements\\Asset.2.tableAttributes.0','\"filename\"'),('elementSources.craft\\elements\\Asset.2.tableAttributes.1','\"kind\"'),('elementSources.craft\\elements\\Asset.2.tableAttributes.2','\"imageSize\"'),('elementSources.craft\\elements\\Asset.2.tableAttributes.3','\"size\"'),('elementSources.craft\\elements\\Asset.2.tableAttributes.4','\"dateModified\"'),('elementSources.craft\\elements\\Asset.2.type','\"native\"'),('elementSources.craft\\elements\\Asset.3.heading','\"Work\"'),('elementSources.craft\\elements\\Asset.3.type','\"heading\"'),('elementSources.craft\\elements\\Asset.4.condition.class','\"craft\\\\elements\\\\conditions\\\\assets\\\\AssetCondition\"'),('elementSources.craft\\elements\\Asset.4.condition.conditionRules.0.class','\"craft\\\\fields\\\\conditions\\\\TextFieldConditionRule\"'),('elementSources.craft\\elements\\Asset.4.condition.conditionRules.0.fieldUid','\"a73e7c96-e9d2-4751-bf01-8a6baf5f3c46\"'),('elementSources.craft\\elements\\Asset.4.condition.conditionRules.0.operator','\"empty\"'),('elementSources.craft\\elements\\Asset.4.condition.conditionRules.0.uid','\"3c30e8ff-c879-49ed-a325-235c9a221596\"'),('elementSources.craft\\elements\\Asset.4.condition.conditionRules.0.value','\"\"'),('elementSources.craft\\elements\\Asset.4.condition.conditionRules.1.class','\"craft\\\\elements\\\\conditions\\\\assets\\\\VolumeConditionRule\"'),('elementSources.craft\\elements\\Asset.4.condition.conditionRules.1.operator','\"in\"'),('elementSources.craft\\elements\\Asset.4.condition.conditionRules.1.uid','\"f80300e6-e686-4b27-afb3-d9827b4a3732\"'),('elementSources.craft\\elements\\Asset.4.condition.conditionRules.1.values.0','\"c9a4fbad-6ca0-4e20-ba72-da2c14a38190\"'),('elementSources.craft\\elements\\Asset.4.condition.elementType','\"craft\\\\elements\\\\Asset\"'),('elementSources.craft\\elements\\Asset.4.condition.fieldContext','\"global\"'),('elementSources.craft\\elements\\Asset.4.defaultSort.0','\"title\"'),('elementSources.craft\\elements\\Asset.4.defaultSort.1','\"asc\"'),('elementSources.craft\\elements\\Asset.4.key','\"custom:b27f0d6e-cf07-4a3e-b45e-7f9fe4494f87\"'),('elementSources.craft\\elements\\Asset.4.label','\"Missing alt text\"'),('elementSources.craft\\elements\\Asset.4.tableAttributes.0','\"imageSize\"'),('elementSources.craft\\elements\\Asset.4.tableAttributes.1','\"location\"'),('elementSources.craft\\elements\\Asset.4.type','\"custom\"'),('elementSources.craft\\elements\\Asset.5.condition.class','\"craft\\\\elements\\\\conditions\\\\assets\\\\AssetCondition\"'),('elementSources.craft\\elements\\Asset.5.condition.conditionRules.0.class','\"craft\\\\fields\\\\conditions\\\\TextFieldConditionRule\"'),('elementSources.craft\\elements\\Asset.5.condition.conditionRules.0.fieldUid','\"560e7c36-f763-440f-b9b5-1d87228bc6df\"'),('elementSources.craft\\elements\\Asset.5.condition.conditionRules.0.operator','\"empty\"'),('elementSources.craft\\elements\\Asset.5.condition.conditionRules.0.uid','\"4ba2301e-60c6-4520-8136-f56e1896da40\"'),('elementSources.craft\\elements\\Asset.5.condition.conditionRules.0.value','\"\"'),('elementSources.craft\\elements\\Asset.5.condition.elementType','\"craft\\\\elements\\\\Asset\"'),('elementSources.craft\\elements\\Asset.5.condition.fieldContext','\"global\"'),('elementSources.craft\\elements\\Asset.5.defaultSort.0','\"title\"'),('elementSources.craft\\elements\\Asset.5.defaultSort.1','\"asc\"'),('elementSources.craft\\elements\\Asset.5.key','\"custom:f0e81598-0477-447a-b0cd-7adb621ad4c3\"'),('elementSources.craft\\elements\\Asset.5.label','\"Missing copyright\"'),('elementSources.craft\\elements\\Asset.5.tableAttributes.0','\"field:a73e7c96-e9d2-4751-bf01-8a6baf5f3c46\"'),('elementSources.craft\\elements\\Asset.5.tableAttributes.1','\"imageSize\"'),('elementSources.craft\\elements\\Asset.5.tableAttributes.2','\"location\"'),('elementSources.craft\\elements\\Asset.5.type','\"custom\"'),('elementSources.craft\\elements\\Entry.0.defaultSort.0','\"postDate\"'),('elementSources.craft\\elements\\Entry.0.defaultSort.1','\"desc\"'),('elementSources.craft\\elements\\Entry.0.disabled','false'),('elementSources.craft\\elements\\Entry.0.key','\"*\"'),('elementSources.craft\\elements\\Entry.0.tableAttributes.0','\"section\"'),('elementSources.craft\\elements\\Entry.0.tableAttributes.1','\"postDate\"'),('elementSources.craft\\elements\\Entry.0.tableAttributes.2','\"expiryDate\"'),('elementSources.craft\\elements\\Entry.0.tableAttributes.3','\"link\"'),('elementSources.craft\\elements\\Entry.0.type','\"native\"'),('elementSources.craft\\elements\\Entry.1.heading','\"Site\"'),('elementSources.craft\\elements\\Entry.1.type','\"heading\"'),('elementSources.craft\\elements\\Entry.2.defaultSort.0','\"title\"'),('elementSources.craft\\elements\\Entry.2.defaultSort.1','\"asc\"'),('elementSources.craft\\elements\\Entry.2.disabled','false'),('elementSources.craft\\elements\\Entry.2.key','\"singles\"'),('elementSources.craft\\elements\\Entry.2.tableAttributes.0','\"section\"'),('elementSources.craft\\elements\\Entry.2.tableAttributes.1','\"field:1d65442c-c0b9-46f4-8518-9a6c53e21bc1\"'),('elementSources.craft\\elements\\Entry.2.tableAttributes.2','\"link\"'),('elementSources.craft\\elements\\Entry.2.type','\"native\"'),('elementSources.craft\\elements\\Entry.3.heading','\"Content\"'),('elementSources.craft\\elements\\Entry.3.type','\"heading\"'),('elementSources.craft\\elements\\Entry.4.defaultSort.0','\"postDate\"'),('elementSources.craft\\elements\\Entry.4.defaultSort.1','\"desc\"'),('elementSources.craft\\elements\\Entry.4.disabled','false'),('elementSources.craft\\elements\\Entry.4.key','\"section:5f021491-7c29-4320-be70-454d594268af\"'),('elementSources.craft\\elements\\Entry.4.tableAttributes.0','\"type\"'),('elementSources.craft\\elements\\Entry.4.tableAttributes.1','\"field:1d65442c-c0b9-46f4-8518-9a6c53e21bc1\"'),('elementSources.craft\\elements\\Entry.4.tableAttributes.2','\"drafts\"'),('elementSources.craft\\elements\\Entry.4.tableAttributes.3','\"postDate\"'),('elementSources.craft\\elements\\Entry.4.tableAttributes.4','\"link\"'),('elementSources.craft\\elements\\Entry.4.type','\"native\"'),('elementSources.craft\\elements\\Entry.5.defaultSort.0','\"postDate\"'),('elementSources.craft\\elements\\Entry.5.defaultSort.1','\"desc\"'),('elementSources.craft\\elements\\Entry.5.disabled','false'),('elementSources.craft\\elements\\Entry.5.key','\"section:585f70b2-f84a-47ff-ad71-3faff9698ba9\"'),('elementSources.craft\\elements\\Entry.5.tableAttributes.0','\"field:1d65442c-c0b9-46f4-8518-9a6c53e21bc1\"'),('elementSources.craft\\elements\\Entry.5.tableAttributes.1','\"drafts\"'),('elementSources.craft\\elements\\Entry.5.tableAttributes.2','\"postDate\"'),('elementSources.craft\\elements\\Entry.5.tableAttributes.3','\"link\"'),('elementSources.craft\\elements\\Entry.5.type','\"native\"'),('email.fromEmail','\"admin@example.com\"'),('email.fromName','\"Craft 4 Blank\"'),('email.replyToEmail','null'),('email.template','null'),('email.transportSettings.host','\"$MAILHOG_SMTP_HOSTNAME\"'),('email.transportSettings.password','\"\"'),('email.transportSettings.port','\"$MAILHOG_SMTP_PORT\"'),('email.transportSettings.useAuthentication','\"0\"'),('email.transportSettings.username','\"\"'),('email.transportType','\"craft\\\\mail\\\\transportadapters\\\\Smtp\"'),('entryTypes.0e989e8d-658a-4a1e-acf5-edb2387959ab.fieldLayouts.3c0a4ae5-e759-4942-aa4e-c1737058ad0a.tabs.0.elementCondition','null'),('entryTypes.0e989e8d-658a-4a1e-acf5-edb2387959ab.fieldLayouts.3c0a4ae5-e759-4942-aa4e-c1737058ad0a.tabs.0.elements.0.autocapitalize','true'),('entryTypes.0e989e8d-658a-4a1e-acf5-edb2387959ab.fieldLayouts.3c0a4ae5-e759-4942-aa4e-c1737058ad0a.tabs.0.elements.0.autocomplete','false'),('entryTypes.0e989e8d-658a-4a1e-acf5-edb2387959ab.fieldLayouts.3c0a4ae5-e759-4942-aa4e-c1737058ad0a.tabs.0.elements.0.autocorrect','true'),('entryTypes.0e989e8d-658a-4a1e-acf5-edb2387959ab.fieldLayouts.3c0a4ae5-e759-4942-aa4e-c1737058ad0a.tabs.0.elements.0.class','null'),('entryTypes.0e989e8d-658a-4a1e-acf5-edb2387959ab.fieldLayouts.3c0a4ae5-e759-4942-aa4e-c1737058ad0a.tabs.0.elements.0.disabled','false'),('entryTypes.0e989e8d-658a-4a1e-acf5-edb2387959ab.fieldLayouts.3c0a4ae5-e759-4942-aa4e-c1737058ad0a.tabs.0.elements.0.elementCondition','null'),('entryTypes.0e989e8d-658a-4a1e-acf5-edb2387959ab.fieldLayouts.3c0a4ae5-e759-4942-aa4e-c1737058ad0a.tabs.0.elements.0.id','null'),('entryTypes.0e989e8d-658a-4a1e-acf5-edb2387959ab.fieldLayouts.3c0a4ae5-e759-4942-aa4e-c1737058ad0a.tabs.0.elements.0.instructions','null'),('entryTypes.0e989e8d-658a-4a1e-acf5-edb2387959ab.fieldLayouts.3c0a4ae5-e759-4942-aa4e-c1737058ad0a.tabs.0.elements.0.label','null'),('entryTypes.0e989e8d-658a-4a1e-acf5-edb2387959ab.fieldLayouts.3c0a4ae5-e759-4942-aa4e-c1737058ad0a.tabs.0.elements.0.max','null'),('entryTypes.0e989e8d-658a-4a1e-acf5-edb2387959ab.fieldLayouts.3c0a4ae5-e759-4942-aa4e-c1737058ad0a.tabs.0.elements.0.min','null'),('entryTypes.0e989e8d-658a-4a1e-acf5-edb2387959ab.fieldLayouts.3c0a4ae5-e759-4942-aa4e-c1737058ad0a.tabs.0.elements.0.name','null'),('entryTypes.0e989e8d-658a-4a1e-acf5-edb2387959ab.fieldLayouts.3c0a4ae5-e759-4942-aa4e-c1737058ad0a.tabs.0.elements.0.orientation','null'),('entryTypes.0e989e8d-658a-4a1e-acf5-edb2387959ab.fieldLayouts.3c0a4ae5-e759-4942-aa4e-c1737058ad0a.tabs.0.elements.0.placeholder','null'),('entryTypes.0e989e8d-658a-4a1e-acf5-edb2387959ab.fieldLayouts.3c0a4ae5-e759-4942-aa4e-c1737058ad0a.tabs.0.elements.0.readonly','false'),('entryTypes.0e989e8d-658a-4a1e-acf5-edb2387959ab.fieldLayouts.3c0a4ae5-e759-4942-aa4e-c1737058ad0a.tabs.0.elements.0.requirable','false'),('entryTypes.0e989e8d-658a-4a1e-acf5-edb2387959ab.fieldLayouts.3c0a4ae5-e759-4942-aa4e-c1737058ad0a.tabs.0.elements.0.size','null'),('entryTypes.0e989e8d-658a-4a1e-acf5-edb2387959ab.fieldLayouts.3c0a4ae5-e759-4942-aa4e-c1737058ad0a.tabs.0.elements.0.step','null'),('entryTypes.0e989e8d-658a-4a1e-acf5-edb2387959ab.fieldLayouts.3c0a4ae5-e759-4942-aa4e-c1737058ad0a.tabs.0.elements.0.tip','null'),('entryTypes.0e989e8d-658a-4a1e-acf5-edb2387959ab.fieldLayouts.3c0a4ae5-e759-4942-aa4e-c1737058ad0a.tabs.0.elements.0.title','null'),('entryTypes.0e989e8d-658a-4a1e-acf5-edb2387959ab.fieldLayouts.3c0a4ae5-e759-4942-aa4e-c1737058ad0a.tabs.0.elements.0.type','\"craft\\\\fieldlayoutelements\\\\entries\\\\EntryTitleField\"'),('entryTypes.0e989e8d-658a-4a1e-acf5-edb2387959ab.fieldLayouts.3c0a4ae5-e759-4942-aa4e-c1737058ad0a.tabs.0.elements.0.uid','\"4e057a4a-237b-4fe7-9d2a-93c9a509b52d\"'),('entryTypes.0e989e8d-658a-4a1e-acf5-edb2387959ab.fieldLayouts.3c0a4ae5-e759-4942-aa4e-c1737058ad0a.tabs.0.elements.0.userCondition','null'),('entryTypes.0e989e8d-658a-4a1e-acf5-edb2387959ab.fieldLayouts.3c0a4ae5-e759-4942-aa4e-c1737058ad0a.tabs.0.elements.0.warning','null'),('entryTypes.0e989e8d-658a-4a1e-acf5-edb2387959ab.fieldLayouts.3c0a4ae5-e759-4942-aa4e-c1737058ad0a.tabs.0.elements.0.width','100'),('entryTypes.0e989e8d-658a-4a1e-acf5-edb2387959ab.fieldLayouts.3c0a4ae5-e759-4942-aa4e-c1737058ad0a.tabs.0.elements.1.dismissible','true'),('entryTypes.0e989e8d-658a-4a1e-acf5-edb2387959ab.fieldLayouts.3c0a4ae5-e759-4942-aa4e-c1737058ad0a.tabs.0.elements.1.elementCondition','null'),('entryTypes.0e989e8d-658a-4a1e-acf5-edb2387959ab.fieldLayouts.3c0a4ae5-e759-4942-aa4e-c1737058ad0a.tabs.0.elements.1.style','\"tip\"'),('entryTypes.0e989e8d-658a-4a1e-acf5-edb2387959ab.fieldLayouts.3c0a4ae5-e759-4942-aa4e-c1737058ad0a.tabs.0.elements.1.tip','\"Paginated post cards will be inserted here.\"'),('entryTypes.0e989e8d-658a-4a1e-acf5-edb2387959ab.fieldLayouts.3c0a4ae5-e759-4942-aa4e-c1737058ad0a.tabs.0.elements.1.type','\"craft\\\\fieldlayoutelements\\\\Tip\"'),('entryTypes.0e989e8d-658a-4a1e-acf5-edb2387959ab.fieldLayouts.3c0a4ae5-e759-4942-aa4e-c1737058ad0a.tabs.0.elements.1.uid','\"cdd60b12-4c1c-4f0a-9dd5-09d54e854a6a\"'),('entryTypes.0e989e8d-658a-4a1e-acf5-edb2387959ab.fieldLayouts.3c0a4ae5-e759-4942-aa4e-c1737058ad0a.tabs.0.elements.1.userCondition','null'),('entryTypes.0e989e8d-658a-4a1e-acf5-edb2387959ab.fieldLayouts.3c0a4ae5-e759-4942-aa4e-c1737058ad0a.tabs.0.name','\"Inhalt\"'),('entryTypes.0e989e8d-658a-4a1e-acf5-edb2387959ab.fieldLayouts.3c0a4ae5-e759-4942-aa4e-c1737058ad0a.tabs.0.uid','\"c1d81378-8365-4b0c-abf6-f2ded6662401\"'),('entryTypes.0e989e8d-658a-4a1e-acf5-edb2387959ab.fieldLayouts.3c0a4ae5-e759-4942-aa4e-c1737058ad0a.tabs.0.userCondition','null'),('entryTypes.0e989e8d-658a-4a1e-acf5-edb2387959ab.handle','\"postIndex\"'),('entryTypes.0e989e8d-658a-4a1e-acf5-edb2387959ab.hasTitleField','true'),('entryTypes.0e989e8d-658a-4a1e-acf5-edb2387959ab.name','\"Post Index\"'),('entryTypes.0e989e8d-658a-4a1e-acf5-edb2387959ab.section','\"5f021491-7c29-4320-be70-454d594268af\"'),('entryTypes.0e989e8d-658a-4a1e-acf5-edb2387959ab.sortOrder','3'),('entryTypes.0e989e8d-658a-4a1e-acf5-edb2387959ab.titleFormat','null'),('entryTypes.0e989e8d-658a-4a1e-acf5-edb2387959ab.titleTranslationKeyFormat','null'),('entryTypes.0e989e8d-658a-4a1e-acf5-edb2387959ab.titleTranslationMethod','\"language\"'),('entryTypes.19a49103-3b3e-48c0-955b-996599d8c651.fieldLayouts.066117b4-ac70-4bb1-b6c2-b892f40a2428.tabs.0.elementCondition','null'),('entryTypes.19a49103-3b3e-48c0-955b-996599d8c651.fieldLayouts.066117b4-ac70-4bb1-b6c2-b892f40a2428.tabs.0.elements.0.autocapitalize','true'),('entryTypes.19a49103-3b3e-48c0-955b-996599d8c651.fieldLayouts.066117b4-ac70-4bb1-b6c2-b892f40a2428.tabs.0.elements.0.autocomplete','false'),('entryTypes.19a49103-3b3e-48c0-955b-996599d8c651.fieldLayouts.066117b4-ac70-4bb1-b6c2-b892f40a2428.tabs.0.elements.0.autocorrect','true'),('entryTypes.19a49103-3b3e-48c0-955b-996599d8c651.fieldLayouts.066117b4-ac70-4bb1-b6c2-b892f40a2428.tabs.0.elements.0.class','null'),('entryTypes.19a49103-3b3e-48c0-955b-996599d8c651.fieldLayouts.066117b4-ac70-4bb1-b6c2-b892f40a2428.tabs.0.elements.0.disabled','false'),('entryTypes.19a49103-3b3e-48c0-955b-996599d8c651.fieldLayouts.066117b4-ac70-4bb1-b6c2-b892f40a2428.tabs.0.elements.0.elementCondition','null'),('entryTypes.19a49103-3b3e-48c0-955b-996599d8c651.fieldLayouts.066117b4-ac70-4bb1-b6c2-b892f40a2428.tabs.0.elements.0.id','null'),('entryTypes.19a49103-3b3e-48c0-955b-996599d8c651.fieldLayouts.066117b4-ac70-4bb1-b6c2-b892f40a2428.tabs.0.elements.0.instructions','null'),('entryTypes.19a49103-3b3e-48c0-955b-996599d8c651.fieldLayouts.066117b4-ac70-4bb1-b6c2-b892f40a2428.tabs.0.elements.0.label','null'),('entryTypes.19a49103-3b3e-48c0-955b-996599d8c651.fieldLayouts.066117b4-ac70-4bb1-b6c2-b892f40a2428.tabs.0.elements.0.max','null'),('entryTypes.19a49103-3b3e-48c0-955b-996599d8c651.fieldLayouts.066117b4-ac70-4bb1-b6c2-b892f40a2428.tabs.0.elements.0.min','null'),('entryTypes.19a49103-3b3e-48c0-955b-996599d8c651.fieldLayouts.066117b4-ac70-4bb1-b6c2-b892f40a2428.tabs.0.elements.0.name','null'),('entryTypes.19a49103-3b3e-48c0-955b-996599d8c651.fieldLayouts.066117b4-ac70-4bb1-b6c2-b892f40a2428.tabs.0.elements.0.orientation','null'),('entryTypes.19a49103-3b3e-48c0-955b-996599d8c651.fieldLayouts.066117b4-ac70-4bb1-b6c2-b892f40a2428.tabs.0.elements.0.placeholder','null'),('entryTypes.19a49103-3b3e-48c0-955b-996599d8c651.fieldLayouts.066117b4-ac70-4bb1-b6c2-b892f40a2428.tabs.0.elements.0.readonly','false'),('entryTypes.19a49103-3b3e-48c0-955b-996599d8c651.fieldLayouts.066117b4-ac70-4bb1-b6c2-b892f40a2428.tabs.0.elements.0.requirable','false'),('entryTypes.19a49103-3b3e-48c0-955b-996599d8c651.fieldLayouts.066117b4-ac70-4bb1-b6c2-b892f40a2428.tabs.0.elements.0.size','null'),('entryTypes.19a49103-3b3e-48c0-955b-996599d8c651.fieldLayouts.066117b4-ac70-4bb1-b6c2-b892f40a2428.tabs.0.elements.0.step','null'),('entryTypes.19a49103-3b3e-48c0-955b-996599d8c651.fieldLayouts.066117b4-ac70-4bb1-b6c2-b892f40a2428.tabs.0.elements.0.tip','null'),('entryTypes.19a49103-3b3e-48c0-955b-996599d8c651.fieldLayouts.066117b4-ac70-4bb1-b6c2-b892f40a2428.tabs.0.elements.0.title','null'),('entryTypes.19a49103-3b3e-48c0-955b-996599d8c651.fieldLayouts.066117b4-ac70-4bb1-b6c2-b892f40a2428.tabs.0.elements.0.type','\"craft\\\\fieldlayoutelements\\\\entries\\\\EntryTitleField\"'),('entryTypes.19a49103-3b3e-48c0-955b-996599d8c651.fieldLayouts.066117b4-ac70-4bb1-b6c2-b892f40a2428.tabs.0.elements.0.uid','\"49fe3231-3a75-4fe7-a00e-79142a90f462\"'),('entryTypes.19a49103-3b3e-48c0-955b-996599d8c651.fieldLayouts.066117b4-ac70-4bb1-b6c2-b892f40a2428.tabs.0.elements.0.userCondition','null'),('entryTypes.19a49103-3b3e-48c0-955b-996599d8c651.fieldLayouts.066117b4-ac70-4bb1-b6c2-b892f40a2428.tabs.0.elements.0.warning','null'),('entryTypes.19a49103-3b3e-48c0-955b-996599d8c651.fieldLayouts.066117b4-ac70-4bb1-b6c2-b892f40a2428.tabs.0.elements.0.width','100'),('entryTypes.19a49103-3b3e-48c0-955b-996599d8c651.fieldLayouts.066117b4-ac70-4bb1-b6c2-b892f40a2428.tabs.0.elements.1.elementCondition','null'),('entryTypes.19a49103-3b3e-48c0-955b-996599d8c651.fieldLayouts.066117b4-ac70-4bb1-b6c2-b892f40a2428.tabs.0.elements.1.fieldUid','\"1d65442c-c0b9-46f4-8518-9a6c53e21bc1\"'),('entryTypes.19a49103-3b3e-48c0-955b-996599d8c651.fieldLayouts.066117b4-ac70-4bb1-b6c2-b892f40a2428.tabs.0.elements.1.instructions','null'),('entryTypes.19a49103-3b3e-48c0-955b-996599d8c651.fieldLayouts.066117b4-ac70-4bb1-b6c2-b892f40a2428.tabs.0.elements.1.label','null'),('entryTypes.19a49103-3b3e-48c0-955b-996599d8c651.fieldLayouts.066117b4-ac70-4bb1-b6c2-b892f40a2428.tabs.0.elements.1.required','false'),('entryTypes.19a49103-3b3e-48c0-955b-996599d8c651.fieldLayouts.066117b4-ac70-4bb1-b6c2-b892f40a2428.tabs.0.elements.1.tip','null'),('entryTypes.19a49103-3b3e-48c0-955b-996599d8c651.fieldLayouts.066117b4-ac70-4bb1-b6c2-b892f40a2428.tabs.0.elements.1.type','\"craft\\\\fieldlayoutelements\\\\CustomField\"'),('entryTypes.19a49103-3b3e-48c0-955b-996599d8c651.fieldLayouts.066117b4-ac70-4bb1-b6c2-b892f40a2428.tabs.0.elements.1.uid','\"512724a6-2819-4625-a4d7-a9d4c0ad58b7\"'),('entryTypes.19a49103-3b3e-48c0-955b-996599d8c651.fieldLayouts.066117b4-ac70-4bb1-b6c2-b892f40a2428.tabs.0.elements.1.userCondition','null'),('entryTypes.19a49103-3b3e-48c0-955b-996599d8c651.fieldLayouts.066117b4-ac70-4bb1-b6c2-b892f40a2428.tabs.0.elements.1.warning','null'),('entryTypes.19a49103-3b3e-48c0-955b-996599d8c651.fieldLayouts.066117b4-ac70-4bb1-b6c2-b892f40a2428.tabs.0.elements.1.width','100'),('entryTypes.19a49103-3b3e-48c0-955b-996599d8c651.fieldLayouts.066117b4-ac70-4bb1-b6c2-b892f40a2428.tabs.0.elements.2.elementCondition','null'),('entryTypes.19a49103-3b3e-48c0-955b-996599d8c651.fieldLayouts.066117b4-ac70-4bb1-b6c2-b892f40a2428.tabs.0.elements.2.fieldUid','\"95f98672-9562-44a0-8639-92d2b55ceeb6\"'),('entryTypes.19a49103-3b3e-48c0-955b-996599d8c651.fieldLayouts.066117b4-ac70-4bb1-b6c2-b892f40a2428.tabs.0.elements.2.instructions','null'),('entryTypes.19a49103-3b3e-48c0-955b-996599d8c651.fieldLayouts.066117b4-ac70-4bb1-b6c2-b892f40a2428.tabs.0.elements.2.label','null'),('entryTypes.19a49103-3b3e-48c0-955b-996599d8c651.fieldLayouts.066117b4-ac70-4bb1-b6c2-b892f40a2428.tabs.0.elements.2.required','false'),('entryTypes.19a49103-3b3e-48c0-955b-996599d8c651.fieldLayouts.066117b4-ac70-4bb1-b6c2-b892f40a2428.tabs.0.elements.2.tip','null'),('entryTypes.19a49103-3b3e-48c0-955b-996599d8c651.fieldLayouts.066117b4-ac70-4bb1-b6c2-b892f40a2428.tabs.0.elements.2.type','\"craft\\\\fieldlayoutelements\\\\CustomField\"'),('entryTypes.19a49103-3b3e-48c0-955b-996599d8c651.fieldLayouts.066117b4-ac70-4bb1-b6c2-b892f40a2428.tabs.0.elements.2.uid','\"8707ff65-f32e-4002-852f-783d9891a7d6\"'),('entryTypes.19a49103-3b3e-48c0-955b-996599d8c651.fieldLayouts.066117b4-ac70-4bb1-b6c2-b892f40a2428.tabs.0.elements.2.userCondition','null'),('entryTypes.19a49103-3b3e-48c0-955b-996599d8c651.fieldLayouts.066117b4-ac70-4bb1-b6c2-b892f40a2428.tabs.0.elements.2.warning','null'),('entryTypes.19a49103-3b3e-48c0-955b-996599d8c651.fieldLayouts.066117b4-ac70-4bb1-b6c2-b892f40a2428.tabs.0.elements.2.width','100'),('entryTypes.19a49103-3b3e-48c0-955b-996599d8c651.fieldLayouts.066117b4-ac70-4bb1-b6c2-b892f40a2428.tabs.0.name','\"Content\"'),('entryTypes.19a49103-3b3e-48c0-955b-996599d8c651.fieldLayouts.066117b4-ac70-4bb1-b6c2-b892f40a2428.tabs.0.uid','\"b120c952-7949-4f74-8505-d61aae23d0b2\"'),('entryTypes.19a49103-3b3e-48c0-955b-996599d8c651.fieldLayouts.066117b4-ac70-4bb1-b6c2-b892f40a2428.tabs.0.userCondition','null'),('entryTypes.19a49103-3b3e-48c0-955b-996599d8c651.handle','\"default\"'),('entryTypes.19a49103-3b3e-48c0-955b-996599d8c651.hasTitleField','true'),('entryTypes.19a49103-3b3e-48c0-955b-996599d8c651.name','\"Default\"'),('entryTypes.19a49103-3b3e-48c0-955b-996599d8c651.section','\"5f021491-7c29-4320-be70-454d594268af\"'),('entryTypes.19a49103-3b3e-48c0-955b-996599d8c651.sortOrder','1'),('entryTypes.19a49103-3b3e-48c0-955b-996599d8c651.titleFormat','null'),('entryTypes.19a49103-3b3e-48c0-955b-996599d8c651.titleTranslationKeyFormat','null'),('entryTypes.19a49103-3b3e-48c0-955b-996599d8c651.titleTranslationMethod','\"language\"'),('entryTypes.817d3d1a-d840-41a0-85a2-898d07aef769.fieldLayouts.e3e14fe2-2ad5-4293-98c3-dc21e4272700.tabs.0.elementCondition','null'),('entryTypes.817d3d1a-d840-41a0-85a2-898d07aef769.fieldLayouts.e3e14fe2-2ad5-4293-98c3-dc21e4272700.tabs.0.elements.0.autocapitalize','true'),('entryTypes.817d3d1a-d840-41a0-85a2-898d07aef769.fieldLayouts.e3e14fe2-2ad5-4293-98c3-dc21e4272700.tabs.0.elements.0.autocomplete','false'),('entryTypes.817d3d1a-d840-41a0-85a2-898d07aef769.fieldLayouts.e3e14fe2-2ad5-4293-98c3-dc21e4272700.tabs.0.elements.0.autocorrect','true'),('entryTypes.817d3d1a-d840-41a0-85a2-898d07aef769.fieldLayouts.e3e14fe2-2ad5-4293-98c3-dc21e4272700.tabs.0.elements.0.class','null'),('entryTypes.817d3d1a-d840-41a0-85a2-898d07aef769.fieldLayouts.e3e14fe2-2ad5-4293-98c3-dc21e4272700.tabs.0.elements.0.disabled','false'),('entryTypes.817d3d1a-d840-41a0-85a2-898d07aef769.fieldLayouts.e3e14fe2-2ad5-4293-98c3-dc21e4272700.tabs.0.elements.0.elementCondition','null'),('entryTypes.817d3d1a-d840-41a0-85a2-898d07aef769.fieldLayouts.e3e14fe2-2ad5-4293-98c3-dc21e4272700.tabs.0.elements.0.id','null'),('entryTypes.817d3d1a-d840-41a0-85a2-898d07aef769.fieldLayouts.e3e14fe2-2ad5-4293-98c3-dc21e4272700.tabs.0.elements.0.instructions','null'),('entryTypes.817d3d1a-d840-41a0-85a2-898d07aef769.fieldLayouts.e3e14fe2-2ad5-4293-98c3-dc21e4272700.tabs.0.elements.0.label','null'),('entryTypes.817d3d1a-d840-41a0-85a2-898d07aef769.fieldLayouts.e3e14fe2-2ad5-4293-98c3-dc21e4272700.tabs.0.elements.0.max','null'),('entryTypes.817d3d1a-d840-41a0-85a2-898d07aef769.fieldLayouts.e3e14fe2-2ad5-4293-98c3-dc21e4272700.tabs.0.elements.0.min','null'),('entryTypes.817d3d1a-d840-41a0-85a2-898d07aef769.fieldLayouts.e3e14fe2-2ad5-4293-98c3-dc21e4272700.tabs.0.elements.0.name','null'),('entryTypes.817d3d1a-d840-41a0-85a2-898d07aef769.fieldLayouts.e3e14fe2-2ad5-4293-98c3-dc21e4272700.tabs.0.elements.0.orientation','null'),('entryTypes.817d3d1a-d840-41a0-85a2-898d07aef769.fieldLayouts.e3e14fe2-2ad5-4293-98c3-dc21e4272700.tabs.0.elements.0.placeholder','null'),('entryTypes.817d3d1a-d840-41a0-85a2-898d07aef769.fieldLayouts.e3e14fe2-2ad5-4293-98c3-dc21e4272700.tabs.0.elements.0.readonly','false'),('entryTypes.817d3d1a-d840-41a0-85a2-898d07aef769.fieldLayouts.e3e14fe2-2ad5-4293-98c3-dc21e4272700.tabs.0.elements.0.requirable','false'),('entryTypes.817d3d1a-d840-41a0-85a2-898d07aef769.fieldLayouts.e3e14fe2-2ad5-4293-98c3-dc21e4272700.tabs.0.elements.0.size','null'),('entryTypes.817d3d1a-d840-41a0-85a2-898d07aef769.fieldLayouts.e3e14fe2-2ad5-4293-98c3-dc21e4272700.tabs.0.elements.0.step','null'),('entryTypes.817d3d1a-d840-41a0-85a2-898d07aef769.fieldLayouts.e3e14fe2-2ad5-4293-98c3-dc21e4272700.tabs.0.elements.0.tip','null'),('entryTypes.817d3d1a-d840-41a0-85a2-898d07aef769.fieldLayouts.e3e14fe2-2ad5-4293-98c3-dc21e4272700.tabs.0.elements.0.title','null'),('entryTypes.817d3d1a-d840-41a0-85a2-898d07aef769.fieldLayouts.e3e14fe2-2ad5-4293-98c3-dc21e4272700.tabs.0.elements.0.type','\"craft\\\\fieldlayoutelements\\\\entries\\\\EntryTitleField\"'),('entryTypes.817d3d1a-d840-41a0-85a2-898d07aef769.fieldLayouts.e3e14fe2-2ad5-4293-98c3-dc21e4272700.tabs.0.elements.0.uid','\"174bd17b-9d69-405c-b8b0-5d1bf6df167a\"'),('entryTypes.817d3d1a-d840-41a0-85a2-898d07aef769.fieldLayouts.e3e14fe2-2ad5-4293-98c3-dc21e4272700.tabs.0.elements.0.userCondition','null'),('entryTypes.817d3d1a-d840-41a0-85a2-898d07aef769.fieldLayouts.e3e14fe2-2ad5-4293-98c3-dc21e4272700.tabs.0.elements.0.warning','null'),('entryTypes.817d3d1a-d840-41a0-85a2-898d07aef769.fieldLayouts.e3e14fe2-2ad5-4293-98c3-dc21e4272700.tabs.0.elements.0.width','100'),('entryTypes.817d3d1a-d840-41a0-85a2-898d07aef769.fieldLayouts.e3e14fe2-2ad5-4293-98c3-dc21e4272700.tabs.0.elements.1.elementCondition','null'),('entryTypes.817d3d1a-d840-41a0-85a2-898d07aef769.fieldLayouts.e3e14fe2-2ad5-4293-98c3-dc21e4272700.tabs.0.elements.1.fieldUid','\"1d65442c-c0b9-46f4-8518-9a6c53e21bc1\"'),('entryTypes.817d3d1a-d840-41a0-85a2-898d07aef769.fieldLayouts.e3e14fe2-2ad5-4293-98c3-dc21e4272700.tabs.0.elements.1.instructions','null'),('entryTypes.817d3d1a-d840-41a0-85a2-898d07aef769.fieldLayouts.e3e14fe2-2ad5-4293-98c3-dc21e4272700.tabs.0.elements.1.label','null'),('entryTypes.817d3d1a-d840-41a0-85a2-898d07aef769.fieldLayouts.e3e14fe2-2ad5-4293-98c3-dc21e4272700.tabs.0.elements.1.required','true'),('entryTypes.817d3d1a-d840-41a0-85a2-898d07aef769.fieldLayouts.e3e14fe2-2ad5-4293-98c3-dc21e4272700.tabs.0.elements.1.tip','null'),('entryTypes.817d3d1a-d840-41a0-85a2-898d07aef769.fieldLayouts.e3e14fe2-2ad5-4293-98c3-dc21e4272700.tabs.0.elements.1.type','\"craft\\\\fieldlayoutelements\\\\CustomField\"'),('entryTypes.817d3d1a-d840-41a0-85a2-898d07aef769.fieldLayouts.e3e14fe2-2ad5-4293-98c3-dc21e4272700.tabs.0.elements.1.uid','\"0bcdc5e3-aee1-418c-baf7-4913c1a9da66\"'),('entryTypes.817d3d1a-d840-41a0-85a2-898d07aef769.fieldLayouts.e3e14fe2-2ad5-4293-98c3-dc21e4272700.tabs.0.elements.1.userCondition','null'),('entryTypes.817d3d1a-d840-41a0-85a2-898d07aef769.fieldLayouts.e3e14fe2-2ad5-4293-98c3-dc21e4272700.tabs.0.elements.1.warning','null'),('entryTypes.817d3d1a-d840-41a0-85a2-898d07aef769.fieldLayouts.e3e14fe2-2ad5-4293-98c3-dc21e4272700.tabs.0.elements.1.width','100'),('entryTypes.817d3d1a-d840-41a0-85a2-898d07aef769.fieldLayouts.e3e14fe2-2ad5-4293-98c3-dc21e4272700.tabs.0.elements.2.elementCondition','null'),('entryTypes.817d3d1a-d840-41a0-85a2-898d07aef769.fieldLayouts.e3e14fe2-2ad5-4293-98c3-dc21e4272700.tabs.0.elements.2.fieldUid','\"95f98672-9562-44a0-8639-92d2b55ceeb6\"'),('entryTypes.817d3d1a-d840-41a0-85a2-898d07aef769.fieldLayouts.e3e14fe2-2ad5-4293-98c3-dc21e4272700.tabs.0.elements.2.instructions','null'),('entryTypes.817d3d1a-d840-41a0-85a2-898d07aef769.fieldLayouts.e3e14fe2-2ad5-4293-98c3-dc21e4272700.tabs.0.elements.2.label','null'),('entryTypes.817d3d1a-d840-41a0-85a2-898d07aef769.fieldLayouts.e3e14fe2-2ad5-4293-98c3-dc21e4272700.tabs.0.elements.2.required','true'),('entryTypes.817d3d1a-d840-41a0-85a2-898d07aef769.fieldLayouts.e3e14fe2-2ad5-4293-98c3-dc21e4272700.tabs.0.elements.2.tip','null'),('entryTypes.817d3d1a-d840-41a0-85a2-898d07aef769.fieldLayouts.e3e14fe2-2ad5-4293-98c3-dc21e4272700.tabs.0.elements.2.type','\"craft\\\\fieldlayoutelements\\\\CustomField\"'),('entryTypes.817d3d1a-d840-41a0-85a2-898d07aef769.fieldLayouts.e3e14fe2-2ad5-4293-98c3-dc21e4272700.tabs.0.elements.2.uid','\"ed5bf3fe-47cf-4f2e-bfa1-80966b3e0ac2\"'),('entryTypes.817d3d1a-d840-41a0-85a2-898d07aef769.fieldLayouts.e3e14fe2-2ad5-4293-98c3-dc21e4272700.tabs.0.elements.2.userCondition','null'),('entryTypes.817d3d1a-d840-41a0-85a2-898d07aef769.fieldLayouts.e3e14fe2-2ad5-4293-98c3-dc21e4272700.tabs.0.elements.2.warning','null'),('entryTypes.817d3d1a-d840-41a0-85a2-898d07aef769.fieldLayouts.e3e14fe2-2ad5-4293-98c3-dc21e4272700.tabs.0.elements.2.width','100'),('entryTypes.817d3d1a-d840-41a0-85a2-898d07aef769.fieldLayouts.e3e14fe2-2ad5-4293-98c3-dc21e4272700.tabs.0.name','\"Content\"'),('entryTypes.817d3d1a-d840-41a0-85a2-898d07aef769.fieldLayouts.e3e14fe2-2ad5-4293-98c3-dc21e4272700.tabs.0.uid','\"547c5e84-0a14-4cb1-8567-8b569135baef\"'),('entryTypes.817d3d1a-d840-41a0-85a2-898d07aef769.fieldLayouts.e3e14fe2-2ad5-4293-98c3-dc21e4272700.tabs.0.userCondition','null'),('entryTypes.817d3d1a-d840-41a0-85a2-898d07aef769.handle','\"default\"'),('entryTypes.817d3d1a-d840-41a0-85a2-898d07aef769.hasTitleField','true'),('entryTypes.817d3d1a-d840-41a0-85a2-898d07aef769.name','\"Default\"'),('entryTypes.817d3d1a-d840-41a0-85a2-898d07aef769.section','\"585f70b2-f84a-47ff-ad71-3faff9698ba9\"'),('entryTypes.817d3d1a-d840-41a0-85a2-898d07aef769.sortOrder','1'),('entryTypes.817d3d1a-d840-41a0-85a2-898d07aef769.titleFormat','null'),('entryTypes.817d3d1a-d840-41a0-85a2-898d07aef769.titleTranslationKeyFormat','null'),('entryTypes.817d3d1a-d840-41a0-85a2-898d07aef769.titleTranslationMethod','\"language\"'),('entryTypes.8937bb02-c9d0-460b-81ef-1f1bda00e1f7.fieldLayouts.bde6c865-48ee-4415-9ac7-2ef82c0b9b2f.tabs.0.elementCondition','null'),('entryTypes.8937bb02-c9d0-460b-81ef-1f1bda00e1f7.fieldLayouts.bde6c865-48ee-4415-9ac7-2ef82c0b9b2f.tabs.0.elements.0.autocapitalize','true'),('entryTypes.8937bb02-c9d0-460b-81ef-1f1bda00e1f7.fieldLayouts.bde6c865-48ee-4415-9ac7-2ef82c0b9b2f.tabs.0.elements.0.autocomplete','false'),('entryTypes.8937bb02-c9d0-460b-81ef-1f1bda00e1f7.fieldLayouts.bde6c865-48ee-4415-9ac7-2ef82c0b9b2f.tabs.0.elements.0.autocorrect','true'),('entryTypes.8937bb02-c9d0-460b-81ef-1f1bda00e1f7.fieldLayouts.bde6c865-48ee-4415-9ac7-2ef82c0b9b2f.tabs.0.elements.0.class','null'),('entryTypes.8937bb02-c9d0-460b-81ef-1f1bda00e1f7.fieldLayouts.bde6c865-48ee-4415-9ac7-2ef82c0b9b2f.tabs.0.elements.0.disabled','false'),('entryTypes.8937bb02-c9d0-460b-81ef-1f1bda00e1f7.fieldLayouts.bde6c865-48ee-4415-9ac7-2ef82c0b9b2f.tabs.0.elements.0.elementCondition','null'),('entryTypes.8937bb02-c9d0-460b-81ef-1f1bda00e1f7.fieldLayouts.bde6c865-48ee-4415-9ac7-2ef82c0b9b2f.tabs.0.elements.0.id','null'),('entryTypes.8937bb02-c9d0-460b-81ef-1f1bda00e1f7.fieldLayouts.bde6c865-48ee-4415-9ac7-2ef82c0b9b2f.tabs.0.elements.0.instructions','null'),('entryTypes.8937bb02-c9d0-460b-81ef-1f1bda00e1f7.fieldLayouts.bde6c865-48ee-4415-9ac7-2ef82c0b9b2f.tabs.0.elements.0.label','null'),('entryTypes.8937bb02-c9d0-460b-81ef-1f1bda00e1f7.fieldLayouts.bde6c865-48ee-4415-9ac7-2ef82c0b9b2f.tabs.0.elements.0.max','null'),('entryTypes.8937bb02-c9d0-460b-81ef-1f1bda00e1f7.fieldLayouts.bde6c865-48ee-4415-9ac7-2ef82c0b9b2f.tabs.0.elements.0.min','null'),('entryTypes.8937bb02-c9d0-460b-81ef-1f1bda00e1f7.fieldLayouts.bde6c865-48ee-4415-9ac7-2ef82c0b9b2f.tabs.0.elements.0.name','null'),('entryTypes.8937bb02-c9d0-460b-81ef-1f1bda00e1f7.fieldLayouts.bde6c865-48ee-4415-9ac7-2ef82c0b9b2f.tabs.0.elements.0.orientation','null'),('entryTypes.8937bb02-c9d0-460b-81ef-1f1bda00e1f7.fieldLayouts.bde6c865-48ee-4415-9ac7-2ef82c0b9b2f.tabs.0.elements.0.placeholder','null'),('entryTypes.8937bb02-c9d0-460b-81ef-1f1bda00e1f7.fieldLayouts.bde6c865-48ee-4415-9ac7-2ef82c0b9b2f.tabs.0.elements.0.readonly','false'),('entryTypes.8937bb02-c9d0-460b-81ef-1f1bda00e1f7.fieldLayouts.bde6c865-48ee-4415-9ac7-2ef82c0b9b2f.tabs.0.elements.0.requirable','false'),('entryTypes.8937bb02-c9d0-460b-81ef-1f1bda00e1f7.fieldLayouts.bde6c865-48ee-4415-9ac7-2ef82c0b9b2f.tabs.0.elements.0.size','null'),('entryTypes.8937bb02-c9d0-460b-81ef-1f1bda00e1f7.fieldLayouts.bde6c865-48ee-4415-9ac7-2ef82c0b9b2f.tabs.0.elements.0.step','null'),('entryTypes.8937bb02-c9d0-460b-81ef-1f1bda00e1f7.fieldLayouts.bde6c865-48ee-4415-9ac7-2ef82c0b9b2f.tabs.0.elements.0.tip','null'),('entryTypes.8937bb02-c9d0-460b-81ef-1f1bda00e1f7.fieldLayouts.bde6c865-48ee-4415-9ac7-2ef82c0b9b2f.tabs.0.elements.0.title','null'),('entryTypes.8937bb02-c9d0-460b-81ef-1f1bda00e1f7.fieldLayouts.bde6c865-48ee-4415-9ac7-2ef82c0b9b2f.tabs.0.elements.0.type','\"craft\\\\fieldlayoutelements\\\\entries\\\\EntryTitleField\"'),('entryTypes.8937bb02-c9d0-460b-81ef-1f1bda00e1f7.fieldLayouts.bde6c865-48ee-4415-9ac7-2ef82c0b9b2f.tabs.0.elements.0.uid','\"3bd488e7-e259-495d-94c6-7c255835294b\"'),('entryTypes.8937bb02-c9d0-460b-81ef-1f1bda00e1f7.fieldLayouts.bde6c865-48ee-4415-9ac7-2ef82c0b9b2f.tabs.0.elements.0.userCondition','null'),('entryTypes.8937bb02-c9d0-460b-81ef-1f1bda00e1f7.fieldLayouts.bde6c865-48ee-4415-9ac7-2ef82c0b9b2f.tabs.0.elements.0.warning','null'),('entryTypes.8937bb02-c9d0-460b-81ef-1f1bda00e1f7.fieldLayouts.bde6c865-48ee-4415-9ac7-2ef82c0b9b2f.tabs.0.elements.0.width','100'),('entryTypes.8937bb02-c9d0-460b-81ef-1f1bda00e1f7.fieldLayouts.bde6c865-48ee-4415-9ac7-2ef82c0b9b2f.tabs.0.elements.1.elementCondition','null'),('entryTypes.8937bb02-c9d0-460b-81ef-1f1bda00e1f7.fieldLayouts.bde6c865-48ee-4415-9ac7-2ef82c0b9b2f.tabs.0.elements.1.fieldUid','\"0837f34c-eb77-4cca-bded-4b9c2d688a90\"'),('entryTypes.8937bb02-c9d0-460b-81ef-1f1bda00e1f7.fieldLayouts.bde6c865-48ee-4415-9ac7-2ef82c0b9b2f.tabs.0.elements.1.instructions','null'),('entryTypes.8937bb02-c9d0-460b-81ef-1f1bda00e1f7.fieldLayouts.bde6c865-48ee-4415-9ac7-2ef82c0b9b2f.tabs.0.elements.1.label','null'),('entryTypes.8937bb02-c9d0-460b-81ef-1f1bda00e1f7.fieldLayouts.bde6c865-48ee-4415-9ac7-2ef82c0b9b2f.tabs.0.elements.1.required','false'),('entryTypes.8937bb02-c9d0-460b-81ef-1f1bda00e1f7.fieldLayouts.bde6c865-48ee-4415-9ac7-2ef82c0b9b2f.tabs.0.elements.1.tip','null'),('entryTypes.8937bb02-c9d0-460b-81ef-1f1bda00e1f7.fieldLayouts.bde6c865-48ee-4415-9ac7-2ef82c0b9b2f.tabs.0.elements.1.type','\"craft\\\\fieldlayoutelements\\\\CustomField\"'),('entryTypes.8937bb02-c9d0-460b-81ef-1f1bda00e1f7.fieldLayouts.bde6c865-48ee-4415-9ac7-2ef82c0b9b2f.tabs.0.elements.1.uid','\"b371723f-8ccc-4454-b211-37d094110d75\"'),('entryTypes.8937bb02-c9d0-460b-81ef-1f1bda00e1f7.fieldLayouts.bde6c865-48ee-4415-9ac7-2ef82c0b9b2f.tabs.0.elements.1.userCondition','null'),('entryTypes.8937bb02-c9d0-460b-81ef-1f1bda00e1f7.fieldLayouts.bde6c865-48ee-4415-9ac7-2ef82c0b9b2f.tabs.0.elements.1.warning','null'),('entryTypes.8937bb02-c9d0-460b-81ef-1f1bda00e1f7.fieldLayouts.bde6c865-48ee-4415-9ac7-2ef82c0b9b2f.tabs.0.elements.1.width','100'),('entryTypes.8937bb02-c9d0-460b-81ef-1f1bda00e1f7.fieldLayouts.bde6c865-48ee-4415-9ac7-2ef82c0b9b2f.tabs.0.elements.2.elementCondition','null'),('entryTypes.8937bb02-c9d0-460b-81ef-1f1bda00e1f7.fieldLayouts.bde6c865-48ee-4415-9ac7-2ef82c0b9b2f.tabs.0.elements.2.fieldUid','\"560e7c36-f763-440f-b9b5-1d87228bc6df\"'),('entryTypes.8937bb02-c9d0-460b-81ef-1f1bda00e1f7.fieldLayouts.bde6c865-48ee-4415-9ac7-2ef82c0b9b2f.tabs.0.elements.2.instructions','null'),('entryTypes.8937bb02-c9d0-460b-81ef-1f1bda00e1f7.fieldLayouts.bde6c865-48ee-4415-9ac7-2ef82c0b9b2f.tabs.0.elements.2.label','null'),('entryTypes.8937bb02-c9d0-460b-81ef-1f1bda00e1f7.fieldLayouts.bde6c865-48ee-4415-9ac7-2ef82c0b9b2f.tabs.0.elements.2.required','false'),('entryTypes.8937bb02-c9d0-460b-81ef-1f1bda00e1f7.fieldLayouts.bde6c865-48ee-4415-9ac7-2ef82c0b9b2f.tabs.0.elements.2.tip','null'),('entryTypes.8937bb02-c9d0-460b-81ef-1f1bda00e1f7.fieldLayouts.bde6c865-48ee-4415-9ac7-2ef82c0b9b2f.tabs.0.elements.2.type','\"craft\\\\fieldlayoutelements\\\\CustomField\"'),('entryTypes.8937bb02-c9d0-460b-81ef-1f1bda00e1f7.fieldLayouts.bde6c865-48ee-4415-9ac7-2ef82c0b9b2f.tabs.0.elements.2.uid','\"6e118f46-8419-4f4a-894a-ceeec190f3bc\"'),('entryTypes.8937bb02-c9d0-460b-81ef-1f1bda00e1f7.fieldLayouts.bde6c865-48ee-4415-9ac7-2ef82c0b9b2f.tabs.0.elements.2.userCondition','null'),('entryTypes.8937bb02-c9d0-460b-81ef-1f1bda00e1f7.fieldLayouts.bde6c865-48ee-4415-9ac7-2ef82c0b9b2f.tabs.0.elements.2.warning','null'),('entryTypes.8937bb02-c9d0-460b-81ef-1f1bda00e1f7.fieldLayouts.bde6c865-48ee-4415-9ac7-2ef82c0b9b2f.tabs.0.elements.2.width','100'),('entryTypes.8937bb02-c9d0-460b-81ef-1f1bda00e1f7.fieldLayouts.bde6c865-48ee-4415-9ac7-2ef82c0b9b2f.tabs.0.elements.3.elementCondition','null'),('entryTypes.8937bb02-c9d0-460b-81ef-1f1bda00e1f7.fieldLayouts.bde6c865-48ee-4415-9ac7-2ef82c0b9b2f.tabs.0.elements.3.fieldUid','\"1d65442c-c0b9-46f4-8518-9a6c53e21bc1\"'),('entryTypes.8937bb02-c9d0-460b-81ef-1f1bda00e1f7.fieldLayouts.bde6c865-48ee-4415-9ac7-2ef82c0b9b2f.tabs.0.elements.3.instructions','null'),('entryTypes.8937bb02-c9d0-460b-81ef-1f1bda00e1f7.fieldLayouts.bde6c865-48ee-4415-9ac7-2ef82c0b9b2f.tabs.0.elements.3.label','\"Default Featured Image\"'),('entryTypes.8937bb02-c9d0-460b-81ef-1f1bda00e1f7.fieldLayouts.bde6c865-48ee-4415-9ac7-2ef82c0b9b2f.tabs.0.elements.3.required','false'),('entryTypes.8937bb02-c9d0-460b-81ef-1f1bda00e1f7.fieldLayouts.bde6c865-48ee-4415-9ac7-2ef82c0b9b2f.tabs.0.elements.3.tip','null'),('entryTypes.8937bb02-c9d0-460b-81ef-1f1bda00e1f7.fieldLayouts.bde6c865-48ee-4415-9ac7-2ef82c0b9b2f.tabs.0.elements.3.type','\"craft\\\\fieldlayoutelements\\\\CustomField\"'),('entryTypes.8937bb02-c9d0-460b-81ef-1f1bda00e1f7.fieldLayouts.bde6c865-48ee-4415-9ac7-2ef82c0b9b2f.tabs.0.elements.3.uid','\"3adb9569-f9be-4f86-9a6c-2df3d6816874\"'),('entryTypes.8937bb02-c9d0-460b-81ef-1f1bda00e1f7.fieldLayouts.bde6c865-48ee-4415-9ac7-2ef82c0b9b2f.tabs.0.elements.3.userCondition','null'),('entryTypes.8937bb02-c9d0-460b-81ef-1f1bda00e1f7.fieldLayouts.bde6c865-48ee-4415-9ac7-2ef82c0b9b2f.tabs.0.elements.3.warning','null'),('entryTypes.8937bb02-c9d0-460b-81ef-1f1bda00e1f7.fieldLayouts.bde6c865-48ee-4415-9ac7-2ef82c0b9b2f.tabs.0.elements.3.width','100'),('entryTypes.8937bb02-c9d0-460b-81ef-1f1bda00e1f7.fieldLayouts.bde6c865-48ee-4415-9ac7-2ef82c0b9b2f.tabs.0.name','\"Content\"'),('entryTypes.8937bb02-c9d0-460b-81ef-1f1bda00e1f7.fieldLayouts.bde6c865-48ee-4415-9ac7-2ef82c0b9b2f.tabs.0.uid','\"44927ccf-a678-414e-bd93-d96a5fd71966\"'),('entryTypes.8937bb02-c9d0-460b-81ef-1f1bda00e1f7.fieldLayouts.bde6c865-48ee-4415-9ac7-2ef82c0b9b2f.tabs.0.userCondition','null'),('entryTypes.8937bb02-c9d0-460b-81ef-1f1bda00e1f7.handle','\"siteInfo\"'),('entryTypes.8937bb02-c9d0-460b-81ef-1f1bda00e1f7.hasTitleField','false'),('entryTypes.8937bb02-c9d0-460b-81ef-1f1bda00e1f7.name','\"Site Info - Global Settings\"'),('entryTypes.8937bb02-c9d0-460b-81ef-1f1bda00e1f7.section','\"a7f4b9fd-a554-4545-af32-3b57544c9432\"'),('entryTypes.8937bb02-c9d0-460b-81ef-1f1bda00e1f7.sortOrder','1'),('entryTypes.8937bb02-c9d0-460b-81ef-1f1bda00e1f7.titleFormat','\"{section.name|raw}\"'),('entryTypes.8937bb02-c9d0-460b-81ef-1f1bda00e1f7.titleTranslationKeyFormat','null'),('entryTypes.8937bb02-c9d0-460b-81ef-1f1bda00e1f7.titleTranslationMethod','\"site\"'),('entryTypes.ab2052c5-b53a-4cbd-b95d-96ea7489c375.fieldLayouts.7401d309-e508-45cd-b5e8-a48f92283981.tabs.0.elementCondition','null'),('entryTypes.ab2052c5-b53a-4cbd-b95d-96ea7489c375.fieldLayouts.7401d309-e508-45cd-b5e8-a48f92283981.tabs.0.elements.0.autocapitalize','true'),('entryTypes.ab2052c5-b53a-4cbd-b95d-96ea7489c375.fieldLayouts.7401d309-e508-45cd-b5e8-a48f92283981.tabs.0.elements.0.autocomplete','false'),('entryTypes.ab2052c5-b53a-4cbd-b95d-96ea7489c375.fieldLayouts.7401d309-e508-45cd-b5e8-a48f92283981.tabs.0.elements.0.autocorrect','true'),('entryTypes.ab2052c5-b53a-4cbd-b95d-96ea7489c375.fieldLayouts.7401d309-e508-45cd-b5e8-a48f92283981.tabs.0.elements.0.class','null'),('entryTypes.ab2052c5-b53a-4cbd-b95d-96ea7489c375.fieldLayouts.7401d309-e508-45cd-b5e8-a48f92283981.tabs.0.elements.0.disabled','false'),('entryTypes.ab2052c5-b53a-4cbd-b95d-96ea7489c375.fieldLayouts.7401d309-e508-45cd-b5e8-a48f92283981.tabs.0.elements.0.elementCondition','null'),('entryTypes.ab2052c5-b53a-4cbd-b95d-96ea7489c375.fieldLayouts.7401d309-e508-45cd-b5e8-a48f92283981.tabs.0.elements.0.id','null'),('entryTypes.ab2052c5-b53a-4cbd-b95d-96ea7489c375.fieldLayouts.7401d309-e508-45cd-b5e8-a48f92283981.tabs.0.elements.0.instructions','null'),('entryTypes.ab2052c5-b53a-4cbd-b95d-96ea7489c375.fieldLayouts.7401d309-e508-45cd-b5e8-a48f92283981.tabs.0.elements.0.label','null'),('entryTypes.ab2052c5-b53a-4cbd-b95d-96ea7489c375.fieldLayouts.7401d309-e508-45cd-b5e8-a48f92283981.tabs.0.elements.0.max','null'),('entryTypes.ab2052c5-b53a-4cbd-b95d-96ea7489c375.fieldLayouts.7401d309-e508-45cd-b5e8-a48f92283981.tabs.0.elements.0.min','null'),('entryTypes.ab2052c5-b53a-4cbd-b95d-96ea7489c375.fieldLayouts.7401d309-e508-45cd-b5e8-a48f92283981.tabs.0.elements.0.name','null'),('entryTypes.ab2052c5-b53a-4cbd-b95d-96ea7489c375.fieldLayouts.7401d309-e508-45cd-b5e8-a48f92283981.tabs.0.elements.0.orientation','null'),('entryTypes.ab2052c5-b53a-4cbd-b95d-96ea7489c375.fieldLayouts.7401d309-e508-45cd-b5e8-a48f92283981.tabs.0.elements.0.placeholder','null'),('entryTypes.ab2052c5-b53a-4cbd-b95d-96ea7489c375.fieldLayouts.7401d309-e508-45cd-b5e8-a48f92283981.tabs.0.elements.0.readonly','false'),('entryTypes.ab2052c5-b53a-4cbd-b95d-96ea7489c375.fieldLayouts.7401d309-e508-45cd-b5e8-a48f92283981.tabs.0.elements.0.requirable','false'),('entryTypes.ab2052c5-b53a-4cbd-b95d-96ea7489c375.fieldLayouts.7401d309-e508-45cd-b5e8-a48f92283981.tabs.0.elements.0.size','null'),('entryTypes.ab2052c5-b53a-4cbd-b95d-96ea7489c375.fieldLayouts.7401d309-e508-45cd-b5e8-a48f92283981.tabs.0.elements.0.step','null'),('entryTypes.ab2052c5-b53a-4cbd-b95d-96ea7489c375.fieldLayouts.7401d309-e508-45cd-b5e8-a48f92283981.tabs.0.elements.0.tip','null'),('entryTypes.ab2052c5-b53a-4cbd-b95d-96ea7489c375.fieldLayouts.7401d309-e508-45cd-b5e8-a48f92283981.tabs.0.elements.0.title','null'),('entryTypes.ab2052c5-b53a-4cbd-b95d-96ea7489c375.fieldLayouts.7401d309-e508-45cd-b5e8-a48f92283981.tabs.0.elements.0.type','\"craft\\\\fieldlayoutelements\\\\entries\\\\EntryTitleField\"'),('entryTypes.ab2052c5-b53a-4cbd-b95d-96ea7489c375.fieldLayouts.7401d309-e508-45cd-b5e8-a48f92283981.tabs.0.elements.0.uid','\"4a31dadb-3ebe-4829-8236-2bfce7d72b5e\"'),('entryTypes.ab2052c5-b53a-4cbd-b95d-96ea7489c375.fieldLayouts.7401d309-e508-45cd-b5e8-a48f92283981.tabs.0.elements.0.userCondition','null'),('entryTypes.ab2052c5-b53a-4cbd-b95d-96ea7489c375.fieldLayouts.7401d309-e508-45cd-b5e8-a48f92283981.tabs.0.elements.0.warning','null'),('entryTypes.ab2052c5-b53a-4cbd-b95d-96ea7489c375.fieldLayouts.7401d309-e508-45cd-b5e8-a48f92283981.tabs.0.elements.0.width','100'),('entryTypes.ab2052c5-b53a-4cbd-b95d-96ea7489c375.fieldLayouts.7401d309-e508-45cd-b5e8-a48f92283981.tabs.0.elements.1.elementCondition','null'),('entryTypes.ab2052c5-b53a-4cbd-b95d-96ea7489c375.fieldLayouts.7401d309-e508-45cd-b5e8-a48f92283981.tabs.0.elements.1.fieldUid','\"1d65442c-c0b9-46f4-8518-9a6c53e21bc1\"'),('entryTypes.ab2052c5-b53a-4cbd-b95d-96ea7489c375.fieldLayouts.7401d309-e508-45cd-b5e8-a48f92283981.tabs.0.elements.1.instructions','null'),('entryTypes.ab2052c5-b53a-4cbd-b95d-96ea7489c375.fieldLayouts.7401d309-e508-45cd-b5e8-a48f92283981.tabs.0.elements.1.label','null'),('entryTypes.ab2052c5-b53a-4cbd-b95d-96ea7489c375.fieldLayouts.7401d309-e508-45cd-b5e8-a48f92283981.tabs.0.elements.1.required','false'),('entryTypes.ab2052c5-b53a-4cbd-b95d-96ea7489c375.fieldLayouts.7401d309-e508-45cd-b5e8-a48f92283981.tabs.0.elements.1.tip','null'),('entryTypes.ab2052c5-b53a-4cbd-b95d-96ea7489c375.fieldLayouts.7401d309-e508-45cd-b5e8-a48f92283981.tabs.0.elements.1.type','\"craft\\\\fieldlayoutelements\\\\CustomField\"'),('entryTypes.ab2052c5-b53a-4cbd-b95d-96ea7489c375.fieldLayouts.7401d309-e508-45cd-b5e8-a48f92283981.tabs.0.elements.1.uid','\"6000495f-d20c-4d59-adac-23d09575d4f0\"'),('entryTypes.ab2052c5-b53a-4cbd-b95d-96ea7489c375.fieldLayouts.7401d309-e508-45cd-b5e8-a48f92283981.tabs.0.elements.1.userCondition','null'),('entryTypes.ab2052c5-b53a-4cbd-b95d-96ea7489c375.fieldLayouts.7401d309-e508-45cd-b5e8-a48f92283981.tabs.0.elements.1.warning','null'),('entryTypes.ab2052c5-b53a-4cbd-b95d-96ea7489c375.fieldLayouts.7401d309-e508-45cd-b5e8-a48f92283981.tabs.0.elements.1.width','100'),('entryTypes.ab2052c5-b53a-4cbd-b95d-96ea7489c375.fieldLayouts.7401d309-e508-45cd-b5e8-a48f92283981.tabs.0.elements.2.elementCondition','null'),('entryTypes.ab2052c5-b53a-4cbd-b95d-96ea7489c375.fieldLayouts.7401d309-e508-45cd-b5e8-a48f92283981.tabs.0.elements.2.fieldUid','\"95f98672-9562-44a0-8639-92d2b55ceeb6\"'),('entryTypes.ab2052c5-b53a-4cbd-b95d-96ea7489c375.fieldLayouts.7401d309-e508-45cd-b5e8-a48f92283981.tabs.0.elements.2.instructions','null'),('entryTypes.ab2052c5-b53a-4cbd-b95d-96ea7489c375.fieldLayouts.7401d309-e508-45cd-b5e8-a48f92283981.tabs.0.elements.2.label','null'),('entryTypes.ab2052c5-b53a-4cbd-b95d-96ea7489c375.fieldLayouts.7401d309-e508-45cd-b5e8-a48f92283981.tabs.0.elements.2.required','false'),('entryTypes.ab2052c5-b53a-4cbd-b95d-96ea7489c375.fieldLayouts.7401d309-e508-45cd-b5e8-a48f92283981.tabs.0.elements.2.tip','null'),('entryTypes.ab2052c5-b53a-4cbd-b95d-96ea7489c375.fieldLayouts.7401d309-e508-45cd-b5e8-a48f92283981.tabs.0.elements.2.type','\"craft\\\\fieldlayoutelements\\\\CustomField\"'),('entryTypes.ab2052c5-b53a-4cbd-b95d-96ea7489c375.fieldLayouts.7401d309-e508-45cd-b5e8-a48f92283981.tabs.0.elements.2.uid','\"0442fdbb-7778-4e08-8d02-e35a73e9e416\"'),('entryTypes.ab2052c5-b53a-4cbd-b95d-96ea7489c375.fieldLayouts.7401d309-e508-45cd-b5e8-a48f92283981.tabs.0.elements.2.userCondition','null'),('entryTypes.ab2052c5-b53a-4cbd-b95d-96ea7489c375.fieldLayouts.7401d309-e508-45cd-b5e8-a48f92283981.tabs.0.elements.2.warning','null'),('entryTypes.ab2052c5-b53a-4cbd-b95d-96ea7489c375.fieldLayouts.7401d309-e508-45cd-b5e8-a48f92283981.tabs.0.elements.2.width','100'),('entryTypes.ab2052c5-b53a-4cbd-b95d-96ea7489c375.fieldLayouts.7401d309-e508-45cd-b5e8-a48f92283981.tabs.0.name','\"Content\"'),('entryTypes.ab2052c5-b53a-4cbd-b95d-96ea7489c375.fieldLayouts.7401d309-e508-45cd-b5e8-a48f92283981.tabs.0.uid','\"6aacb145-186e-49b1-9bd2-baaa3327a8ba\"'),('entryTypes.ab2052c5-b53a-4cbd-b95d-96ea7489c375.fieldLayouts.7401d309-e508-45cd-b5e8-a48f92283981.tabs.0.userCondition','null'),('entryTypes.ab2052c5-b53a-4cbd-b95d-96ea7489c375.handle','\"home\"'),('entryTypes.ab2052c5-b53a-4cbd-b95d-96ea7489c375.hasTitleField','false'),('entryTypes.ab2052c5-b53a-4cbd-b95d-96ea7489c375.name','\"Home\"'),('entryTypes.ab2052c5-b53a-4cbd-b95d-96ea7489c375.section','\"21e8b35e-5b6d-4f11-bc0e-26fcaa107ce8\"'),('entryTypes.ab2052c5-b53a-4cbd-b95d-96ea7489c375.sortOrder','1'),('entryTypes.ab2052c5-b53a-4cbd-b95d-96ea7489c375.titleFormat','\"{section.name|raw}\"'),('entryTypes.ab2052c5-b53a-4cbd-b95d-96ea7489c375.titleTranslationKeyFormat','null'),('entryTypes.ab2052c5-b53a-4cbd-b95d-96ea7489c375.titleTranslationMethod','\"site\"'),('fieldGroups.761cddc2-d969-4560-b5de-4bf2a393cb8a.name','\"Common\"'),('fieldGroups.bbbea387-f8a6-43f7-ab94-dc572bd0cc77.name','\"Site\"'),('fields.0837f34c-eb77-4cca-bded-4b9c2d688a90.columnSuffix','\"fzwghcns\"'),('fields.0837f34c-eb77-4cca-bded-4b9c2d688a90.contentColumnType','\"string(120)\"'),('fields.0837f34c-eb77-4cca-bded-4b9c2d688a90.fieldGroup','\"bbbea387-f8a6-43f7-ab94-dc572bd0cc77\"'),('fields.0837f34c-eb77-4cca-bded-4b9c2d688a90.handle','\"siteName\"'),('fields.0837f34c-eb77-4cca-bded-4b9c2d688a90.instructions','null'),('fields.0837f34c-eb77-4cca-bded-4b9c2d688a90.name','\"Site Name\"'),('fields.0837f34c-eb77-4cca-bded-4b9c2d688a90.searchable','false'),('fields.0837f34c-eb77-4cca-bded-4b9c2d688a90.settings.byteLimit','null'),('fields.0837f34c-eb77-4cca-bded-4b9c2d688a90.settings.charLimit','30'),('fields.0837f34c-eb77-4cca-bded-4b9c2d688a90.settings.code','false'),('fields.0837f34c-eb77-4cca-bded-4b9c2d688a90.settings.columnType','null'),('fields.0837f34c-eb77-4cca-bded-4b9c2d688a90.settings.initialRows','4'),('fields.0837f34c-eb77-4cca-bded-4b9c2d688a90.settings.multiline','false'),('fields.0837f34c-eb77-4cca-bded-4b9c2d688a90.settings.placeholder','null'),('fields.0837f34c-eb77-4cca-bded-4b9c2d688a90.settings.uiMode','\"normal\"'),('fields.0837f34c-eb77-4cca-bded-4b9c2d688a90.translationKeyFormat','null'),('fields.0837f34c-eb77-4cca-bded-4b9c2d688a90.translationMethod','\"none\"'),('fields.0837f34c-eb77-4cca-bded-4b9c2d688a90.type','\"craft\\\\fields\\\\PlainText\"'),('fields.1d65442c-c0b9-46f4-8518-9a6c53e21bc1.columnSuffix','null'),('fields.1d65442c-c0b9-46f4-8518-9a6c53e21bc1.contentColumnType','\"string\"'),('fields.1d65442c-c0b9-46f4-8518-9a6c53e21bc1.fieldGroup','\"761cddc2-d969-4560-b5de-4bf2a393cb8a\"'),('fields.1d65442c-c0b9-46f4-8518-9a6c53e21bc1.handle','\"featuredImage\"'),('fields.1d65442c-c0b9-46f4-8518-9a6c53e21bc1.instructions','\"At least 768px wide\"'),('fields.1d65442c-c0b9-46f4-8518-9a6c53e21bc1.name','\"Featured Image\"'),('fields.1d65442c-c0b9-46f4-8518-9a6c53e21bc1.searchable','false'),('fields.1d65442c-c0b9-46f4-8518-9a6c53e21bc1.settings.allowedKinds.0','\"image\"'),('fields.1d65442c-c0b9-46f4-8518-9a6c53e21bc1.settings.allowSelfRelations','false'),('fields.1d65442c-c0b9-46f4-8518-9a6c53e21bc1.settings.allowSubfolders','false'),('fields.1d65442c-c0b9-46f4-8518-9a6c53e21bc1.settings.allowUploads','true'),('fields.1d65442c-c0b9-46f4-8518-9a6c53e21bc1.settings.branchLimit','null'),('fields.1d65442c-c0b9-46f4-8518-9a6c53e21bc1.settings.defaultUploadLocationSource','\"volume:c9a4fbad-6ca0-4e20-ba72-da2c14a38190\"'),('fields.1d65442c-c0b9-46f4-8518-9a6c53e21bc1.settings.defaultUploadLocationSubpath','\"featured\"'),('fields.1d65442c-c0b9-46f4-8518-9a6c53e21bc1.settings.localizeRelations','false'),('fields.1d65442c-c0b9-46f4-8518-9a6c53e21bc1.settings.maintainHierarchy','false'),('fields.1d65442c-c0b9-46f4-8518-9a6c53e21bc1.settings.maxRelations','1'),('fields.1d65442c-c0b9-46f4-8518-9a6c53e21bc1.settings.minRelations','null'),('fields.1d65442c-c0b9-46f4-8518-9a6c53e21bc1.settings.previewMode','\"thumbs\"'),('fields.1d65442c-c0b9-46f4-8518-9a6c53e21bc1.settings.restrictedDefaultUploadSubpath','null'),('fields.1d65442c-c0b9-46f4-8518-9a6c53e21bc1.settings.restrictedLocationSource','\"volume:c9a4fbad-6ca0-4e20-ba72-da2c14a38190\"'),('fields.1d65442c-c0b9-46f4-8518-9a6c53e21bc1.settings.restrictedLocationSubpath','null'),('fields.1d65442c-c0b9-46f4-8518-9a6c53e21bc1.settings.restrictFiles','true'),('fields.1d65442c-c0b9-46f4-8518-9a6c53e21bc1.settings.restrictLocation','false'),('fields.1d65442c-c0b9-46f4-8518-9a6c53e21bc1.settings.selectionCondition.__assoc__.0.0','\"elementType\"'),('fields.1d65442c-c0b9-46f4-8518-9a6c53e21bc1.settings.selectionCondition.__assoc__.0.1','\"craft\\\\elements\\\\Asset\"'),('fields.1d65442c-c0b9-46f4-8518-9a6c53e21bc1.settings.selectionCondition.__assoc__.1.0','\"fieldContext\"'),('fields.1d65442c-c0b9-46f4-8518-9a6c53e21bc1.settings.selectionCondition.__assoc__.1.1','\"global\"'),('fields.1d65442c-c0b9-46f4-8518-9a6c53e21bc1.settings.selectionCondition.__assoc__.2.0','\"class\"'),('fields.1d65442c-c0b9-46f4-8518-9a6c53e21bc1.settings.selectionCondition.__assoc__.2.1','\"craft\\\\elements\\\\conditions\\\\assets\\\\AssetCondition\"'),('fields.1d65442c-c0b9-46f4-8518-9a6c53e21bc1.settings.selectionCondition.__assoc__.3.0','\"conditionRules\"'),('fields.1d65442c-c0b9-46f4-8518-9a6c53e21bc1.settings.selectionCondition.__assoc__.3.1.0.__assoc__.0.0','\"class\"'),('fields.1d65442c-c0b9-46f4-8518-9a6c53e21bc1.settings.selectionCondition.__assoc__.3.1.0.__assoc__.0.1','\"craft\\\\elements\\\\conditions\\\\assets\\\\WidthConditionRule\"'),('fields.1d65442c-c0b9-46f4-8518-9a6c53e21bc1.settings.selectionCondition.__assoc__.3.1.0.__assoc__.1.0','\"uid\"'),('fields.1d65442c-c0b9-46f4-8518-9a6c53e21bc1.settings.selectionCondition.__assoc__.3.1.0.__assoc__.1.1','\"226805ac-3aea-4362-8bdc-7ddd00eab414\"'),('fields.1d65442c-c0b9-46f4-8518-9a6c53e21bc1.settings.selectionCondition.__assoc__.3.1.0.__assoc__.2.0','\"operator\"'),('fields.1d65442c-c0b9-46f4-8518-9a6c53e21bc1.settings.selectionCondition.__assoc__.3.1.0.__assoc__.2.1','\">=\"'),('fields.1d65442c-c0b9-46f4-8518-9a6c53e21bc1.settings.selectionCondition.__assoc__.3.1.0.__assoc__.3.0','\"value\"'),('fields.1d65442c-c0b9-46f4-8518-9a6c53e21bc1.settings.selectionCondition.__assoc__.3.1.0.__assoc__.3.1','\"768\"'),('fields.1d65442c-c0b9-46f4-8518-9a6c53e21bc1.settings.selectionCondition.__assoc__.3.1.0.__assoc__.4.0','\"maxValue\"'),('fields.1d65442c-c0b9-46f4-8518-9a6c53e21bc1.settings.selectionCondition.__assoc__.3.1.0.__assoc__.4.1','\"\"'),('fields.1d65442c-c0b9-46f4-8518-9a6c53e21bc1.settings.selectionLabel','\"Select an image\"'),('fields.1d65442c-c0b9-46f4-8518-9a6c53e21bc1.settings.showSiteMenu','false'),('fields.1d65442c-c0b9-46f4-8518-9a6c53e21bc1.settings.showUnpermittedFiles','false'),('fields.1d65442c-c0b9-46f4-8518-9a6c53e21bc1.settings.showUnpermittedVolumes','false'),('fields.1d65442c-c0b9-46f4-8518-9a6c53e21bc1.settings.sources.0','\"volume:c9a4fbad-6ca0-4e20-ba72-da2c14a38190\"'),('fields.1d65442c-c0b9-46f4-8518-9a6c53e21bc1.settings.targetSiteId','null'),('fields.1d65442c-c0b9-46f4-8518-9a6c53e21bc1.settings.validateRelatedElements','true'),('fields.1d65442c-c0b9-46f4-8518-9a6c53e21bc1.settings.viewMode','\"large\"'),('fields.1d65442c-c0b9-46f4-8518-9a6c53e21bc1.translationKeyFormat','null'),('fields.1d65442c-c0b9-46f4-8518-9a6c53e21bc1.translationMethod','\"site\"'),('fields.1d65442c-c0b9-46f4-8518-9a6c53e21bc1.type','\"craft\\\\fields\\\\Assets\"'),('fields.560e7c36-f763-440f-b9b5-1d87228bc6df.columnSuffix','\"gsucoquh\"'),('fields.560e7c36-f763-440f-b9b5-1d87228bc6df.contentColumnType','\"string(120)\"'),('fields.560e7c36-f763-440f-b9b5-1d87228bc6df.fieldGroup','\"bbbea387-f8a6-43f7-ab94-dc572bd0cc77\"'),('fields.560e7c36-f763-440f-b9b5-1d87228bc6df.handle','\"copyright\"'),('fields.560e7c36-f763-440f-b9b5-1d87228bc6df.instructions','null'),('fields.560e7c36-f763-440f-b9b5-1d87228bc6df.name','\"Copyright\"'),('fields.560e7c36-f763-440f-b9b5-1d87228bc6df.searchable','false'),('fields.560e7c36-f763-440f-b9b5-1d87228bc6df.settings.byteLimit','null'),('fields.560e7c36-f763-440f-b9b5-1d87228bc6df.settings.charLimit','30'),('fields.560e7c36-f763-440f-b9b5-1d87228bc6df.settings.code','false'),('fields.560e7c36-f763-440f-b9b5-1d87228bc6df.settings.columnType','null'),('fields.560e7c36-f763-440f-b9b5-1d87228bc6df.settings.initialRows','4'),('fields.560e7c36-f763-440f-b9b5-1d87228bc6df.settings.multiline','false'),('fields.560e7c36-f763-440f-b9b5-1d87228bc6df.settings.placeholder','null'),('fields.560e7c36-f763-440f-b9b5-1d87228bc6df.settings.uiMode','\"normal\"'),('fields.560e7c36-f763-440f-b9b5-1d87228bc6df.translationKeyFormat','null'),('fields.560e7c36-f763-440f-b9b5-1d87228bc6df.translationMethod','\"none\"'),('fields.560e7c36-f763-440f-b9b5-1d87228bc6df.type','\"craft\\\\fields\\\\PlainText\"'),('fields.95f98672-9562-44a0-8639-92d2b55ceeb6.columnSuffix','null'),('fields.95f98672-9562-44a0-8639-92d2b55ceeb6.contentColumnType','\"string\"'),('fields.95f98672-9562-44a0-8639-92d2b55ceeb6.fieldGroup','\"761cddc2-d969-4560-b5de-4bf2a393cb8a\"'),('fields.95f98672-9562-44a0-8639-92d2b55ceeb6.handle','\"bodyContent\"'),('fields.95f98672-9562-44a0-8639-92d2b55ceeb6.instructions','null'),('fields.95f98672-9562-44a0-8639-92d2b55ceeb6.name','\"Body Content\"'),('fields.95f98672-9562-44a0-8639-92d2b55ceeb6.searchable','true'),('fields.95f98672-9562-44a0-8639-92d2b55ceeb6.settings.contentTable','\"{{%matrixcontent_bodycontent}}\"'),('fields.95f98672-9562-44a0-8639-92d2b55ceeb6.settings.maxBlocks','null'),('fields.95f98672-9562-44a0-8639-92d2b55ceeb6.settings.minBlocks','null'),('fields.95f98672-9562-44a0-8639-92d2b55ceeb6.settings.propagationKeyFormat','null'),('fields.95f98672-9562-44a0-8639-92d2b55ceeb6.settings.propagationMethod','\"all\"'),('fields.95f98672-9562-44a0-8639-92d2b55ceeb6.translationKeyFormat','null'),('fields.95f98672-9562-44a0-8639-92d2b55ceeb6.translationMethod','\"site\"'),('fields.95f98672-9562-44a0-8639-92d2b55ceeb6.type','\"craft\\\\fields\\\\Matrix\"'),('fields.a73e7c96-e9d2-4751-bf01-8a6baf5f3c46.columnSuffix','\"gvuxccdq\"'),('fields.a73e7c96-e9d2-4751-bf01-8a6baf5f3c46.contentColumnType','\"string(240)\"'),('fields.a73e7c96-e9d2-4751-bf01-8a6baf5f3c46.fieldGroup','\"761cddc2-d969-4560-b5de-4bf2a393cb8a\"'),('fields.a73e7c96-e9d2-4751-bf01-8a6baf5f3c46.handle','\"altText\"'),('fields.a73e7c96-e9d2-4751-bf01-8a6baf5f3c46.instructions','null'),('fields.a73e7c96-e9d2-4751-bf01-8a6baf5f3c46.name','\"Alt Text\"'),('fields.a73e7c96-e9d2-4751-bf01-8a6baf5f3c46.searchable','false'),('fields.a73e7c96-e9d2-4751-bf01-8a6baf5f3c46.settings.byteLimit','240'),('fields.a73e7c96-e9d2-4751-bf01-8a6baf5f3c46.settings.charLimit','null'),('fields.a73e7c96-e9d2-4751-bf01-8a6baf5f3c46.settings.code','false'),('fields.a73e7c96-e9d2-4751-bf01-8a6baf5f3c46.settings.columnType','null'),('fields.a73e7c96-e9d2-4751-bf01-8a6baf5f3c46.settings.initialRows','4'),('fields.a73e7c96-e9d2-4751-bf01-8a6baf5f3c46.settings.multiline','false'),('fields.a73e7c96-e9d2-4751-bf01-8a6baf5f3c46.settings.placeholder','null'),('fields.a73e7c96-e9d2-4751-bf01-8a6baf5f3c46.settings.uiMode','\"normal\"'),('fields.a73e7c96-e9d2-4751-bf01-8a6baf5f3c46.translationKeyFormat','null'),('fields.a73e7c96-e9d2-4751-bf01-8a6baf5f3c46.translationMethod','\"language\"'),('fields.a73e7c96-e9d2-4751-bf01-8a6baf5f3c46.type','\"craft\\\\fields\\\\PlainText\"'),('fs.imagesFs.hasUrls','true'),('fs.imagesFs.name','\"Images FS\"'),('fs.imagesFs.settings.path','\"@webroot/images\"'),('fs.imagesFs.type','\"craft\\\\fs\\\\Local\"'),('fs.imagesFs.url','\"@web/images\"'),('fs.internalFs.hasUrls','true'),('fs.internalFs.name','\"Internal FS\"'),('fs.internalFs.settings.path','\"@webroot/files\"'),('fs.internalFs.type','\"craft\\\\fs\\\\Local\"'),('fs.internalFs.url','\"@web/files\"'),('graphql.publicToken.enabled','true'),('graphql.publicToken.expiryDate','null'),('graphql.schemas.2be01897-dbaf-4c19-a6d9-db80ada8fc8f.isPublic','true'),('graphql.schemas.2be01897-dbaf-4c19-a6d9-db80ada8fc8f.name','\"Public Schema\"'),('matrixBlockTypes.19d8011f-2129-4d06-b597-49d7125063c7.field','\"95f98672-9562-44a0-8639-92d2b55ceeb6\"'),('matrixBlockTypes.19d8011f-2129-4d06-b597-49d7125063c7.fieldLayouts.0a8eb920-774e-4467-b009-325d6a5b47a6.tabs.0.elementCondition','null'),('matrixBlockTypes.19d8011f-2129-4d06-b597-49d7125063c7.fieldLayouts.0a8eb920-774e-4467-b009-325d6a5b47a6.tabs.0.elements.0.elementCondition','null'),('matrixBlockTypes.19d8011f-2129-4d06-b597-49d7125063c7.fieldLayouts.0a8eb920-774e-4467-b009-325d6a5b47a6.tabs.0.elements.0.fieldUid','\"63e734ee-d709-488a-bd8d-3a90ab070825\"'),('matrixBlockTypes.19d8011f-2129-4d06-b597-49d7125063c7.fieldLayouts.0a8eb920-774e-4467-b009-325d6a5b47a6.tabs.0.elements.0.instructions','null'),('matrixBlockTypes.19d8011f-2129-4d06-b597-49d7125063c7.fieldLayouts.0a8eb920-774e-4467-b009-325d6a5b47a6.tabs.0.elements.0.label','null'),('matrixBlockTypes.19d8011f-2129-4d06-b597-49d7125063c7.fieldLayouts.0a8eb920-774e-4467-b009-325d6a5b47a6.tabs.0.elements.0.required','true'),('matrixBlockTypes.19d8011f-2129-4d06-b597-49d7125063c7.fieldLayouts.0a8eb920-774e-4467-b009-325d6a5b47a6.tabs.0.elements.0.tip','null'),('matrixBlockTypes.19d8011f-2129-4d06-b597-49d7125063c7.fieldLayouts.0a8eb920-774e-4467-b009-325d6a5b47a6.tabs.0.elements.0.type','\"craft\\\\fieldlayoutelements\\\\CustomField\"'),('matrixBlockTypes.19d8011f-2129-4d06-b597-49d7125063c7.fieldLayouts.0a8eb920-774e-4467-b009-325d6a5b47a6.tabs.0.elements.0.uid','\"d6458e2f-6659-428f-bfed-105b9d672eea\"'),('matrixBlockTypes.19d8011f-2129-4d06-b597-49d7125063c7.fieldLayouts.0a8eb920-774e-4467-b009-325d6a5b47a6.tabs.0.elements.0.userCondition','null'),('matrixBlockTypes.19d8011f-2129-4d06-b597-49d7125063c7.fieldLayouts.0a8eb920-774e-4467-b009-325d6a5b47a6.tabs.0.elements.0.warning','null'),('matrixBlockTypes.19d8011f-2129-4d06-b597-49d7125063c7.fieldLayouts.0a8eb920-774e-4467-b009-325d6a5b47a6.tabs.0.elements.0.width','100'),('matrixBlockTypes.19d8011f-2129-4d06-b597-49d7125063c7.fieldLayouts.0a8eb920-774e-4467-b009-325d6a5b47a6.tabs.0.elements.1.elementCondition','null'),('matrixBlockTypes.19d8011f-2129-4d06-b597-49d7125063c7.fieldLayouts.0a8eb920-774e-4467-b009-325d6a5b47a6.tabs.0.elements.1.fieldUid','\"1eac01fa-9e12-426e-a043-60ae35acf391\"'),('matrixBlockTypes.19d8011f-2129-4d06-b597-49d7125063c7.fieldLayouts.0a8eb920-774e-4467-b009-325d6a5b47a6.tabs.0.elements.1.instructions','null'),('matrixBlockTypes.19d8011f-2129-4d06-b597-49d7125063c7.fieldLayouts.0a8eb920-774e-4467-b009-325d6a5b47a6.tabs.0.elements.1.label','null'),('matrixBlockTypes.19d8011f-2129-4d06-b597-49d7125063c7.fieldLayouts.0a8eb920-774e-4467-b009-325d6a5b47a6.tabs.0.elements.1.required','false'),('matrixBlockTypes.19d8011f-2129-4d06-b597-49d7125063c7.fieldLayouts.0a8eb920-774e-4467-b009-325d6a5b47a6.tabs.0.elements.1.tip','null'),('matrixBlockTypes.19d8011f-2129-4d06-b597-49d7125063c7.fieldLayouts.0a8eb920-774e-4467-b009-325d6a5b47a6.tabs.0.elements.1.type','\"craft\\\\fieldlayoutelements\\\\CustomField\"'),('matrixBlockTypes.19d8011f-2129-4d06-b597-49d7125063c7.fieldLayouts.0a8eb920-774e-4467-b009-325d6a5b47a6.tabs.0.elements.1.uid','\"44761774-ed94-4a0a-8278-6ea13d3b3d48\"'),('matrixBlockTypes.19d8011f-2129-4d06-b597-49d7125063c7.fieldLayouts.0a8eb920-774e-4467-b009-325d6a5b47a6.tabs.0.elements.1.userCondition','null'),('matrixBlockTypes.19d8011f-2129-4d06-b597-49d7125063c7.fieldLayouts.0a8eb920-774e-4467-b009-325d6a5b47a6.tabs.0.elements.1.warning','null'),('matrixBlockTypes.19d8011f-2129-4d06-b597-49d7125063c7.fieldLayouts.0a8eb920-774e-4467-b009-325d6a5b47a6.tabs.0.elements.1.width','100'),('matrixBlockTypes.19d8011f-2129-4d06-b597-49d7125063c7.fieldLayouts.0a8eb920-774e-4467-b009-325d6a5b47a6.tabs.0.elements.2.elementCondition','null'),('matrixBlockTypes.19d8011f-2129-4d06-b597-49d7125063c7.fieldLayouts.0a8eb920-774e-4467-b009-325d6a5b47a6.tabs.0.elements.2.fieldUid','\"eb230d0c-f88a-40de-a743-994de14eb8f8\"'),('matrixBlockTypes.19d8011f-2129-4d06-b597-49d7125063c7.fieldLayouts.0a8eb920-774e-4467-b009-325d6a5b47a6.tabs.0.elements.2.instructions','null'),('matrixBlockTypes.19d8011f-2129-4d06-b597-49d7125063c7.fieldLayouts.0a8eb920-774e-4467-b009-325d6a5b47a6.tabs.0.elements.2.label','null'),('matrixBlockTypes.19d8011f-2129-4d06-b597-49d7125063c7.fieldLayouts.0a8eb920-774e-4467-b009-325d6a5b47a6.tabs.0.elements.2.required','false'),('matrixBlockTypes.19d8011f-2129-4d06-b597-49d7125063c7.fieldLayouts.0a8eb920-774e-4467-b009-325d6a5b47a6.tabs.0.elements.2.tip','null'),('matrixBlockTypes.19d8011f-2129-4d06-b597-49d7125063c7.fieldLayouts.0a8eb920-774e-4467-b009-325d6a5b47a6.tabs.0.elements.2.type','\"craft\\\\fieldlayoutelements\\\\CustomField\"'),('matrixBlockTypes.19d8011f-2129-4d06-b597-49d7125063c7.fieldLayouts.0a8eb920-774e-4467-b009-325d6a5b47a6.tabs.0.elements.2.uid','\"867dfbcf-588a-435f-8dbd-b31e4d4a9347\"'),('matrixBlockTypes.19d8011f-2129-4d06-b597-49d7125063c7.fieldLayouts.0a8eb920-774e-4467-b009-325d6a5b47a6.tabs.0.elements.2.userCondition','null'),('matrixBlockTypes.19d8011f-2129-4d06-b597-49d7125063c7.fieldLayouts.0a8eb920-774e-4467-b009-325d6a5b47a6.tabs.0.elements.2.warning','null'),('matrixBlockTypes.19d8011f-2129-4d06-b597-49d7125063c7.fieldLayouts.0a8eb920-774e-4467-b009-325d6a5b47a6.tabs.0.elements.2.width','100'),('matrixBlockTypes.19d8011f-2129-4d06-b597-49d7125063c7.fieldLayouts.0a8eb920-774e-4467-b009-325d6a5b47a6.tabs.0.name','\"Content\"'),('matrixBlockTypes.19d8011f-2129-4d06-b597-49d7125063c7.fieldLayouts.0a8eb920-774e-4467-b009-325d6a5b47a6.tabs.0.uid','\"756bc6cb-dc8c-4411-a1ce-c980d292105f\"'),('matrixBlockTypes.19d8011f-2129-4d06-b597-49d7125063c7.fieldLayouts.0a8eb920-774e-4467-b009-325d6a5b47a6.tabs.0.userCondition','null'),('matrixBlockTypes.19d8011f-2129-4d06-b597-49d7125063c7.fields.1eac01fa-9e12-426e-a043-60ae35acf391.columnSuffix','\"ljffsgdr\"'),('matrixBlockTypes.19d8011f-2129-4d06-b597-49d7125063c7.fields.1eac01fa-9e12-426e-a043-60ae35acf391.contentColumnType','\"string(240)\"'),('matrixBlockTypes.19d8011f-2129-4d06-b597-49d7125063c7.fields.1eac01fa-9e12-426e-a043-60ae35acf391.fieldGroup','null'),('matrixBlockTypes.19d8011f-2129-4d06-b597-49d7125063c7.fields.1eac01fa-9e12-426e-a043-60ae35acf391.handle','\"cite\"'),('matrixBlockTypes.19d8011f-2129-4d06-b597-49d7125063c7.fields.1eac01fa-9e12-426e-a043-60ae35acf391.instructions','null'),('matrixBlockTypes.19d8011f-2129-4d06-b597-49d7125063c7.fields.1eac01fa-9e12-426e-a043-60ae35acf391.name','\"Cite\"'),('matrixBlockTypes.19d8011f-2129-4d06-b597-49d7125063c7.fields.1eac01fa-9e12-426e-a043-60ae35acf391.searchable','true'),('matrixBlockTypes.19d8011f-2129-4d06-b597-49d7125063c7.fields.1eac01fa-9e12-426e-a043-60ae35acf391.settings.byteLimit','null'),('matrixBlockTypes.19d8011f-2129-4d06-b597-49d7125063c7.fields.1eac01fa-9e12-426e-a043-60ae35acf391.settings.charLimit','60'),('matrixBlockTypes.19d8011f-2129-4d06-b597-49d7125063c7.fields.1eac01fa-9e12-426e-a043-60ae35acf391.settings.code','false'),('matrixBlockTypes.19d8011f-2129-4d06-b597-49d7125063c7.fields.1eac01fa-9e12-426e-a043-60ae35acf391.settings.columnType','null'),('matrixBlockTypes.19d8011f-2129-4d06-b597-49d7125063c7.fields.1eac01fa-9e12-426e-a043-60ae35acf391.settings.initialRows','4'),('matrixBlockTypes.19d8011f-2129-4d06-b597-49d7125063c7.fields.1eac01fa-9e12-426e-a043-60ae35acf391.settings.multiline','false'),('matrixBlockTypes.19d8011f-2129-4d06-b597-49d7125063c7.fields.1eac01fa-9e12-426e-a043-60ae35acf391.settings.placeholder','null'),('matrixBlockTypes.19d8011f-2129-4d06-b597-49d7125063c7.fields.1eac01fa-9e12-426e-a043-60ae35acf391.settings.uiMode','\"normal\"'),('matrixBlockTypes.19d8011f-2129-4d06-b597-49d7125063c7.fields.1eac01fa-9e12-426e-a043-60ae35acf391.translationKeyFormat','null'),('matrixBlockTypes.19d8011f-2129-4d06-b597-49d7125063c7.fields.1eac01fa-9e12-426e-a043-60ae35acf391.translationMethod','\"language\"'),('matrixBlockTypes.19d8011f-2129-4d06-b597-49d7125063c7.fields.1eac01fa-9e12-426e-a043-60ae35acf391.type','\"craft\\\\fields\\\\PlainText\"'),('matrixBlockTypes.19d8011f-2129-4d06-b597-49d7125063c7.fields.63e734ee-d709-488a-bd8d-3a90ab070825.columnSuffix','\"yfidlzze\"'),('matrixBlockTypes.19d8011f-2129-4d06-b597-49d7125063c7.fields.63e734ee-d709-488a-bd8d-3a90ab070825.contentColumnType','\"text\"'),('matrixBlockTypes.19d8011f-2129-4d06-b597-49d7125063c7.fields.63e734ee-d709-488a-bd8d-3a90ab070825.fieldGroup','null'),('matrixBlockTypes.19d8011f-2129-4d06-b597-49d7125063c7.fields.63e734ee-d709-488a-bd8d-3a90ab070825.handle','\"text\"'),('matrixBlockTypes.19d8011f-2129-4d06-b597-49d7125063c7.fields.63e734ee-d709-488a-bd8d-3a90ab070825.instructions','null'),('matrixBlockTypes.19d8011f-2129-4d06-b597-49d7125063c7.fields.63e734ee-d709-488a-bd8d-3a90ab070825.name','\"Text\"'),('matrixBlockTypes.19d8011f-2129-4d06-b597-49d7125063c7.fields.63e734ee-d709-488a-bd8d-3a90ab070825.searchable','true'),('matrixBlockTypes.19d8011f-2129-4d06-b597-49d7125063c7.fields.63e734ee-d709-488a-bd8d-3a90ab070825.settings.byteLimit','null'),('matrixBlockTypes.19d8011f-2129-4d06-b597-49d7125063c7.fields.63e734ee-d709-488a-bd8d-3a90ab070825.settings.charLimit','null'),('matrixBlockTypes.19d8011f-2129-4d06-b597-49d7125063c7.fields.63e734ee-d709-488a-bd8d-3a90ab070825.settings.code','false'),('matrixBlockTypes.19d8011f-2129-4d06-b597-49d7125063c7.fields.63e734ee-d709-488a-bd8d-3a90ab070825.settings.columnType','null'),('matrixBlockTypes.19d8011f-2129-4d06-b597-49d7125063c7.fields.63e734ee-d709-488a-bd8d-3a90ab070825.settings.initialRows','1'),('matrixBlockTypes.19d8011f-2129-4d06-b597-49d7125063c7.fields.63e734ee-d709-488a-bd8d-3a90ab070825.settings.multiline','true'),('matrixBlockTypes.19d8011f-2129-4d06-b597-49d7125063c7.fields.63e734ee-d709-488a-bd8d-3a90ab070825.settings.placeholder','null'),('matrixBlockTypes.19d8011f-2129-4d06-b597-49d7125063c7.fields.63e734ee-d709-488a-bd8d-3a90ab070825.settings.uiMode','\"normal\"'),('matrixBlockTypes.19d8011f-2129-4d06-b597-49d7125063c7.fields.63e734ee-d709-488a-bd8d-3a90ab070825.translationKeyFormat','null'),('matrixBlockTypes.19d8011f-2129-4d06-b597-49d7125063c7.fields.63e734ee-d709-488a-bd8d-3a90ab070825.translationMethod','\"language\"'),('matrixBlockTypes.19d8011f-2129-4d06-b597-49d7125063c7.fields.63e734ee-d709-488a-bd8d-3a90ab070825.type','\"craft\\\\fields\\\\PlainText\"'),('matrixBlockTypes.19d8011f-2129-4d06-b597-49d7125063c7.fields.eb230d0c-f88a-40de-a743-994de14eb8f8.columnSuffix','\"vdcfeeit\"'),('matrixBlockTypes.19d8011f-2129-4d06-b597-49d7125063c7.fields.eb230d0c-f88a-40de-a743-994de14eb8f8.contentColumnType','\"string\"'),('matrixBlockTypes.19d8011f-2129-4d06-b597-49d7125063c7.fields.eb230d0c-f88a-40de-a743-994de14eb8f8.fieldGroup','null'),('matrixBlockTypes.19d8011f-2129-4d06-b597-49d7125063c7.fields.eb230d0c-f88a-40de-a743-994de14eb8f8.handle','\"style\"'),('matrixBlockTypes.19d8011f-2129-4d06-b597-49d7125063c7.fields.eb230d0c-f88a-40de-a743-994de14eb8f8.instructions','null'),('matrixBlockTypes.19d8011f-2129-4d06-b597-49d7125063c7.fields.eb230d0c-f88a-40de-a743-994de14eb8f8.name','\"Style\"'),('matrixBlockTypes.19d8011f-2129-4d06-b597-49d7125063c7.fields.eb230d0c-f88a-40de-a743-994de14eb8f8.searchable','false'),('matrixBlockTypes.19d8011f-2129-4d06-b597-49d7125063c7.fields.eb230d0c-f88a-40de-a743-994de14eb8f8.settings.options.0.__assoc__.0.0','\"label\"'),('matrixBlockTypes.19d8011f-2129-4d06-b597-49d7125063c7.fields.eb230d0c-f88a-40de-a743-994de14eb8f8.settings.options.0.__assoc__.0.1','\"Default\"'),('matrixBlockTypes.19d8011f-2129-4d06-b597-49d7125063c7.fields.eb230d0c-f88a-40de-a743-994de14eb8f8.settings.options.0.__assoc__.1.0','\"value\"'),('matrixBlockTypes.19d8011f-2129-4d06-b597-49d7125063c7.fields.eb230d0c-f88a-40de-a743-994de14eb8f8.settings.options.0.__assoc__.1.1','\"default\"'),('matrixBlockTypes.19d8011f-2129-4d06-b597-49d7125063c7.fields.eb230d0c-f88a-40de-a743-994de14eb8f8.settings.options.0.__assoc__.2.0','\"default\"'),('matrixBlockTypes.19d8011f-2129-4d06-b597-49d7125063c7.fields.eb230d0c-f88a-40de-a743-994de14eb8f8.settings.options.0.__assoc__.2.1','\"1\"'),('matrixBlockTypes.19d8011f-2129-4d06-b597-49d7125063c7.fields.eb230d0c-f88a-40de-a743-994de14eb8f8.settings.options.1.__assoc__.0.0','\"label\"'),('matrixBlockTypes.19d8011f-2129-4d06-b597-49d7125063c7.fields.eb230d0c-f88a-40de-a743-994de14eb8f8.settings.options.1.__assoc__.0.1','\"Borders Top Bottom\"'),('matrixBlockTypes.19d8011f-2129-4d06-b597-49d7125063c7.fields.eb230d0c-f88a-40de-a743-994de14eb8f8.settings.options.1.__assoc__.1.0','\"value\"'),('matrixBlockTypes.19d8011f-2129-4d06-b597-49d7125063c7.fields.eb230d0c-f88a-40de-a743-994de14eb8f8.settings.options.1.__assoc__.1.1','\"bordersTopBottom\"'),('matrixBlockTypes.19d8011f-2129-4d06-b597-49d7125063c7.fields.eb230d0c-f88a-40de-a743-994de14eb8f8.settings.options.1.__assoc__.2.0','\"default\"'),('matrixBlockTypes.19d8011f-2129-4d06-b597-49d7125063c7.fields.eb230d0c-f88a-40de-a743-994de14eb8f8.settings.options.1.__assoc__.2.1','\"\"'),('matrixBlockTypes.19d8011f-2129-4d06-b597-49d7125063c7.fields.eb230d0c-f88a-40de-a743-994de14eb8f8.translationKeyFormat','null'),('matrixBlockTypes.19d8011f-2129-4d06-b597-49d7125063c7.fields.eb230d0c-f88a-40de-a743-994de14eb8f8.translationMethod','\"none\"'),('matrixBlockTypes.19d8011f-2129-4d06-b597-49d7125063c7.fields.eb230d0c-f88a-40de-a743-994de14eb8f8.type','\"craft\\\\fields\\\\Dropdown\"'),('matrixBlockTypes.19d8011f-2129-4d06-b597-49d7125063c7.handle','\"quote\"'),('matrixBlockTypes.19d8011f-2129-4d06-b597-49d7125063c7.name','\"Quote\"'),('matrixBlockTypes.19d8011f-2129-4d06-b597-49d7125063c7.sortOrder','4'),('matrixBlockTypes.78f9590c-8302-4bbc-8e62-39e3f6a2bd57.field','\"95f98672-9562-44a0-8639-92d2b55ceeb6\"'),('matrixBlockTypes.78f9590c-8302-4bbc-8e62-39e3f6a2bd57.fieldLayouts.6e414421-9c51-4c18-ae15-b858843720ed.tabs.0.elementCondition','null'),('matrixBlockTypes.78f9590c-8302-4bbc-8e62-39e3f6a2bd57.fieldLayouts.6e414421-9c51-4c18-ae15-b858843720ed.tabs.0.elements.0.elementCondition','null'),('matrixBlockTypes.78f9590c-8302-4bbc-8e62-39e3f6a2bd57.fieldLayouts.6e414421-9c51-4c18-ae15-b858843720ed.tabs.0.elements.0.fieldUid','\"78ba6fca-0979-4552-a36e-f6f7a001b0f5\"'),('matrixBlockTypes.78f9590c-8302-4bbc-8e62-39e3f6a2bd57.fieldLayouts.6e414421-9c51-4c18-ae15-b858843720ed.tabs.0.elements.0.instructions','null'),('matrixBlockTypes.78f9590c-8302-4bbc-8e62-39e3f6a2bd57.fieldLayouts.6e414421-9c51-4c18-ae15-b858843720ed.tabs.0.elements.0.label','null'),('matrixBlockTypes.78f9590c-8302-4bbc-8e62-39e3f6a2bd57.fieldLayouts.6e414421-9c51-4c18-ae15-b858843720ed.tabs.0.elements.0.required','true'),('matrixBlockTypes.78f9590c-8302-4bbc-8e62-39e3f6a2bd57.fieldLayouts.6e414421-9c51-4c18-ae15-b858843720ed.tabs.0.elements.0.tip','null'),('matrixBlockTypes.78f9590c-8302-4bbc-8e62-39e3f6a2bd57.fieldLayouts.6e414421-9c51-4c18-ae15-b858843720ed.tabs.0.elements.0.type','\"craft\\\\fieldlayoutelements\\\\CustomField\"'),('matrixBlockTypes.78f9590c-8302-4bbc-8e62-39e3f6a2bd57.fieldLayouts.6e414421-9c51-4c18-ae15-b858843720ed.tabs.0.elements.0.uid','\"d5c0bca6-0d1b-41e4-b861-ef78e7dfc7c8\"'),('matrixBlockTypes.78f9590c-8302-4bbc-8e62-39e3f6a2bd57.fieldLayouts.6e414421-9c51-4c18-ae15-b858843720ed.tabs.0.elements.0.userCondition','null'),('matrixBlockTypes.78f9590c-8302-4bbc-8e62-39e3f6a2bd57.fieldLayouts.6e414421-9c51-4c18-ae15-b858843720ed.tabs.0.elements.0.warning','null'),('matrixBlockTypes.78f9590c-8302-4bbc-8e62-39e3f6a2bd57.fieldLayouts.6e414421-9c51-4c18-ae15-b858843720ed.tabs.0.elements.0.width','100'),('matrixBlockTypes.78f9590c-8302-4bbc-8e62-39e3f6a2bd57.fieldLayouts.6e414421-9c51-4c18-ae15-b858843720ed.tabs.0.name','\"Content\"'),('matrixBlockTypes.78f9590c-8302-4bbc-8e62-39e3f6a2bd57.fieldLayouts.6e414421-9c51-4c18-ae15-b858843720ed.tabs.0.uid','\"cb85e172-be3d-443c-8def-36bee1a8c4a6\"'),('matrixBlockTypes.78f9590c-8302-4bbc-8e62-39e3f6a2bd57.fieldLayouts.6e414421-9c51-4c18-ae15-b858843720ed.tabs.0.userCondition','null'),('matrixBlockTypes.78f9590c-8302-4bbc-8e62-39e3f6a2bd57.fields.78ba6fca-0979-4552-a36e-f6f7a001b0f5.columnSuffix','\"badcaarf\"'),('matrixBlockTypes.78f9590c-8302-4bbc-8e62-39e3f6a2bd57.fields.78ba6fca-0979-4552-a36e-f6f7a001b0f5.contentColumnType','\"text\"'),('matrixBlockTypes.78f9590c-8302-4bbc-8e62-39e3f6a2bd57.fields.78ba6fca-0979-4552-a36e-f6f7a001b0f5.fieldGroup','null'),('matrixBlockTypes.78f9590c-8302-4bbc-8e62-39e3f6a2bd57.fields.78ba6fca-0979-4552-a36e-f6f7a001b0f5.handle','\"text\"'),('matrixBlockTypes.78f9590c-8302-4bbc-8e62-39e3f6a2bd57.fields.78ba6fca-0979-4552-a36e-f6f7a001b0f5.instructions','null'),('matrixBlockTypes.78f9590c-8302-4bbc-8e62-39e3f6a2bd57.fields.78ba6fca-0979-4552-a36e-f6f7a001b0f5.name','\"Text\"'),('matrixBlockTypes.78f9590c-8302-4bbc-8e62-39e3f6a2bd57.fields.78ba6fca-0979-4552-a36e-f6f7a001b0f5.searchable','true'),('matrixBlockTypes.78f9590c-8302-4bbc-8e62-39e3f6a2bd57.fields.78ba6fca-0979-4552-a36e-f6f7a001b0f5.settings.byteLimit','null'),('matrixBlockTypes.78f9590c-8302-4bbc-8e62-39e3f6a2bd57.fields.78ba6fca-0979-4552-a36e-f6f7a001b0f5.settings.charLimit','null'),('matrixBlockTypes.78f9590c-8302-4bbc-8e62-39e3f6a2bd57.fields.78ba6fca-0979-4552-a36e-f6f7a001b0f5.settings.code','false'),('matrixBlockTypes.78f9590c-8302-4bbc-8e62-39e3f6a2bd57.fields.78ba6fca-0979-4552-a36e-f6f7a001b0f5.settings.columnType','null'),('matrixBlockTypes.78f9590c-8302-4bbc-8e62-39e3f6a2bd57.fields.78ba6fca-0979-4552-a36e-f6f7a001b0f5.settings.initialRows','4'),('matrixBlockTypes.78f9590c-8302-4bbc-8e62-39e3f6a2bd57.fields.78ba6fca-0979-4552-a36e-f6f7a001b0f5.settings.multiline','true'),('matrixBlockTypes.78f9590c-8302-4bbc-8e62-39e3f6a2bd57.fields.78ba6fca-0979-4552-a36e-f6f7a001b0f5.settings.placeholder','null'),('matrixBlockTypes.78f9590c-8302-4bbc-8e62-39e3f6a2bd57.fields.78ba6fca-0979-4552-a36e-f6f7a001b0f5.settings.uiMode','\"normal\"'),('matrixBlockTypes.78f9590c-8302-4bbc-8e62-39e3f6a2bd57.fields.78ba6fca-0979-4552-a36e-f6f7a001b0f5.translationKeyFormat','null'),('matrixBlockTypes.78f9590c-8302-4bbc-8e62-39e3f6a2bd57.fields.78ba6fca-0979-4552-a36e-f6f7a001b0f5.translationMethod','\"language\"'),('matrixBlockTypes.78f9590c-8302-4bbc-8e62-39e3f6a2bd57.fields.78ba6fca-0979-4552-a36e-f6f7a001b0f5.type','\"craft\\\\fields\\\\PlainText\"'),('matrixBlockTypes.78f9590c-8302-4bbc-8e62-39e3f6a2bd57.handle','\"text\"'),('matrixBlockTypes.78f9590c-8302-4bbc-8e62-39e3f6a2bd57.name','\"Text\"'),('matrixBlockTypes.78f9590c-8302-4bbc-8e62-39e3f6a2bd57.sortOrder','2'),('matrixBlockTypes.a33610ee-ece8-47a1-949e-94477da5fd4d.field','\"95f98672-9562-44a0-8639-92d2b55ceeb6\"'),('matrixBlockTypes.a33610ee-ece8-47a1-949e-94477da5fd4d.fieldLayouts.b96ba22c-1dc3-4984-9618-dba5bf9072e1.tabs.0.elementCondition','null'),('matrixBlockTypes.a33610ee-ece8-47a1-949e-94477da5fd4d.fieldLayouts.b96ba22c-1dc3-4984-9618-dba5bf9072e1.tabs.0.elements.0.elementCondition','null'),('matrixBlockTypes.a33610ee-ece8-47a1-949e-94477da5fd4d.fieldLayouts.b96ba22c-1dc3-4984-9618-dba5bf9072e1.tabs.0.elements.0.fieldUid','\"abb455ba-032b-461d-9c8d-dca9ed3fc7bd\"'),('matrixBlockTypes.a33610ee-ece8-47a1-949e-94477da5fd4d.fieldLayouts.b96ba22c-1dc3-4984-9618-dba5bf9072e1.tabs.0.elements.0.instructions','null'),('matrixBlockTypes.a33610ee-ece8-47a1-949e-94477da5fd4d.fieldLayouts.b96ba22c-1dc3-4984-9618-dba5bf9072e1.tabs.0.elements.0.label','null'),('matrixBlockTypes.a33610ee-ece8-47a1-949e-94477da5fd4d.fieldLayouts.b96ba22c-1dc3-4984-9618-dba5bf9072e1.tabs.0.elements.0.required','true'),('matrixBlockTypes.a33610ee-ece8-47a1-949e-94477da5fd4d.fieldLayouts.b96ba22c-1dc3-4984-9618-dba5bf9072e1.tabs.0.elements.0.tip','null'),('matrixBlockTypes.a33610ee-ece8-47a1-949e-94477da5fd4d.fieldLayouts.b96ba22c-1dc3-4984-9618-dba5bf9072e1.tabs.0.elements.0.type','\"craft\\\\fieldlayoutelements\\\\CustomField\"'),('matrixBlockTypes.a33610ee-ece8-47a1-949e-94477da5fd4d.fieldLayouts.b96ba22c-1dc3-4984-9618-dba5bf9072e1.tabs.0.elements.0.uid','\"53b039bc-1e34-432c-adfd-6ebaa5e40260\"'),('matrixBlockTypes.a33610ee-ece8-47a1-949e-94477da5fd4d.fieldLayouts.b96ba22c-1dc3-4984-9618-dba5bf9072e1.tabs.0.elements.0.userCondition','null'),('matrixBlockTypes.a33610ee-ece8-47a1-949e-94477da5fd4d.fieldLayouts.b96ba22c-1dc3-4984-9618-dba5bf9072e1.tabs.0.elements.0.warning','null'),('matrixBlockTypes.a33610ee-ece8-47a1-949e-94477da5fd4d.fieldLayouts.b96ba22c-1dc3-4984-9618-dba5bf9072e1.tabs.0.elements.0.width','100'),('matrixBlockTypes.a33610ee-ece8-47a1-949e-94477da5fd4d.fieldLayouts.b96ba22c-1dc3-4984-9618-dba5bf9072e1.tabs.0.elements.1.elementCondition','null'),('matrixBlockTypes.a33610ee-ece8-47a1-949e-94477da5fd4d.fieldLayouts.b96ba22c-1dc3-4984-9618-dba5bf9072e1.tabs.0.elements.1.fieldUid','\"4b9eed77-fa62-4ecc-9486-744a64f075d4\"'),('matrixBlockTypes.a33610ee-ece8-47a1-949e-94477da5fd4d.fieldLayouts.b96ba22c-1dc3-4984-9618-dba5bf9072e1.tabs.0.elements.1.instructions','null'),('matrixBlockTypes.a33610ee-ece8-47a1-949e-94477da5fd4d.fieldLayouts.b96ba22c-1dc3-4984-9618-dba5bf9072e1.tabs.0.elements.1.label','null'),('matrixBlockTypes.a33610ee-ece8-47a1-949e-94477da5fd4d.fieldLayouts.b96ba22c-1dc3-4984-9618-dba5bf9072e1.tabs.0.elements.1.required','false'),('matrixBlockTypes.a33610ee-ece8-47a1-949e-94477da5fd4d.fieldLayouts.b96ba22c-1dc3-4984-9618-dba5bf9072e1.tabs.0.elements.1.tip','null'),('matrixBlockTypes.a33610ee-ece8-47a1-949e-94477da5fd4d.fieldLayouts.b96ba22c-1dc3-4984-9618-dba5bf9072e1.tabs.0.elements.1.type','\"craft\\\\fieldlayoutelements\\\\CustomField\"'),('matrixBlockTypes.a33610ee-ece8-47a1-949e-94477da5fd4d.fieldLayouts.b96ba22c-1dc3-4984-9618-dba5bf9072e1.tabs.0.elements.1.uid','\"e7f50fae-c8f1-4a55-9231-3186509b9f19\"'),('matrixBlockTypes.a33610ee-ece8-47a1-949e-94477da5fd4d.fieldLayouts.b96ba22c-1dc3-4984-9618-dba5bf9072e1.tabs.0.elements.1.userCondition','null'),('matrixBlockTypes.a33610ee-ece8-47a1-949e-94477da5fd4d.fieldLayouts.b96ba22c-1dc3-4984-9618-dba5bf9072e1.tabs.0.elements.1.warning','null'),('matrixBlockTypes.a33610ee-ece8-47a1-949e-94477da5fd4d.fieldLayouts.b96ba22c-1dc3-4984-9618-dba5bf9072e1.tabs.0.elements.1.width','100'),('matrixBlockTypes.a33610ee-ece8-47a1-949e-94477da5fd4d.fieldLayouts.b96ba22c-1dc3-4984-9618-dba5bf9072e1.tabs.0.name','\"Content\"'),('matrixBlockTypes.a33610ee-ece8-47a1-949e-94477da5fd4d.fieldLayouts.b96ba22c-1dc3-4984-9618-dba5bf9072e1.tabs.0.uid','\"76e79da0-ac5e-42ef-b095-ff42e4ff2b28\"'),('matrixBlockTypes.a33610ee-ece8-47a1-949e-94477da5fd4d.fieldLayouts.b96ba22c-1dc3-4984-9618-dba5bf9072e1.tabs.0.userCondition','null'),('matrixBlockTypes.a33610ee-ece8-47a1-949e-94477da5fd4d.fields.4b9eed77-fa62-4ecc-9486-744a64f075d4.columnSuffix','\"xngnntxq\"'),('matrixBlockTypes.a33610ee-ece8-47a1-949e-94477da5fd4d.fields.4b9eed77-fa62-4ecc-9486-744a64f075d4.contentColumnType','\"string(250)\"'),('matrixBlockTypes.a33610ee-ece8-47a1-949e-94477da5fd4d.fields.4b9eed77-fa62-4ecc-9486-744a64f075d4.fieldGroup','null'),('matrixBlockTypes.a33610ee-ece8-47a1-949e-94477da5fd4d.fields.4b9eed77-fa62-4ecc-9486-744a64f075d4.handle','\"caption\"'),('matrixBlockTypes.a33610ee-ece8-47a1-949e-94477da5fd4d.fields.4b9eed77-fa62-4ecc-9486-744a64f075d4.instructions','null'),('matrixBlockTypes.a33610ee-ece8-47a1-949e-94477da5fd4d.fields.4b9eed77-fa62-4ecc-9486-744a64f075d4.name','\"Caption\"'),('matrixBlockTypes.a33610ee-ece8-47a1-949e-94477da5fd4d.fields.4b9eed77-fa62-4ecc-9486-744a64f075d4.searchable','true'),('matrixBlockTypes.a33610ee-ece8-47a1-949e-94477da5fd4d.fields.4b9eed77-fa62-4ecc-9486-744a64f075d4.settings.byteLimit','250'),('matrixBlockTypes.a33610ee-ece8-47a1-949e-94477da5fd4d.fields.4b9eed77-fa62-4ecc-9486-744a64f075d4.settings.charLimit','null'),('matrixBlockTypes.a33610ee-ece8-47a1-949e-94477da5fd4d.fields.4b9eed77-fa62-4ecc-9486-744a64f075d4.settings.code','false'),('matrixBlockTypes.a33610ee-ece8-47a1-949e-94477da5fd4d.fields.4b9eed77-fa62-4ecc-9486-744a64f075d4.settings.columnType','null'),('matrixBlockTypes.a33610ee-ece8-47a1-949e-94477da5fd4d.fields.4b9eed77-fa62-4ecc-9486-744a64f075d4.settings.initialRows','4'),('matrixBlockTypes.a33610ee-ece8-47a1-949e-94477da5fd4d.fields.4b9eed77-fa62-4ecc-9486-744a64f075d4.settings.multiline','false'),('matrixBlockTypes.a33610ee-ece8-47a1-949e-94477da5fd4d.fields.4b9eed77-fa62-4ecc-9486-744a64f075d4.settings.placeholder','null'),('matrixBlockTypes.a33610ee-ece8-47a1-949e-94477da5fd4d.fields.4b9eed77-fa62-4ecc-9486-744a64f075d4.settings.uiMode','\"normal\"'),('matrixBlockTypes.a33610ee-ece8-47a1-949e-94477da5fd4d.fields.4b9eed77-fa62-4ecc-9486-744a64f075d4.translationKeyFormat','null'),('matrixBlockTypes.a33610ee-ece8-47a1-949e-94477da5fd4d.fields.4b9eed77-fa62-4ecc-9486-744a64f075d4.translationMethod','\"language\"'),('matrixBlockTypes.a33610ee-ece8-47a1-949e-94477da5fd4d.fields.4b9eed77-fa62-4ecc-9486-744a64f075d4.type','\"craft\\\\fields\\\\PlainText\"'),('matrixBlockTypes.a33610ee-ece8-47a1-949e-94477da5fd4d.fields.abb455ba-032b-461d-9c8d-dca9ed3fc7bd.columnSuffix','null'),('matrixBlockTypes.a33610ee-ece8-47a1-949e-94477da5fd4d.fields.abb455ba-032b-461d-9c8d-dca9ed3fc7bd.contentColumnType','\"string\"'),('matrixBlockTypes.a33610ee-ece8-47a1-949e-94477da5fd4d.fields.abb455ba-032b-461d-9c8d-dca9ed3fc7bd.fieldGroup','null'),('matrixBlockTypes.a33610ee-ece8-47a1-949e-94477da5fd4d.fields.abb455ba-032b-461d-9c8d-dca9ed3fc7bd.handle','\"image\"'),('matrixBlockTypes.a33610ee-ece8-47a1-949e-94477da5fd4d.fields.abb455ba-032b-461d-9c8d-dca9ed3fc7bd.instructions','\"At least 768px wide\"'),('matrixBlockTypes.a33610ee-ece8-47a1-949e-94477da5fd4d.fields.abb455ba-032b-461d-9c8d-dca9ed3fc7bd.name','\"Image\"'),('matrixBlockTypes.a33610ee-ece8-47a1-949e-94477da5fd4d.fields.abb455ba-032b-461d-9c8d-dca9ed3fc7bd.searchable','true'),('matrixBlockTypes.a33610ee-ece8-47a1-949e-94477da5fd4d.fields.abb455ba-032b-461d-9c8d-dca9ed3fc7bd.settings.allowedKinds.0','\"image\"'),('matrixBlockTypes.a33610ee-ece8-47a1-949e-94477da5fd4d.fields.abb455ba-032b-461d-9c8d-dca9ed3fc7bd.settings.allowSelfRelations','false'),('matrixBlockTypes.a33610ee-ece8-47a1-949e-94477da5fd4d.fields.abb455ba-032b-461d-9c8d-dca9ed3fc7bd.settings.allowSubfolders','false'),('matrixBlockTypes.a33610ee-ece8-47a1-949e-94477da5fd4d.fields.abb455ba-032b-461d-9c8d-dca9ed3fc7bd.settings.allowUploads','true'),('matrixBlockTypes.a33610ee-ece8-47a1-949e-94477da5fd4d.fields.abb455ba-032b-461d-9c8d-dca9ed3fc7bd.settings.branchLimit','null'),('matrixBlockTypes.a33610ee-ece8-47a1-949e-94477da5fd4d.fields.abb455ba-032b-461d-9c8d-dca9ed3fc7bd.settings.defaultUploadLocationSource','\"volume:c9a4fbad-6ca0-4e20-ba72-da2c14a38190\"'),('matrixBlockTypes.a33610ee-ece8-47a1-949e-94477da5fd4d.fields.abb455ba-032b-461d-9c8d-dca9ed3fc7bd.settings.defaultUploadLocationSubpath','null'),('matrixBlockTypes.a33610ee-ece8-47a1-949e-94477da5fd4d.fields.abb455ba-032b-461d-9c8d-dca9ed3fc7bd.settings.localizeRelations','false'),('matrixBlockTypes.a33610ee-ece8-47a1-949e-94477da5fd4d.fields.abb455ba-032b-461d-9c8d-dca9ed3fc7bd.settings.maintainHierarchy','false'),('matrixBlockTypes.a33610ee-ece8-47a1-949e-94477da5fd4d.fields.abb455ba-032b-461d-9c8d-dca9ed3fc7bd.settings.maxRelations','1'),('matrixBlockTypes.a33610ee-ece8-47a1-949e-94477da5fd4d.fields.abb455ba-032b-461d-9c8d-dca9ed3fc7bd.settings.minRelations','null'),('matrixBlockTypes.a33610ee-ece8-47a1-949e-94477da5fd4d.fields.abb455ba-032b-461d-9c8d-dca9ed3fc7bd.settings.previewMode','\"thumbs\"'),('matrixBlockTypes.a33610ee-ece8-47a1-949e-94477da5fd4d.fields.abb455ba-032b-461d-9c8d-dca9ed3fc7bd.settings.restrictedDefaultUploadSubpath','null'),('matrixBlockTypes.a33610ee-ece8-47a1-949e-94477da5fd4d.fields.abb455ba-032b-461d-9c8d-dca9ed3fc7bd.settings.restrictedLocationSource','\"volume:c9a4fbad-6ca0-4e20-ba72-da2c14a38190\"'),('matrixBlockTypes.a33610ee-ece8-47a1-949e-94477da5fd4d.fields.abb455ba-032b-461d-9c8d-dca9ed3fc7bd.settings.restrictedLocationSubpath','null'),('matrixBlockTypes.a33610ee-ece8-47a1-949e-94477da5fd4d.fields.abb455ba-032b-461d-9c8d-dca9ed3fc7bd.settings.restrictFiles','true'),('matrixBlockTypes.a33610ee-ece8-47a1-949e-94477da5fd4d.fields.abb455ba-032b-461d-9c8d-dca9ed3fc7bd.settings.restrictLocation','false'),('matrixBlockTypes.a33610ee-ece8-47a1-949e-94477da5fd4d.fields.abb455ba-032b-461d-9c8d-dca9ed3fc7bd.settings.selectionCondition.__assoc__.0.0','\"elementType\"'),('matrixBlockTypes.a33610ee-ece8-47a1-949e-94477da5fd4d.fields.abb455ba-032b-461d-9c8d-dca9ed3fc7bd.settings.selectionCondition.__assoc__.0.1','\"craft\\\\elements\\\\Asset\"'),('matrixBlockTypes.a33610ee-ece8-47a1-949e-94477da5fd4d.fields.abb455ba-032b-461d-9c8d-dca9ed3fc7bd.settings.selectionCondition.__assoc__.1.0','\"fieldContext\"'),('matrixBlockTypes.a33610ee-ece8-47a1-949e-94477da5fd4d.fields.abb455ba-032b-461d-9c8d-dca9ed3fc7bd.settings.selectionCondition.__assoc__.1.1','\"global\"'),('matrixBlockTypes.a33610ee-ece8-47a1-949e-94477da5fd4d.fields.abb455ba-032b-461d-9c8d-dca9ed3fc7bd.settings.selectionCondition.__assoc__.2.0','\"class\"'),('matrixBlockTypes.a33610ee-ece8-47a1-949e-94477da5fd4d.fields.abb455ba-032b-461d-9c8d-dca9ed3fc7bd.settings.selectionCondition.__assoc__.2.1','\"craft\\\\elements\\\\conditions\\\\assets\\\\AssetCondition\"'),('matrixBlockTypes.a33610ee-ece8-47a1-949e-94477da5fd4d.fields.abb455ba-032b-461d-9c8d-dca9ed3fc7bd.settings.selectionCondition.__assoc__.3.0','\"conditionRules\"'),('matrixBlockTypes.a33610ee-ece8-47a1-949e-94477da5fd4d.fields.abb455ba-032b-461d-9c8d-dca9ed3fc7bd.settings.selectionCondition.__assoc__.3.1.0.__assoc__.0.0','\"class\"'),('matrixBlockTypes.a33610ee-ece8-47a1-949e-94477da5fd4d.fields.abb455ba-032b-461d-9c8d-dca9ed3fc7bd.settings.selectionCondition.__assoc__.3.1.0.__assoc__.0.1','\"craft\\\\elements\\\\conditions\\\\assets\\\\WidthConditionRule\"'),('matrixBlockTypes.a33610ee-ece8-47a1-949e-94477da5fd4d.fields.abb455ba-032b-461d-9c8d-dca9ed3fc7bd.settings.selectionCondition.__assoc__.3.1.0.__assoc__.1.0','\"uid\"'),('matrixBlockTypes.a33610ee-ece8-47a1-949e-94477da5fd4d.fields.abb455ba-032b-461d-9c8d-dca9ed3fc7bd.settings.selectionCondition.__assoc__.3.1.0.__assoc__.1.1','\"73c6baec-2203-47fa-bee7-633be75c6120\"'),('matrixBlockTypes.a33610ee-ece8-47a1-949e-94477da5fd4d.fields.abb455ba-032b-461d-9c8d-dca9ed3fc7bd.settings.selectionCondition.__assoc__.3.1.0.__assoc__.2.0','\"operator\"'),('matrixBlockTypes.a33610ee-ece8-47a1-949e-94477da5fd4d.fields.abb455ba-032b-461d-9c8d-dca9ed3fc7bd.settings.selectionCondition.__assoc__.3.1.0.__assoc__.2.1','\">=\"'),('matrixBlockTypes.a33610ee-ece8-47a1-949e-94477da5fd4d.fields.abb455ba-032b-461d-9c8d-dca9ed3fc7bd.settings.selectionCondition.__assoc__.3.1.0.__assoc__.3.0','\"value\"'),('matrixBlockTypes.a33610ee-ece8-47a1-949e-94477da5fd4d.fields.abb455ba-032b-461d-9c8d-dca9ed3fc7bd.settings.selectionCondition.__assoc__.3.1.0.__assoc__.3.1','\"768\"'),('matrixBlockTypes.a33610ee-ece8-47a1-949e-94477da5fd4d.fields.abb455ba-032b-461d-9c8d-dca9ed3fc7bd.settings.selectionCondition.__assoc__.3.1.0.__assoc__.4.0','\"maxValue\"'),('matrixBlockTypes.a33610ee-ece8-47a1-949e-94477da5fd4d.fields.abb455ba-032b-461d-9c8d-dca9ed3fc7bd.settings.selectionCondition.__assoc__.3.1.0.__assoc__.4.1','\"\"'),('matrixBlockTypes.a33610ee-ece8-47a1-949e-94477da5fd4d.fields.abb455ba-032b-461d-9c8d-dca9ed3fc7bd.settings.selectionLabel','\"Select an image\"'),('matrixBlockTypes.a33610ee-ece8-47a1-949e-94477da5fd4d.fields.abb455ba-032b-461d-9c8d-dca9ed3fc7bd.settings.showSiteMenu','false'),('matrixBlockTypes.a33610ee-ece8-47a1-949e-94477da5fd4d.fields.abb455ba-032b-461d-9c8d-dca9ed3fc7bd.settings.showUnpermittedFiles','false'),('matrixBlockTypes.a33610ee-ece8-47a1-949e-94477da5fd4d.fields.abb455ba-032b-461d-9c8d-dca9ed3fc7bd.settings.showUnpermittedVolumes','false'),('matrixBlockTypes.a33610ee-ece8-47a1-949e-94477da5fd4d.fields.abb455ba-032b-461d-9c8d-dca9ed3fc7bd.settings.sources.0','\"volume:c9a4fbad-6ca0-4e20-ba72-da2c14a38190\"'),('matrixBlockTypes.a33610ee-ece8-47a1-949e-94477da5fd4d.fields.abb455ba-032b-461d-9c8d-dca9ed3fc7bd.settings.targetSiteId','null'),('matrixBlockTypes.a33610ee-ece8-47a1-949e-94477da5fd4d.fields.abb455ba-032b-461d-9c8d-dca9ed3fc7bd.settings.validateRelatedElements','false'),('matrixBlockTypes.a33610ee-ece8-47a1-949e-94477da5fd4d.fields.abb455ba-032b-461d-9c8d-dca9ed3fc7bd.settings.viewMode','\"large\"'),('matrixBlockTypes.a33610ee-ece8-47a1-949e-94477da5fd4d.fields.abb455ba-032b-461d-9c8d-dca9ed3fc7bd.translationKeyFormat','null'),('matrixBlockTypes.a33610ee-ece8-47a1-949e-94477da5fd4d.fields.abb455ba-032b-461d-9c8d-dca9ed3fc7bd.translationMethod','\"site\"'),('matrixBlockTypes.a33610ee-ece8-47a1-949e-94477da5fd4d.fields.abb455ba-032b-461d-9c8d-dca9ed3fc7bd.type','\"craft\\\\fields\\\\Assets\"'),('matrixBlockTypes.a33610ee-ece8-47a1-949e-94477da5fd4d.handle','\"image\"'),('matrixBlockTypes.a33610ee-ece8-47a1-949e-94477da5fd4d.name','\"Image\"'),('matrixBlockTypes.a33610ee-ece8-47a1-949e-94477da5fd4d.sortOrder','3'),('matrixBlockTypes.a3605555-7165-4ea9-a338-870db2eba7ca.field','\"95f98672-9562-44a0-8639-92d2b55ceeb6\"'),('matrixBlockTypes.a3605555-7165-4ea9-a338-870db2eba7ca.fieldLayouts.41e5d65a-c578-41e0-8470-21b000104054.tabs.0.elementCondition','null'),('matrixBlockTypes.a3605555-7165-4ea9-a338-870db2eba7ca.fieldLayouts.41e5d65a-c578-41e0-8470-21b000104054.tabs.0.elements.0.elementCondition','null'),('matrixBlockTypes.a3605555-7165-4ea9-a338-870db2eba7ca.fieldLayouts.41e5d65a-c578-41e0-8470-21b000104054.tabs.0.elements.0.fieldUid','\"a4a0dfdc-289d-4d50-baae-6a3215a85701\"'),('matrixBlockTypes.a3605555-7165-4ea9-a338-870db2eba7ca.fieldLayouts.41e5d65a-c578-41e0-8470-21b000104054.tabs.0.elements.0.instructions','null'),('matrixBlockTypes.a3605555-7165-4ea9-a338-870db2eba7ca.fieldLayouts.41e5d65a-c578-41e0-8470-21b000104054.tabs.0.elements.0.label','null'),('matrixBlockTypes.a3605555-7165-4ea9-a338-870db2eba7ca.fieldLayouts.41e5d65a-c578-41e0-8470-21b000104054.tabs.0.elements.0.required','true'),('matrixBlockTypes.a3605555-7165-4ea9-a338-870db2eba7ca.fieldLayouts.41e5d65a-c578-41e0-8470-21b000104054.tabs.0.elements.0.tip','null'),('matrixBlockTypes.a3605555-7165-4ea9-a338-870db2eba7ca.fieldLayouts.41e5d65a-c578-41e0-8470-21b000104054.tabs.0.elements.0.type','\"craft\\\\fieldlayoutelements\\\\CustomField\"'),('matrixBlockTypes.a3605555-7165-4ea9-a338-870db2eba7ca.fieldLayouts.41e5d65a-c578-41e0-8470-21b000104054.tabs.0.elements.0.uid','\"f4e83568-6458-4bf3-9b47-b1359fa7dd54\"'),('matrixBlockTypes.a3605555-7165-4ea9-a338-870db2eba7ca.fieldLayouts.41e5d65a-c578-41e0-8470-21b000104054.tabs.0.elements.0.userCondition','null'),('matrixBlockTypes.a3605555-7165-4ea9-a338-870db2eba7ca.fieldLayouts.41e5d65a-c578-41e0-8470-21b000104054.tabs.0.elements.0.warning','null'),('matrixBlockTypes.a3605555-7165-4ea9-a338-870db2eba7ca.fieldLayouts.41e5d65a-c578-41e0-8470-21b000104054.tabs.0.elements.0.width','75'),('matrixBlockTypes.a3605555-7165-4ea9-a338-870db2eba7ca.fieldLayouts.41e5d65a-c578-41e0-8470-21b000104054.tabs.0.elements.1.elementCondition','null'),('matrixBlockTypes.a3605555-7165-4ea9-a338-870db2eba7ca.fieldLayouts.41e5d65a-c578-41e0-8470-21b000104054.tabs.0.elements.1.fieldUid','\"5c400efe-2716-4221-a54a-4ebaf6a3c6cb\"'),('matrixBlockTypes.a3605555-7165-4ea9-a338-870db2eba7ca.fieldLayouts.41e5d65a-c578-41e0-8470-21b000104054.tabs.0.elements.1.instructions','null'),('matrixBlockTypes.a3605555-7165-4ea9-a338-870db2eba7ca.fieldLayouts.41e5d65a-c578-41e0-8470-21b000104054.tabs.0.elements.1.label','null'),('matrixBlockTypes.a3605555-7165-4ea9-a338-870db2eba7ca.fieldLayouts.41e5d65a-c578-41e0-8470-21b000104054.tabs.0.elements.1.required','true'),('matrixBlockTypes.a3605555-7165-4ea9-a338-870db2eba7ca.fieldLayouts.41e5d65a-c578-41e0-8470-21b000104054.tabs.0.elements.1.tip','null'),('matrixBlockTypes.a3605555-7165-4ea9-a338-870db2eba7ca.fieldLayouts.41e5d65a-c578-41e0-8470-21b000104054.tabs.0.elements.1.type','\"craft\\\\fieldlayoutelements\\\\CustomField\"'),('matrixBlockTypes.a3605555-7165-4ea9-a338-870db2eba7ca.fieldLayouts.41e5d65a-c578-41e0-8470-21b000104054.tabs.0.elements.1.uid','\"fdcd6c78-b61f-4ad7-80cc-58b9e85b6e96\"'),('matrixBlockTypes.a3605555-7165-4ea9-a338-870db2eba7ca.fieldLayouts.41e5d65a-c578-41e0-8470-21b000104054.tabs.0.elements.1.userCondition','null'),('matrixBlockTypes.a3605555-7165-4ea9-a338-870db2eba7ca.fieldLayouts.41e5d65a-c578-41e0-8470-21b000104054.tabs.0.elements.1.warning','null'),('matrixBlockTypes.a3605555-7165-4ea9-a338-870db2eba7ca.fieldLayouts.41e5d65a-c578-41e0-8470-21b000104054.tabs.0.elements.1.width','25'),('matrixBlockTypes.a3605555-7165-4ea9-a338-870db2eba7ca.fieldLayouts.41e5d65a-c578-41e0-8470-21b000104054.tabs.0.name','\"Content\"'),('matrixBlockTypes.a3605555-7165-4ea9-a338-870db2eba7ca.fieldLayouts.41e5d65a-c578-41e0-8470-21b000104054.tabs.0.uid','\"7d31a66e-6de9-46b8-8336-1205bfe7bb56\"'),('matrixBlockTypes.a3605555-7165-4ea9-a338-870db2eba7ca.fieldLayouts.41e5d65a-c578-41e0-8470-21b000104054.tabs.0.userCondition','null'),('matrixBlockTypes.a3605555-7165-4ea9-a338-870db2eba7ca.fields.5c400efe-2716-4221-a54a-4ebaf6a3c6cb.columnSuffix','\"xiqfbbjz\"'),('matrixBlockTypes.a3605555-7165-4ea9-a338-870db2eba7ca.fields.5c400efe-2716-4221-a54a-4ebaf6a3c6cb.contentColumnType','\"string\"'),('matrixBlockTypes.a3605555-7165-4ea9-a338-870db2eba7ca.fields.5c400efe-2716-4221-a54a-4ebaf6a3c6cb.fieldGroup','null'),('matrixBlockTypes.a3605555-7165-4ea9-a338-870db2eba7ca.fields.5c400efe-2716-4221-a54a-4ebaf6a3c6cb.handle','\"headingLevel\"'),('matrixBlockTypes.a3605555-7165-4ea9-a338-870db2eba7ca.fields.5c400efe-2716-4221-a54a-4ebaf6a3c6cb.instructions','null'),('matrixBlockTypes.a3605555-7165-4ea9-a338-870db2eba7ca.fields.5c400efe-2716-4221-a54a-4ebaf6a3c6cb.name','\"Heading Level\"'),('matrixBlockTypes.a3605555-7165-4ea9-a338-870db2eba7ca.fields.5c400efe-2716-4221-a54a-4ebaf6a3c6cb.searchable','false'),('matrixBlockTypes.a3605555-7165-4ea9-a338-870db2eba7ca.fields.5c400efe-2716-4221-a54a-4ebaf6a3c6cb.settings.options.0.__assoc__.0.0','\"label\"'),('matrixBlockTypes.a3605555-7165-4ea9-a338-870db2eba7ca.fields.5c400efe-2716-4221-a54a-4ebaf6a3c6cb.settings.options.0.__assoc__.0.1','\"H2\"'),('matrixBlockTypes.a3605555-7165-4ea9-a338-870db2eba7ca.fields.5c400efe-2716-4221-a54a-4ebaf6a3c6cb.settings.options.0.__assoc__.1.0','\"value\"'),('matrixBlockTypes.a3605555-7165-4ea9-a338-870db2eba7ca.fields.5c400efe-2716-4221-a54a-4ebaf6a3c6cb.settings.options.0.__assoc__.1.1','\"h2\"'),('matrixBlockTypes.a3605555-7165-4ea9-a338-870db2eba7ca.fields.5c400efe-2716-4221-a54a-4ebaf6a3c6cb.settings.options.0.__assoc__.2.0','\"default\"'),('matrixBlockTypes.a3605555-7165-4ea9-a338-870db2eba7ca.fields.5c400efe-2716-4221-a54a-4ebaf6a3c6cb.settings.options.0.__assoc__.2.1','\"1\"'),('matrixBlockTypes.a3605555-7165-4ea9-a338-870db2eba7ca.fields.5c400efe-2716-4221-a54a-4ebaf6a3c6cb.settings.options.1.__assoc__.0.0','\"label\"'),('matrixBlockTypes.a3605555-7165-4ea9-a338-870db2eba7ca.fields.5c400efe-2716-4221-a54a-4ebaf6a3c6cb.settings.options.1.__assoc__.0.1','\"H3\"'),('matrixBlockTypes.a3605555-7165-4ea9-a338-870db2eba7ca.fields.5c400efe-2716-4221-a54a-4ebaf6a3c6cb.settings.options.1.__assoc__.1.0','\"value\"'),('matrixBlockTypes.a3605555-7165-4ea9-a338-870db2eba7ca.fields.5c400efe-2716-4221-a54a-4ebaf6a3c6cb.settings.options.1.__assoc__.1.1','\"h3\"'),('matrixBlockTypes.a3605555-7165-4ea9-a338-870db2eba7ca.fields.5c400efe-2716-4221-a54a-4ebaf6a3c6cb.settings.options.1.__assoc__.2.0','\"default\"'),('matrixBlockTypes.a3605555-7165-4ea9-a338-870db2eba7ca.fields.5c400efe-2716-4221-a54a-4ebaf6a3c6cb.settings.options.1.__assoc__.2.1','\"\"'),('matrixBlockTypes.a3605555-7165-4ea9-a338-870db2eba7ca.fields.5c400efe-2716-4221-a54a-4ebaf6a3c6cb.translationKeyFormat','null'),('matrixBlockTypes.a3605555-7165-4ea9-a338-870db2eba7ca.fields.5c400efe-2716-4221-a54a-4ebaf6a3c6cb.translationMethod','\"none\"'),('matrixBlockTypes.a3605555-7165-4ea9-a338-870db2eba7ca.fields.5c400efe-2716-4221-a54a-4ebaf6a3c6cb.type','\"craft\\\\fields\\\\Dropdown\"'),('matrixBlockTypes.a3605555-7165-4ea9-a338-870db2eba7ca.fields.a4a0dfdc-289d-4d50-baae-6a3215a85701.columnSuffix','\"ehszctzg\"'),('matrixBlockTypes.a3605555-7165-4ea9-a338-870db2eba7ca.fields.a4a0dfdc-289d-4d50-baae-6a3215a85701.contentColumnType','\"string(240)\"'),('matrixBlockTypes.a3605555-7165-4ea9-a338-870db2eba7ca.fields.a4a0dfdc-289d-4d50-baae-6a3215a85701.fieldGroup','null'),('matrixBlockTypes.a3605555-7165-4ea9-a338-870db2eba7ca.fields.a4a0dfdc-289d-4d50-baae-6a3215a85701.handle','\"text\"'),('matrixBlockTypes.a3605555-7165-4ea9-a338-870db2eba7ca.fields.a4a0dfdc-289d-4d50-baae-6a3215a85701.instructions','null'),('matrixBlockTypes.a3605555-7165-4ea9-a338-870db2eba7ca.fields.a4a0dfdc-289d-4d50-baae-6a3215a85701.name','\"Text\"'),('matrixBlockTypes.a3605555-7165-4ea9-a338-870db2eba7ca.fields.a4a0dfdc-289d-4d50-baae-6a3215a85701.searchable','true'),('matrixBlockTypes.a3605555-7165-4ea9-a338-870db2eba7ca.fields.a4a0dfdc-289d-4d50-baae-6a3215a85701.settings.byteLimit','null'),('matrixBlockTypes.a3605555-7165-4ea9-a338-870db2eba7ca.fields.a4a0dfdc-289d-4d50-baae-6a3215a85701.settings.charLimit','60'),('matrixBlockTypes.a3605555-7165-4ea9-a338-870db2eba7ca.fields.a4a0dfdc-289d-4d50-baae-6a3215a85701.settings.code','false'),('matrixBlockTypes.a3605555-7165-4ea9-a338-870db2eba7ca.fields.a4a0dfdc-289d-4d50-baae-6a3215a85701.settings.columnType','null'),('matrixBlockTypes.a3605555-7165-4ea9-a338-870db2eba7ca.fields.a4a0dfdc-289d-4d50-baae-6a3215a85701.settings.initialRows','4'),('matrixBlockTypes.a3605555-7165-4ea9-a338-870db2eba7ca.fields.a4a0dfdc-289d-4d50-baae-6a3215a85701.settings.multiline','false'),('matrixBlockTypes.a3605555-7165-4ea9-a338-870db2eba7ca.fields.a4a0dfdc-289d-4d50-baae-6a3215a85701.settings.placeholder','null'),('matrixBlockTypes.a3605555-7165-4ea9-a338-870db2eba7ca.fields.a4a0dfdc-289d-4d50-baae-6a3215a85701.settings.uiMode','\"normal\"'),('matrixBlockTypes.a3605555-7165-4ea9-a338-870db2eba7ca.fields.a4a0dfdc-289d-4d50-baae-6a3215a85701.translationKeyFormat','null'),('matrixBlockTypes.a3605555-7165-4ea9-a338-870db2eba7ca.fields.a4a0dfdc-289d-4d50-baae-6a3215a85701.translationMethod','\"language\"'),('matrixBlockTypes.a3605555-7165-4ea9-a338-870db2eba7ca.fields.a4a0dfdc-289d-4d50-baae-6a3215a85701.type','\"craft\\\\fields\\\\PlainText\"'),('matrixBlockTypes.a3605555-7165-4ea9-a338-870db2eba7ca.handle','\"heading\"'),('matrixBlockTypes.a3605555-7165-4ea9-a338-870db2eba7ca.name','\"Heading\"'),('matrixBlockTypes.a3605555-7165-4ea9-a338-870db2eba7ca.sortOrder','1'),('meta.__names__.0837f34c-eb77-4cca-bded-4b9c2d688a90','\"Site Name\"'),('meta.__names__.0e989e8d-658a-4a1e-acf5-edb2387959ab','\"Post Index\"'),('meta.__names__.18e8e721-36cd-4c7a-a02a-44c513fb3cb8','\"Default\"'),('meta.__names__.19a49103-3b3e-48c0-955b-996599d8c651','\"Default\"'),('meta.__names__.19d8011f-2129-4d06-b597-49d7125063c7','\"Quote\"'),('meta.__names__.1d65442c-c0b9-46f4-8518-9a6c53e21bc1','\"Featured Image\"'),('meta.__names__.1eac01fa-9e12-426e-a043-60ae35acf391','\"Cite\"'),('meta.__names__.21e8b35e-5b6d-4f11-bc0e-26fcaa107ce8','\"Home\"'),('meta.__names__.2393c71c-94e8-4e90-bb19-949696b8be0b','\"English\"'),('meta.__names__.2be01897-dbaf-4c19-a6d9-db80ada8fc8f','\"Public Schema\"'),('meta.__names__.32d347b0-ea6e-469f-92f8-d59f3fd496c7','\"Public Schema\"'),('meta.__names__.4b9eed77-fa62-4ecc-9486-744a64f075d4','\"Caption\"'),('meta.__names__.560e7c36-f763-440f-b9b5-1d87228bc6df','\"Copyright\"'),('meta.__names__.585f70b2-f84a-47ff-ad71-3faff9698ba9','\"Post\"'),('meta.__names__.5c400efe-2716-4221-a54a-4ebaf6a3c6cb','\"Heading Level\"'),('meta.__names__.5f021491-7c29-4320-be70-454d594268af','\"Page\"'),('meta.__names__.63e734ee-d709-488a-bd8d-3a90ab070825','\"Text\"'),('meta.__names__.761cddc2-d969-4560-b5de-4bf2a393cb8a','\"Common\"'),('meta.__names__.78ba6fca-0979-4552-a36e-f6f7a001b0f5','\"Text\"'),('meta.__names__.78f9590c-8302-4bbc-8e62-39e3f6a2bd57','\"Text\"'),('meta.__names__.817d3d1a-d840-41a0-85a2-898d07aef769','\"Default\"'),('meta.__names__.8937bb02-c9d0-460b-81ef-1f1bda00e1f7','\"Site Info - Global Settings\"'),('meta.__names__.9013e485-c018-45be-825d-d7223ee50703','\"Public Schema\"'),('meta.__names__.95f98672-9562-44a0-8639-92d2b55ceeb6','\"Body Content\"'),('meta.__names__.a33610ee-ece8-47a1-949e-94477da5fd4d','\"Image\"'),('meta.__names__.a3605555-7165-4ea9-a338-870db2eba7ca','\"Heading\"'),('meta.__names__.a4a0dfdc-289d-4d50-baae-6a3215a85701','\"Text\"'),('meta.__names__.a73e7c96-e9d2-4751-bf01-8a6baf5f3c46','\"Alt Text\"'),('meta.__names__.a7f4b9fd-a554-4545-af32-3b57544c9432','\"Site Info - Global Settings\"'),('meta.__names__.ab2052c5-b53a-4cbd-b95d-96ea7489c375','\"Home\"'),('meta.__names__.abb455ba-032b-461d-9c8d-dca9ed3fc7bd','\"Image\"'),('meta.__names__.b7acd2cf-9449-4637-a40c-2e266a19cc19','\"Deutsch\"'),('meta.__names__.bbbea387-f8a6-43f7-ab94-dc572bd0cc77','\"Site\"'),('meta.__names__.c9a4fbad-6ca0-4e20-ba72-da2c14a38190','\"Images\"'),('meta.__names__.eb230d0c-f88a-40de-a743-994de14eb8f8','\"Style\"'),('meta.__names__.efd6d899-7b71-4318-8402-669e92416168','\"System Files\"'),('sections.21e8b35e-5b6d-4f11-bc0e-26fcaa107ce8.defaultPlacement','\"end\"'),('sections.21e8b35e-5b6d-4f11-bc0e-26fcaa107ce8.enableVersioning','true'),('sections.21e8b35e-5b6d-4f11-bc0e-26fcaa107ce8.handle','\"home\"'),('sections.21e8b35e-5b6d-4f11-bc0e-26fcaa107ce8.name','\"Home\"'),('sections.21e8b35e-5b6d-4f11-bc0e-26fcaa107ce8.propagationMethod','\"all\"'),('sections.21e8b35e-5b6d-4f11-bc0e-26fcaa107ce8.siteSettings.2393c71c-94e8-4e90-bb19-949696b8be0b.enabledByDefault','true'),('sections.21e8b35e-5b6d-4f11-bc0e-26fcaa107ce8.siteSettings.2393c71c-94e8-4e90-bb19-949696b8be0b.hasUrls','true'),('sections.21e8b35e-5b6d-4f11-bc0e-26fcaa107ce8.siteSettings.2393c71c-94e8-4e90-bb19-949696b8be0b.template','\"_sections/home\"'),('sections.21e8b35e-5b6d-4f11-bc0e-26fcaa107ce8.siteSettings.2393c71c-94e8-4e90-bb19-949696b8be0b.uriFormat','\"__home__\"'),('sections.21e8b35e-5b6d-4f11-bc0e-26fcaa107ce8.siteSettings.b7acd2cf-9449-4637-a40c-2e266a19cc19.enabledByDefault','true'),('sections.21e8b35e-5b6d-4f11-bc0e-26fcaa107ce8.siteSettings.b7acd2cf-9449-4637-a40c-2e266a19cc19.hasUrls','true'),('sections.21e8b35e-5b6d-4f11-bc0e-26fcaa107ce8.siteSettings.b7acd2cf-9449-4637-a40c-2e266a19cc19.template','\"_sections/home\"'),('sections.21e8b35e-5b6d-4f11-bc0e-26fcaa107ce8.siteSettings.b7acd2cf-9449-4637-a40c-2e266a19cc19.uriFormat','\"__home__\"'),('sections.21e8b35e-5b6d-4f11-bc0e-26fcaa107ce8.type','\"single\"'),('sections.585f70b2-f84a-47ff-ad71-3faff9698ba9.defaultPlacement','\"end\"'),('sections.585f70b2-f84a-47ff-ad71-3faff9698ba9.enableVersioning','true'),('sections.585f70b2-f84a-47ff-ad71-3faff9698ba9.handle','\"post\"'),('sections.585f70b2-f84a-47ff-ad71-3faff9698ba9.name','\"Post\"'),('sections.585f70b2-f84a-47ff-ad71-3faff9698ba9.propagationMethod','\"all\"'),('sections.585f70b2-f84a-47ff-ad71-3faff9698ba9.siteSettings.2393c71c-94e8-4e90-bb19-949696b8be0b.enabledByDefault','true'),('sections.585f70b2-f84a-47ff-ad71-3faff9698ba9.siteSettings.2393c71c-94e8-4e90-bb19-949696b8be0b.hasUrls','true'),('sections.585f70b2-f84a-47ff-ad71-3faff9698ba9.siteSettings.2393c71c-94e8-4e90-bb19-949696b8be0b.template','\"_sections/post\"'),('sections.585f70b2-f84a-47ff-ad71-3faff9698ba9.siteSettings.2393c71c-94e8-4e90-bb19-949696b8be0b.uriFormat','\"posts/{slug}\"'),('sections.585f70b2-f84a-47ff-ad71-3faff9698ba9.siteSettings.b7acd2cf-9449-4637-a40c-2e266a19cc19.enabledByDefault','true'),('sections.585f70b2-f84a-47ff-ad71-3faff9698ba9.siteSettings.b7acd2cf-9449-4637-a40c-2e266a19cc19.hasUrls','true'),('sections.585f70b2-f84a-47ff-ad71-3faff9698ba9.siteSettings.b7acd2cf-9449-4637-a40c-2e266a19cc19.template','\"_sections/post\"'),('sections.585f70b2-f84a-47ff-ad71-3faff9698ba9.siteSettings.b7acd2cf-9449-4637-a40c-2e266a19cc19.uriFormat','\"beitraege/{slug}\"'),('sections.585f70b2-f84a-47ff-ad71-3faff9698ba9.type','\"channel\"'),('sections.5f021491-7c29-4320-be70-454d594268af.defaultPlacement','\"end\"'),('sections.5f021491-7c29-4320-be70-454d594268af.enableVersioning','true'),('sections.5f021491-7c29-4320-be70-454d594268af.handle','\"page\"'),('sections.5f021491-7c29-4320-be70-454d594268af.name','\"Page\"'),('sections.5f021491-7c29-4320-be70-454d594268af.propagationMethod','\"all\"'),('sections.5f021491-7c29-4320-be70-454d594268af.siteSettings.2393c71c-94e8-4e90-bb19-949696b8be0b.enabledByDefault','true'),('sections.5f021491-7c29-4320-be70-454d594268af.siteSettings.2393c71c-94e8-4e90-bb19-949696b8be0b.hasUrls','true'),('sections.5f021491-7c29-4320-be70-454d594268af.siteSettings.2393c71c-94e8-4e90-bb19-949696b8be0b.template','\"_sections/page\"'),('sections.5f021491-7c29-4320-be70-454d594268af.siteSettings.2393c71c-94e8-4e90-bb19-949696b8be0b.uriFormat','\"{parent.uri}/{slug}\"'),('sections.5f021491-7c29-4320-be70-454d594268af.siteSettings.b7acd2cf-9449-4637-a40c-2e266a19cc19.enabledByDefault','true'),('sections.5f021491-7c29-4320-be70-454d594268af.siteSettings.b7acd2cf-9449-4637-a40c-2e266a19cc19.hasUrls','true'),('sections.5f021491-7c29-4320-be70-454d594268af.siteSettings.b7acd2cf-9449-4637-a40c-2e266a19cc19.template','\"_sections/page\"'),('sections.5f021491-7c29-4320-be70-454d594268af.siteSettings.b7acd2cf-9449-4637-a40c-2e266a19cc19.uriFormat','\"{parent.uri}/{slug}\"'),('sections.5f021491-7c29-4320-be70-454d594268af.structure.maxLevels','null'),('sections.5f021491-7c29-4320-be70-454d594268af.structure.uid','\"a60ce745-c40e-446a-bf07-59109de5651d\"'),('sections.5f021491-7c29-4320-be70-454d594268af.type','\"structure\"'),('sections.a7f4b9fd-a554-4545-af32-3b57544c9432.defaultPlacement','\"end\"'),('sections.a7f4b9fd-a554-4545-af32-3b57544c9432.enableVersioning','true'),('sections.a7f4b9fd-a554-4545-af32-3b57544c9432.handle','\"siteInfo\"'),('sections.a7f4b9fd-a554-4545-af32-3b57544c9432.name','\"Site Info - Global Settings\"'),('sections.a7f4b9fd-a554-4545-af32-3b57544c9432.propagationMethod','\"all\"'),('sections.a7f4b9fd-a554-4545-af32-3b57544c9432.siteSettings.2393c71c-94e8-4e90-bb19-949696b8be0b.enabledByDefault','true'),('sections.a7f4b9fd-a554-4545-af32-3b57544c9432.siteSettings.2393c71c-94e8-4e90-bb19-949696b8be0b.hasUrls','false'),('sections.a7f4b9fd-a554-4545-af32-3b57544c9432.siteSettings.2393c71c-94e8-4e90-bb19-949696b8be0b.template','null'),('sections.a7f4b9fd-a554-4545-af32-3b57544c9432.siteSettings.2393c71c-94e8-4e90-bb19-949696b8be0b.uriFormat','null'),('sections.a7f4b9fd-a554-4545-af32-3b57544c9432.siteSettings.b7acd2cf-9449-4637-a40c-2e266a19cc19.enabledByDefault','true'),('sections.a7f4b9fd-a554-4545-af32-3b57544c9432.siteSettings.b7acd2cf-9449-4637-a40c-2e266a19cc19.hasUrls','false'),('sections.a7f4b9fd-a554-4545-af32-3b57544c9432.siteSettings.b7acd2cf-9449-4637-a40c-2e266a19cc19.template','null'),('sections.a7f4b9fd-a554-4545-af32-3b57544c9432.siteSettings.b7acd2cf-9449-4637-a40c-2e266a19cc19.uriFormat','null'),('sections.a7f4b9fd-a554-4545-af32-3b57544c9432.type','\"single\"'),('siteGroups.18e8e721-36cd-4c7a-a02a-44c513fb3cb8.name','\"Default\"'),('sites.2393c71c-94e8-4e90-bb19-949696b8be0b.baseUrl','\"@web/en\"'),('sites.2393c71c-94e8-4e90-bb19-949696b8be0b.enabled','true'),('sites.2393c71c-94e8-4e90-bb19-949696b8be0b.handle','\"en\"'),('sites.2393c71c-94e8-4e90-bb19-949696b8be0b.hasUrls','true'),('sites.2393c71c-94e8-4e90-bb19-949696b8be0b.language','\"en-US\"'),('sites.2393c71c-94e8-4e90-bb19-949696b8be0b.name','\"English\"'),('sites.2393c71c-94e8-4e90-bb19-949696b8be0b.primary','true'),('sites.2393c71c-94e8-4e90-bb19-949696b8be0b.siteGroup','\"18e8e721-36cd-4c7a-a02a-44c513fb3cb8\"'),('sites.2393c71c-94e8-4e90-bb19-949696b8be0b.sortOrder','1'),('sites.b7acd2cf-9449-4637-a40c-2e266a19cc19.baseUrl','\"@web/de\"'),('sites.b7acd2cf-9449-4637-a40c-2e266a19cc19.enabled','\"1\"'),('sites.b7acd2cf-9449-4637-a40c-2e266a19cc19.handle','\"de\"'),('sites.b7acd2cf-9449-4637-a40c-2e266a19cc19.hasUrls','true'),('sites.b7acd2cf-9449-4637-a40c-2e266a19cc19.language','\"de-DE\"'),('sites.b7acd2cf-9449-4637-a40c-2e266a19cc19.name','\"Deutsch\"'),('sites.b7acd2cf-9449-4637-a40c-2e266a19cc19.primary','false'),('sites.b7acd2cf-9449-4637-a40c-2e266a19cc19.siteGroup','\"18e8e721-36cd-4c7a-a02a-44c513fb3cb8\"'),('sites.b7acd2cf-9449-4637-a40c-2e266a19cc19.sortOrder','2'),('system.edition','\"solo\"'),('system.live','true'),('system.name','\"$SYSTEM_NAME\"'),('system.retryDuration','null'),('system.schemaVersion','\"4.4.0.4\"'),('system.timeZone','\"Europe/Berlin\"'),('users.allowPublicRegistration','false'),('users.deactivateByDefault','false'),('users.defaultGroup','null'),('users.photoSubpath','\"userphotos\"'),('users.photoVolumeUid','\"efd6d899-7b71-4318-8402-669e92416168\"'),('users.requireEmailVerification','true'),('volumes.c9a4fbad-6ca0-4e20-ba72-da2c14a38190.fieldLayouts.a9d58556-baca-4c30-916a-bef0d1ee1f14.tabs.0.elementCondition','null'),('volumes.c9a4fbad-6ca0-4e20-ba72-da2c14a38190.fieldLayouts.a9d58556-baca-4c30-916a-bef0d1ee1f14.tabs.0.elements.0.autocapitalize','true'),('volumes.c9a4fbad-6ca0-4e20-ba72-da2c14a38190.fieldLayouts.a9d58556-baca-4c30-916a-bef0d1ee1f14.tabs.0.elements.0.autocomplete','false'),('volumes.c9a4fbad-6ca0-4e20-ba72-da2c14a38190.fieldLayouts.a9d58556-baca-4c30-916a-bef0d1ee1f14.tabs.0.elements.0.autocorrect','true'),('volumes.c9a4fbad-6ca0-4e20-ba72-da2c14a38190.fieldLayouts.a9d58556-baca-4c30-916a-bef0d1ee1f14.tabs.0.elements.0.class','null'),('volumes.c9a4fbad-6ca0-4e20-ba72-da2c14a38190.fieldLayouts.a9d58556-baca-4c30-916a-bef0d1ee1f14.tabs.0.elements.0.disabled','false'),('volumes.c9a4fbad-6ca0-4e20-ba72-da2c14a38190.fieldLayouts.a9d58556-baca-4c30-916a-bef0d1ee1f14.tabs.0.elements.0.elementCondition','null'),('volumes.c9a4fbad-6ca0-4e20-ba72-da2c14a38190.fieldLayouts.a9d58556-baca-4c30-916a-bef0d1ee1f14.tabs.0.elements.0.id','null'),('volumes.c9a4fbad-6ca0-4e20-ba72-da2c14a38190.fieldLayouts.a9d58556-baca-4c30-916a-bef0d1ee1f14.tabs.0.elements.0.instructions','null'),('volumes.c9a4fbad-6ca0-4e20-ba72-da2c14a38190.fieldLayouts.a9d58556-baca-4c30-916a-bef0d1ee1f14.tabs.0.elements.0.label','null'),('volumes.c9a4fbad-6ca0-4e20-ba72-da2c14a38190.fieldLayouts.a9d58556-baca-4c30-916a-bef0d1ee1f14.tabs.0.elements.0.max','null'),('volumes.c9a4fbad-6ca0-4e20-ba72-da2c14a38190.fieldLayouts.a9d58556-baca-4c30-916a-bef0d1ee1f14.tabs.0.elements.0.min','null'),('volumes.c9a4fbad-6ca0-4e20-ba72-da2c14a38190.fieldLayouts.a9d58556-baca-4c30-916a-bef0d1ee1f14.tabs.0.elements.0.name','null'),('volumes.c9a4fbad-6ca0-4e20-ba72-da2c14a38190.fieldLayouts.a9d58556-baca-4c30-916a-bef0d1ee1f14.tabs.0.elements.0.orientation','null'),('volumes.c9a4fbad-6ca0-4e20-ba72-da2c14a38190.fieldLayouts.a9d58556-baca-4c30-916a-bef0d1ee1f14.tabs.0.elements.0.placeholder','null'),('volumes.c9a4fbad-6ca0-4e20-ba72-da2c14a38190.fieldLayouts.a9d58556-baca-4c30-916a-bef0d1ee1f14.tabs.0.elements.0.readonly','false'),('volumes.c9a4fbad-6ca0-4e20-ba72-da2c14a38190.fieldLayouts.a9d58556-baca-4c30-916a-bef0d1ee1f14.tabs.0.elements.0.requirable','false'),('volumes.c9a4fbad-6ca0-4e20-ba72-da2c14a38190.fieldLayouts.a9d58556-baca-4c30-916a-bef0d1ee1f14.tabs.0.elements.0.size','null'),('volumes.c9a4fbad-6ca0-4e20-ba72-da2c14a38190.fieldLayouts.a9d58556-baca-4c30-916a-bef0d1ee1f14.tabs.0.elements.0.step','null'),('volumes.c9a4fbad-6ca0-4e20-ba72-da2c14a38190.fieldLayouts.a9d58556-baca-4c30-916a-bef0d1ee1f14.tabs.0.elements.0.tip','null'),('volumes.c9a4fbad-6ca0-4e20-ba72-da2c14a38190.fieldLayouts.a9d58556-baca-4c30-916a-bef0d1ee1f14.tabs.0.elements.0.title','null'),('volumes.c9a4fbad-6ca0-4e20-ba72-da2c14a38190.fieldLayouts.a9d58556-baca-4c30-916a-bef0d1ee1f14.tabs.0.elements.0.type','\"craft\\\\fieldlayoutelements\\\\assets\\\\AssetTitleField\"'),('volumes.c9a4fbad-6ca0-4e20-ba72-da2c14a38190.fieldLayouts.a9d58556-baca-4c30-916a-bef0d1ee1f14.tabs.0.elements.0.uid','\"be381213-38ff-4fec-a714-0d5578979925\"'),('volumes.c9a4fbad-6ca0-4e20-ba72-da2c14a38190.fieldLayouts.a9d58556-baca-4c30-916a-bef0d1ee1f14.tabs.0.elements.0.userCondition','null'),('volumes.c9a4fbad-6ca0-4e20-ba72-da2c14a38190.fieldLayouts.a9d58556-baca-4c30-916a-bef0d1ee1f14.tabs.0.elements.0.warning','null'),('volumes.c9a4fbad-6ca0-4e20-ba72-da2c14a38190.fieldLayouts.a9d58556-baca-4c30-916a-bef0d1ee1f14.tabs.0.elements.0.width','100'),('volumes.c9a4fbad-6ca0-4e20-ba72-da2c14a38190.fieldLayouts.a9d58556-baca-4c30-916a-bef0d1ee1f14.tabs.0.elements.1.elementCondition','null'),('volumes.c9a4fbad-6ca0-4e20-ba72-da2c14a38190.fieldLayouts.a9d58556-baca-4c30-916a-bef0d1ee1f14.tabs.0.elements.1.fieldUid','\"a73e7c96-e9d2-4751-bf01-8a6baf5f3c46\"'),('volumes.c9a4fbad-6ca0-4e20-ba72-da2c14a38190.fieldLayouts.a9d58556-baca-4c30-916a-bef0d1ee1f14.tabs.0.elements.1.instructions','null'),('volumes.c9a4fbad-6ca0-4e20-ba72-da2c14a38190.fieldLayouts.a9d58556-baca-4c30-916a-bef0d1ee1f14.tabs.0.elements.1.label','null'),('volumes.c9a4fbad-6ca0-4e20-ba72-da2c14a38190.fieldLayouts.a9d58556-baca-4c30-916a-bef0d1ee1f14.tabs.0.elements.1.required','true'),('volumes.c9a4fbad-6ca0-4e20-ba72-da2c14a38190.fieldLayouts.a9d58556-baca-4c30-916a-bef0d1ee1f14.tabs.0.elements.1.tip','null'),('volumes.c9a4fbad-6ca0-4e20-ba72-da2c14a38190.fieldLayouts.a9d58556-baca-4c30-916a-bef0d1ee1f14.tabs.0.elements.1.type','\"craft\\\\fieldlayoutelements\\\\CustomField\"'),('volumes.c9a4fbad-6ca0-4e20-ba72-da2c14a38190.fieldLayouts.a9d58556-baca-4c30-916a-bef0d1ee1f14.tabs.0.elements.1.uid','\"64372242-c3cf-4a77-b3b3-90704f40d841\"'),('volumes.c9a4fbad-6ca0-4e20-ba72-da2c14a38190.fieldLayouts.a9d58556-baca-4c30-916a-bef0d1ee1f14.tabs.0.elements.1.userCondition','null'),('volumes.c9a4fbad-6ca0-4e20-ba72-da2c14a38190.fieldLayouts.a9d58556-baca-4c30-916a-bef0d1ee1f14.tabs.0.elements.1.warning','null'),('volumes.c9a4fbad-6ca0-4e20-ba72-da2c14a38190.fieldLayouts.a9d58556-baca-4c30-916a-bef0d1ee1f14.tabs.0.elements.1.width','100'),('volumes.c9a4fbad-6ca0-4e20-ba72-da2c14a38190.fieldLayouts.a9d58556-baca-4c30-916a-bef0d1ee1f14.tabs.0.elements.2.elementCondition','null'),('volumes.c9a4fbad-6ca0-4e20-ba72-da2c14a38190.fieldLayouts.a9d58556-baca-4c30-916a-bef0d1ee1f14.tabs.0.elements.2.fieldUid','\"560e7c36-f763-440f-b9b5-1d87228bc6df\"'),('volumes.c9a4fbad-6ca0-4e20-ba72-da2c14a38190.fieldLayouts.a9d58556-baca-4c30-916a-bef0d1ee1f14.tabs.0.elements.2.instructions','null'),('volumes.c9a4fbad-6ca0-4e20-ba72-da2c14a38190.fieldLayouts.a9d58556-baca-4c30-916a-bef0d1ee1f14.tabs.0.elements.2.label','null'),('volumes.c9a4fbad-6ca0-4e20-ba72-da2c14a38190.fieldLayouts.a9d58556-baca-4c30-916a-bef0d1ee1f14.tabs.0.elements.2.required','false'),('volumes.c9a4fbad-6ca0-4e20-ba72-da2c14a38190.fieldLayouts.a9d58556-baca-4c30-916a-bef0d1ee1f14.tabs.0.elements.2.tip','null'),('volumes.c9a4fbad-6ca0-4e20-ba72-da2c14a38190.fieldLayouts.a9d58556-baca-4c30-916a-bef0d1ee1f14.tabs.0.elements.2.type','\"craft\\\\fieldlayoutelements\\\\CustomField\"'),('volumes.c9a4fbad-6ca0-4e20-ba72-da2c14a38190.fieldLayouts.a9d58556-baca-4c30-916a-bef0d1ee1f14.tabs.0.elements.2.uid','\"230731e5-bcd8-4470-b580-6f1577e6f6fc\"'),('volumes.c9a4fbad-6ca0-4e20-ba72-da2c14a38190.fieldLayouts.a9d58556-baca-4c30-916a-bef0d1ee1f14.tabs.0.elements.2.userCondition','null'),('volumes.c9a4fbad-6ca0-4e20-ba72-da2c14a38190.fieldLayouts.a9d58556-baca-4c30-916a-bef0d1ee1f14.tabs.0.elements.2.warning','null'),('volumes.c9a4fbad-6ca0-4e20-ba72-da2c14a38190.fieldLayouts.a9d58556-baca-4c30-916a-bef0d1ee1f14.tabs.0.elements.2.width','100'),('volumes.c9a4fbad-6ca0-4e20-ba72-da2c14a38190.fieldLayouts.a9d58556-baca-4c30-916a-bef0d1ee1f14.tabs.0.name','\"Content\"'),('volumes.c9a4fbad-6ca0-4e20-ba72-da2c14a38190.fieldLayouts.a9d58556-baca-4c30-916a-bef0d1ee1f14.tabs.0.uid','\"c1e3a4d5-1e1c-4d1a-990f-39e3b823150c\"'),('volumes.c9a4fbad-6ca0-4e20-ba72-da2c14a38190.fieldLayouts.a9d58556-baca-4c30-916a-bef0d1ee1f14.tabs.0.userCondition','null'),('volumes.c9a4fbad-6ca0-4e20-ba72-da2c14a38190.fs','\"imagesFs\"'),('volumes.c9a4fbad-6ca0-4e20-ba72-da2c14a38190.handle','\"images\"'),('volumes.c9a4fbad-6ca0-4e20-ba72-da2c14a38190.name','\"Images\"'),('volumes.c9a4fbad-6ca0-4e20-ba72-da2c14a38190.sortOrder','1'),('volumes.c9a4fbad-6ca0-4e20-ba72-da2c14a38190.titleTranslationKeyFormat','null'),('volumes.c9a4fbad-6ca0-4e20-ba72-da2c14a38190.titleTranslationMethod','\"language\"'),('volumes.c9a4fbad-6ca0-4e20-ba72-da2c14a38190.transformFs','\"internalFs\"'),('volumes.c9a4fbad-6ca0-4e20-ba72-da2c14a38190.transformSubpath','\"images\"'),('volumes.efd6d899-7b71-4318-8402-669e92416168.fieldLayouts.1ee5afe0-0146-443b-abef-4a7ccb1d2137.tabs.0.elementCondition','null'),('volumes.efd6d899-7b71-4318-8402-669e92416168.fieldLayouts.1ee5afe0-0146-443b-abef-4a7ccb1d2137.tabs.0.elements.0.autocapitalize','true'),('volumes.efd6d899-7b71-4318-8402-669e92416168.fieldLayouts.1ee5afe0-0146-443b-abef-4a7ccb1d2137.tabs.0.elements.0.autocomplete','false'),('volumes.efd6d899-7b71-4318-8402-669e92416168.fieldLayouts.1ee5afe0-0146-443b-abef-4a7ccb1d2137.tabs.0.elements.0.autocorrect','true'),('volumes.efd6d899-7b71-4318-8402-669e92416168.fieldLayouts.1ee5afe0-0146-443b-abef-4a7ccb1d2137.tabs.0.elements.0.class','null'),('volumes.efd6d899-7b71-4318-8402-669e92416168.fieldLayouts.1ee5afe0-0146-443b-abef-4a7ccb1d2137.tabs.0.elements.0.disabled','false'),('volumes.efd6d899-7b71-4318-8402-669e92416168.fieldLayouts.1ee5afe0-0146-443b-abef-4a7ccb1d2137.tabs.0.elements.0.elementCondition','null'),('volumes.efd6d899-7b71-4318-8402-669e92416168.fieldLayouts.1ee5afe0-0146-443b-abef-4a7ccb1d2137.tabs.0.elements.0.id','null'),('volumes.efd6d899-7b71-4318-8402-669e92416168.fieldLayouts.1ee5afe0-0146-443b-abef-4a7ccb1d2137.tabs.0.elements.0.instructions','null'),('volumes.efd6d899-7b71-4318-8402-669e92416168.fieldLayouts.1ee5afe0-0146-443b-abef-4a7ccb1d2137.tabs.0.elements.0.label','null'),('volumes.efd6d899-7b71-4318-8402-669e92416168.fieldLayouts.1ee5afe0-0146-443b-abef-4a7ccb1d2137.tabs.0.elements.0.max','null'),('volumes.efd6d899-7b71-4318-8402-669e92416168.fieldLayouts.1ee5afe0-0146-443b-abef-4a7ccb1d2137.tabs.0.elements.0.min','null'),('volumes.efd6d899-7b71-4318-8402-669e92416168.fieldLayouts.1ee5afe0-0146-443b-abef-4a7ccb1d2137.tabs.0.elements.0.name','null'),('volumes.efd6d899-7b71-4318-8402-669e92416168.fieldLayouts.1ee5afe0-0146-443b-abef-4a7ccb1d2137.tabs.0.elements.0.orientation','null'),('volumes.efd6d899-7b71-4318-8402-669e92416168.fieldLayouts.1ee5afe0-0146-443b-abef-4a7ccb1d2137.tabs.0.elements.0.placeholder','null'),('volumes.efd6d899-7b71-4318-8402-669e92416168.fieldLayouts.1ee5afe0-0146-443b-abef-4a7ccb1d2137.tabs.0.elements.0.readonly','false'),('volumes.efd6d899-7b71-4318-8402-669e92416168.fieldLayouts.1ee5afe0-0146-443b-abef-4a7ccb1d2137.tabs.0.elements.0.requirable','false'),('volumes.efd6d899-7b71-4318-8402-669e92416168.fieldLayouts.1ee5afe0-0146-443b-abef-4a7ccb1d2137.tabs.0.elements.0.size','null'),('volumes.efd6d899-7b71-4318-8402-669e92416168.fieldLayouts.1ee5afe0-0146-443b-abef-4a7ccb1d2137.tabs.0.elements.0.step','null'),('volumes.efd6d899-7b71-4318-8402-669e92416168.fieldLayouts.1ee5afe0-0146-443b-abef-4a7ccb1d2137.tabs.0.elements.0.tip','null'),('volumes.efd6d899-7b71-4318-8402-669e92416168.fieldLayouts.1ee5afe0-0146-443b-abef-4a7ccb1d2137.tabs.0.elements.0.title','null'),('volumes.efd6d899-7b71-4318-8402-669e92416168.fieldLayouts.1ee5afe0-0146-443b-abef-4a7ccb1d2137.tabs.0.elements.0.type','\"craft\\\\fieldlayoutelements\\\\assets\\\\AssetTitleField\"'),('volumes.efd6d899-7b71-4318-8402-669e92416168.fieldLayouts.1ee5afe0-0146-443b-abef-4a7ccb1d2137.tabs.0.elements.0.uid','\"698de72a-7adc-45a6-a415-945a483e46fa\"'),('volumes.efd6d899-7b71-4318-8402-669e92416168.fieldLayouts.1ee5afe0-0146-443b-abef-4a7ccb1d2137.tabs.0.elements.0.userCondition','null'),('volumes.efd6d899-7b71-4318-8402-669e92416168.fieldLayouts.1ee5afe0-0146-443b-abef-4a7ccb1d2137.tabs.0.elements.0.warning','null'),('volumes.efd6d899-7b71-4318-8402-669e92416168.fieldLayouts.1ee5afe0-0146-443b-abef-4a7ccb1d2137.tabs.0.elements.0.width','100'),('volumes.efd6d899-7b71-4318-8402-669e92416168.fieldLayouts.1ee5afe0-0146-443b-abef-4a7ccb1d2137.tabs.0.elements.1.elementCondition','null'),('volumes.efd6d899-7b71-4318-8402-669e92416168.fieldLayouts.1ee5afe0-0146-443b-abef-4a7ccb1d2137.tabs.0.elements.1.fieldUid','\"a73e7c96-e9d2-4751-bf01-8a6baf5f3c46\"'),('volumes.efd6d899-7b71-4318-8402-669e92416168.fieldLayouts.1ee5afe0-0146-443b-abef-4a7ccb1d2137.tabs.0.elements.1.instructions','null'),('volumes.efd6d899-7b71-4318-8402-669e92416168.fieldLayouts.1ee5afe0-0146-443b-abef-4a7ccb1d2137.tabs.0.elements.1.label','null'),('volumes.efd6d899-7b71-4318-8402-669e92416168.fieldLayouts.1ee5afe0-0146-443b-abef-4a7ccb1d2137.tabs.0.elements.1.required','false'),('volumes.efd6d899-7b71-4318-8402-669e92416168.fieldLayouts.1ee5afe0-0146-443b-abef-4a7ccb1d2137.tabs.0.elements.1.tip','null'),('volumes.efd6d899-7b71-4318-8402-669e92416168.fieldLayouts.1ee5afe0-0146-443b-abef-4a7ccb1d2137.tabs.0.elements.1.type','\"craft\\\\fieldlayoutelements\\\\CustomField\"'),('volumes.efd6d899-7b71-4318-8402-669e92416168.fieldLayouts.1ee5afe0-0146-443b-abef-4a7ccb1d2137.tabs.0.elements.1.uid','\"4b73ae21-1a9b-4f0a-bd0f-d5ad49071a82\"'),('volumes.efd6d899-7b71-4318-8402-669e92416168.fieldLayouts.1ee5afe0-0146-443b-abef-4a7ccb1d2137.tabs.0.elements.1.userCondition','null'),('volumes.efd6d899-7b71-4318-8402-669e92416168.fieldLayouts.1ee5afe0-0146-443b-abef-4a7ccb1d2137.tabs.0.elements.1.warning','null'),('volumes.efd6d899-7b71-4318-8402-669e92416168.fieldLayouts.1ee5afe0-0146-443b-abef-4a7ccb1d2137.tabs.0.elements.1.width','100'),('volumes.efd6d899-7b71-4318-8402-669e92416168.fieldLayouts.1ee5afe0-0146-443b-abef-4a7ccb1d2137.tabs.0.elements.2.elementCondition','null'),('volumes.efd6d899-7b71-4318-8402-669e92416168.fieldLayouts.1ee5afe0-0146-443b-abef-4a7ccb1d2137.tabs.0.elements.2.fieldUid','\"560e7c36-f763-440f-b9b5-1d87228bc6df\"'),('volumes.efd6d899-7b71-4318-8402-669e92416168.fieldLayouts.1ee5afe0-0146-443b-abef-4a7ccb1d2137.tabs.0.elements.2.instructions','null'),('volumes.efd6d899-7b71-4318-8402-669e92416168.fieldLayouts.1ee5afe0-0146-443b-abef-4a7ccb1d2137.tabs.0.elements.2.label','null'),('volumes.efd6d899-7b71-4318-8402-669e92416168.fieldLayouts.1ee5afe0-0146-443b-abef-4a7ccb1d2137.tabs.0.elements.2.required','false'),('volumes.efd6d899-7b71-4318-8402-669e92416168.fieldLayouts.1ee5afe0-0146-443b-abef-4a7ccb1d2137.tabs.0.elements.2.tip','null'),('volumes.efd6d899-7b71-4318-8402-669e92416168.fieldLayouts.1ee5afe0-0146-443b-abef-4a7ccb1d2137.tabs.0.elements.2.type','\"craft\\\\fieldlayoutelements\\\\CustomField\"'),('volumes.efd6d899-7b71-4318-8402-669e92416168.fieldLayouts.1ee5afe0-0146-443b-abef-4a7ccb1d2137.tabs.0.elements.2.uid','\"045c7332-986a-4e3f-b641-a12fe60aef57\"'),('volumes.efd6d899-7b71-4318-8402-669e92416168.fieldLayouts.1ee5afe0-0146-443b-abef-4a7ccb1d2137.tabs.0.elements.2.userCondition','null'),('volumes.efd6d899-7b71-4318-8402-669e92416168.fieldLayouts.1ee5afe0-0146-443b-abef-4a7ccb1d2137.tabs.0.elements.2.warning','null'),('volumes.efd6d899-7b71-4318-8402-669e92416168.fieldLayouts.1ee5afe0-0146-443b-abef-4a7ccb1d2137.tabs.0.elements.2.width','100'),('volumes.efd6d899-7b71-4318-8402-669e92416168.fieldLayouts.1ee5afe0-0146-443b-abef-4a7ccb1d2137.tabs.0.name','\"Content\"'),('volumes.efd6d899-7b71-4318-8402-669e92416168.fieldLayouts.1ee5afe0-0146-443b-abef-4a7ccb1d2137.tabs.0.uid','\"ad2ff98e-1e14-4839-9d89-9c33546f1ae6\"'),('volumes.efd6d899-7b71-4318-8402-669e92416168.fieldLayouts.1ee5afe0-0146-443b-abef-4a7ccb1d2137.tabs.0.userCondition','null'),('volumes.efd6d899-7b71-4318-8402-669e92416168.fs','\"internalFs\"'),('volumes.efd6d899-7b71-4318-8402-669e92416168.handle','\"internal\"'),('volumes.efd6d899-7b71-4318-8402-669e92416168.name','\"System Files\"'),('volumes.efd6d899-7b71-4318-8402-669e92416168.sortOrder','2'),('volumes.efd6d899-7b71-4318-8402-669e92416168.titleTranslationKeyFormat','null'),('volumes.efd6d899-7b71-4318-8402-669e92416168.titleTranslationMethod','\"language\"'),('volumes.efd6d899-7b71-4318-8402-669e92416168.transformFs','\"internalFs\"'),('volumes.efd6d899-7b71-4318-8402-669e92416168.transformSubpath','\"transforms/internal\"');
/*!40000 ALTER TABLE `projectconfig` ENABLE KEYS */;
UNLOCK TABLES;
commit;

--
-- Dumping data for table `queue`
--

LOCK TABLES `queue` WRITE;
/*!40000 ALTER TABLE `queue` DISABLE KEYS */;
set autocommit=0;
/*!40000 ALTER TABLE `queue` ENABLE KEYS */;
UNLOCK TABLES;
commit;

--
-- Dumping data for table `relations`
--

LOCK TABLES `relations` WRITE;
/*!40000 ALTER TABLE `relations` DISABLE KEYS */;
set autocommit=0;
INSERT INTO `relations` VALUES (3,1,33,NULL,31,1,'2023-06-11 14:36:25','2023-06-11 14:36:25','a1a7ea1e-8c08-4759-8ad6-2cca1848583e'),(6,12,37,NULL,31,1,'2023-06-11 14:49:07','2023-06-11 14:49:07','8fbab151-070f-4867-98c3-62c671fe7809'),(7,1,40,NULL,31,1,'2023-06-11 14:55:50','2023-06-11 14:55:50','db67d82f-893d-4a81-b17b-b9744bdfe0fa'),(8,12,41,NULL,31,1,'2023-06-11 14:55:50','2023-06-11 14:55:50','df73ceef-69c7-4a6b-bee1-283830db828e'),(11,1,44,NULL,31,1,'2023-06-12 08:29:08','2023-06-12 08:29:08','d09d44fc-5ac3-44bd-8f60-4034767345e2'),(14,1,48,NULL,31,1,'2023-06-12 08:51:42','2023-06-12 08:51:42','8b0f1c7d-9da9-4136-8c0c-4b83e3c73cd2'),(17,1,4,NULL,50,1,'2023-06-12 08:53:25','2023-06-12 08:53:25','1a9c263c-de76-4b2d-a1e4-231fcf242b30'),(18,1,51,NULL,50,1,'2023-06-12 08:53:25','2023-06-12 08:53:25','5cfe2d6c-8e6a-4ce7-a4e7-7d3d53a9998a'),(21,1,35,NULL,53,1,'2023-06-12 09:02:49','2023-06-12 09:02:49','11d043cf-ce85-409c-ac7f-d0f9aacc4cf9'),(22,1,54,NULL,53,1,'2023-06-12 09:02:49','2023-06-12 09:02:49','9a157bfa-e596-4c45-999c-811cca0975d4'),(23,12,55,NULL,31,1,'2023-06-12 09:02:49','2023-06-12 09:02:49','9d5edf49-6d44-45fa-8958-c77c24fda621'),(26,1,59,NULL,53,1,'2023-06-13 07:47:45','2023-06-13 07:47:45','65e6a7d8-b75f-4fea-9a84-afd266681b13'),(27,12,60,NULL,31,1,'2023-06-13 07:47:45','2023-06-13 07:47:45','0528f783-9eb8-4ee7-99b6-a3ccb9917511'),(30,1,64,NULL,53,1,'2023-06-13 07:55:38','2023-06-13 07:55:38','bdb20a64-8477-445c-8414-0c197b44e6da'),(31,12,65,NULL,31,1,'2023-06-13 07:55:38','2023-06-13 07:55:38','028d4621-0de9-449c-bcea-713e39d53933'),(34,1,12,NULL,68,1,'2023-06-13 07:58:23','2023-06-13 07:58:23','7f8b1f8e-26c1-43be-9a41-b506f0cf64c0'),(35,1,69,NULL,68,1,'2023-06-13 07:58:23','2023-06-13 07:58:23','30707846-cefa-4713-84a8-fa0f5d2542ee'),(37,1,16,NULL,71,1,'2023-06-13 08:08:25','2023-06-13 08:08:25','05f65ebf-9c7d-4ac9-82fc-92f66d2f64ba'),(38,1,74,NULL,71,1,'2023-06-13 08:08:25','2023-06-13 08:08:25','1e93454d-a0a1-45f0-9838-afc4978c318c'),(41,1,79,NULL,50,1,'2023-06-13 08:09:00','2023-06-13 08:09:00','e9e27a76-0c59-408c-ab14-fe209b8943de'),(43,1,83,NULL,50,1,'2023-06-13 08:09:30','2023-06-13 08:09:30','6c2f0d9b-7473-4985-a442-04fa64981432'),(45,1,88,NULL,68,1,'2023-06-13 08:10:31','2023-06-13 08:10:31','fd7b3923-f3da-4e1b-8613-b79e7f503c89'),(47,1,91,NULL,53,1,'2023-06-13 08:12:04','2023-06-13 08:12:04','f25b7cb3-2444-4b8d-ae35-064b5d151576'),(48,12,92,NULL,31,1,'2023-06-13 08:12:04','2023-06-13 08:12:04','b25de525-4b60-4f3f-9b80-35f06a9c1ab2'),(50,1,97,NULL,50,1,'2023-06-13 08:24:03','2023-06-13 08:24:03','953e69fb-58d4-4555-98a2-6c722a7c0cec'),(53,1,20,NULL,102,1,'2023-06-13 08:32:03','2023-06-13 08:32:03','f40e14a2-4cf7-4868-8b64-802f8c59af91'),(54,1,103,NULL,102,1,'2023-06-13 08:32:03','2023-06-13 08:32:03','be5f1bac-de74-46e3-b822-b162329b72c9'),(56,1,325,NULL,53,1,'2023-06-13 08:46:54','2023-06-13 08:46:54','1259b063-878f-47fa-a1e3-a6d1bc28be7f'),(57,12,329,NULL,31,1,'2023-06-13 08:46:54','2023-06-13 08:46:54','cb320cf1-5774-4661-8f2d-5e7f767e2166'),(59,1,339,NULL,53,1,'2023-06-13 08:47:51','2023-06-13 08:47:51','67313452-c740-4343-82d1-f3041ebb14cb'),(60,12,343,NULL,31,1,'2023-06-13 08:47:51','2023-06-13 08:47:51','53dca7d7-0208-4ec1-8cca-382f6279c5e3'),(63,1,1,NULL,50,1,'2023-06-13 08:49:36','2023-06-13 08:49:36','aeca0927-ef04-46d6-ac7d-3ce6548267fe'),(64,1,352,NULL,50,1,'2023-06-13 08:49:36','2023-06-13 08:49:36','c5b2de8a-cdfe-4bda-bc44-5fa7ae787b60'),(65,1,353,NULL,354,1,'2023-06-13 08:51:40','2023-06-13 08:51:40','20e80a7c-7279-4ec4-a3dc-f6bb0f107b9e'),(66,1,363,NULL,354,1,'2023-06-13 08:53:11','2023-06-13 08:53:11','4e5f39ee-4017-4f5b-a1e3-ec4d93b33ed4'),(68,1,368,NULL,354,1,'2023-06-13 09:24:05','2023-06-13 09:24:05','0fae910d-76b4-44a5-95f6-34cefb69d167'),(70,1,373,NULL,354,1,'2023-06-13 09:24:58','2023-06-13 09:24:58','e41011d5-be3b-4871-9206-d0c107c1d8fa'),(72,1,406,NULL,53,1,'2023-06-13 09:32:40','2023-06-13 09:32:40','0c0ab419-ca48-4cc1-8189-8608a381c04a'),(73,12,412,NULL,31,1,'2023-06-13 09:32:41','2023-06-13 09:32:41','252ff158-46a8-4152-b76c-694a3891e72c');
/*!40000 ALTER TABLE `relations` ENABLE KEYS */;
UNLOCK TABLES;
commit;

--
-- Dumping data for table `revisions`
--

LOCK TABLES `revisions` WRITE;
/*!40000 ALTER TABLE `revisions` DISABLE KEYS */;
set autocommit=0;
INSERT INTO `revisions` VALUES (1,1,NULL,1,NULL),(2,1,NULL,2,NULL),(3,4,NULL,1,NULL),(4,4,NULL,2,NULL),(5,1,NULL,3,NULL),(6,1,NULL,4,NULL),(7,4,NULL,3,NULL),(8,4,NULL,4,NULL),(9,12,NULL,1,NULL),(10,13,NULL,1,NULL),(11,16,NULL,1,NULL),(12,17,NULL,1,NULL),(13,20,NULL,1,NULL),(14,21,NULL,1,NULL),(15,22,NULL,1,NULL),(16,26,NULL,1,NULL),(17,26,NULL,2,NULL),(18,4,NULL,5,NULL),(19,12,11,2,'Applied Draft 1'),(20,13,11,2,NULL),(21,35,11,1,''),(22,37,11,1,NULL),(23,39,11,1,NULL),(24,1,11,5,'Applied Draft 1'),(25,4,11,6,NULL),(26,4,11,7,'Applied Draft 1'),(27,4,11,8,'Applied Draft 1'),(28,35,11,2,'Applied Draft 1'),(29,37,11,2,NULL),(30,39,11,2,NULL),(31,35,11,3,'Applied Draft 1'),(32,37,11,3,NULL),(33,39,11,3,NULL),(34,35,11,4,'Applied Draft 1'),(35,37,11,4,NULL),(36,39,11,4,NULL),(37,12,11,3,'Applied Draft 1'),(38,13,11,3,NULL),(39,16,11,2,'Applied Draft 1'),(40,17,11,2,NULL),(41,20,11,2,'Applied Draft 1'),(42,21,11,2,NULL),(43,22,11,2,NULL),(44,20,11,3,'Applied Draft 1'),(45,21,11,3,NULL),(46,22,11,3,NULL),(47,12,11,4,'Applied Draft 1'),(48,13,11,4,NULL),(49,35,11,5,'Applied Draft 1'),(50,37,11,5,NULL),(51,39,11,5,NULL),(52,20,11,4,'Applied Draft 1'),(53,21,11,4,NULL),(54,22,11,4,NULL),(55,20,11,5,'Applied Draft 1'),(56,21,11,5,NULL),(57,22,11,5,NULL),(58,35,11,6,'Applied Draft 1'),(59,316,11,1,NULL),(60,39,11,6,NULL),(61,317,11,1,NULL),(62,37,11,6,NULL),(63,318,11,1,NULL),(64,319,11,1,NULL),(65,320,11,1,NULL),(66,321,11,1,NULL),(67,322,11,1,NULL),(68,323,11,1,NULL),(69,324,11,1,NULL),(70,35,11,7,'Applied Draft 1'),(71,316,11,2,NULL),(72,39,11,7,NULL),(73,317,11,2,NULL),(74,37,11,7,NULL),(75,318,11,2,NULL),(76,319,11,2,NULL),(77,320,11,2,NULL),(78,321,11,2,NULL),(79,322,11,2,NULL),(80,323,11,2,NULL),(81,324,11,2,NULL),(82,1,11,6,'Applied Draft 1'),(83,353,11,1,''),(84,362,11,1,NULL),(85,359,11,1,NULL),(86,360,11,1,NULL),(87,353,11,2,'Applied Draft 1'),(88,362,11,2,NULL),(89,359,11,2,NULL),(90,360,11,2,NULL),(91,353,11,3,'Applied Draft 1'),(92,362,11,3,NULL),(93,359,11,3,NULL),(94,360,11,3,NULL),(95,35,11,8,'Applied Draft 1'),(96,316,11,3,NULL),(97,39,11,8,NULL),(98,318,11,3,NULL),(99,319,11,3,NULL),(100,317,11,3,NULL),(101,37,11,8,NULL),(102,320,11,3,NULL),(103,321,11,3,NULL),(104,402,11,1,NULL),(105,322,11,3,NULL),(106,403,11,1,NULL),(107,323,11,3,NULL),(108,404,11,1,NULL),(109,324,11,3,NULL),(110,405,11,1,NULL);
/*!40000 ALTER TABLE `revisions` ENABLE KEYS */;
UNLOCK TABLES;
commit;

--
-- Dumping data for table `searchindex`
--

LOCK TABLES `searchindex` WRITE;
/*!40000 ALTER TABLE `searchindex` DISABLE KEYS */;
set autocommit=0;
INSERT INTO `searchindex` VALUES (1,'field',3,1,''),(1,'field',3,2,''),(1,'slug',0,1,' home '),(1,'slug',0,2,' home '),(1,'title',0,1,' home '),(1,'title',0,2,' home '),(4,'slug',0,1,' site info global settings '),(4,'slug',0,2,' site info global settings '),(4,'title',0,1,' site info global settings '),(4,'title',0,2,' site info global settings '),(11,'email',0,1,' admin example com '),(11,'firstname',0,1,' sabine '),(11,'fullname',0,1,' sabine mustermann '),(11,'lastname',0,1,' mustermann '),(11,'slug',0,1,''),(11,'username',0,1,' admin '),(12,'field',3,1,' do not scream suddenly hold anything youre in the middle of eating until youve stepped off the elevator again if you brought any live animals with you do your best to keep them on your person avoid vigorous jumping or bouncing face the same direction as everybody else '),(12,'field',3,2,' schreien sie nicht ploetzlich behalten sie alles bei sich was sie gerade essen bis sie den aufzug wieder verlassen haben wenn sie lebende tiere mitgebracht haben tun sie ihr bestes um sie bei sich zu behalten vermeiden sie kraeftiges springen oder huepfen schauen sie in die gleiche richtung wie alle anderen '),(12,'slug',0,1,' five things elevator '),(12,'slug',0,2,' tun sie diese fuenf dinge in einem aufzug '),(12,'title',0,1,' do these five things in an elevator '),(12,'title',0,2,' tun sie diese fuenf dinge in einem aufzug '),(13,'field',13,1,' do not scream suddenly hold anything youre in the middle of eating until youve stepped off the elevator again if you brought any live animals with you do your best to keep them on your person avoid vigorous jumping or bouncing face the same direction as everybody else '),(13,'field',13,2,' schreien sie nicht ploetzlich behalten sie alles bei sich was sie gerade essen bis sie den aufzug wieder verlassen haben wenn sie lebende tiere mitgebracht haben tun sie ihr bestes um sie bei sich zu behalten vermeiden sie kraeftiges springen oder huepfen schauen sie in die gleiche richtung wie alle anderen '),(13,'slug',0,1,''),(13,'slug',0,2,''),(15,'field',13,1,' do not scream suddenly hold anything youre in the middle of eating until youve stepped off the elevator again if you brought any live animals with you do your best to keep them on your person avoid vigorous jumping or bouncing face the same direction as everybody else '),(15,'field',13,2,' do not scream suddenly hold anything youre in the middle of eating until youve stepped off the elevator again if you brought any live animals with you do your best to keep them on your person avoid vigorous jumping or bouncing face the same direction as everybody else '),(15,'slug',0,1,''),(15,'slug',0,2,''),(16,'field',3,1,' find a recipe for the thing you want and make it at home '),(16,'field',3,2,' finden sie ein rezept fuer das was sie moegen und machen sie es zu hause '),(16,'slug',0,1,' trick save money dining out '),(16,'slug',0,2,' mit diesem trick koennen sie beim essengehen geld sparen '),(16,'title',0,1,' use this trick to save money dining out '),(16,'title',0,2,' mit diesem trick koennen sie beim essengehen geld sparen '),(17,'field',13,1,' find a recipe for the thing you want and make it at home '),(17,'field',13,2,' finden sie ein rezept fuer das was sie moegen und machen sie es zu hause '),(17,'slug',0,1,''),(17,'slug',0,2,''),(19,'field',13,1,' find a recipe for the thing you want and make it at home '),(19,'field',13,2,' find a recipe for the thing you want and make it at home '),(19,'slug',0,1,''),(19,'slug',0,2,''),(20,'field',3,1,' philosopher jack handey was known to unpack some of the great complexities of the universe jack handey playing dead not only comes in handy when face to face with a bear but also at important business meetings '),(20,'field',3,2,' der philosoph jack handey war dafuer bekannt dass er ueber einige der grossen komplexitaeten des universums auspackte jack handey sich tot zu stellen ist nicht nur praktisch wenn man einem baeren gegenuebersteht sondern auch in wichtigen meetings '),(20,'slug',0,1,' dont leave home without quote '),(20,'slug',0,2,' gehen sie nicht ohne dieses zitat aus dem haus '),(20,'title',0,1,' dot leave home without this quote '),(20,'title',0,2,' gehen sie nicht ohne dieses zitat aus dem haus '),(21,'field',13,1,' philosopher jack handey was known to unpack some of the great complexities of the universe '),(21,'field',13,2,' der philosoph jack handey war dafuer bekannt dass er ueber einige der grossen komplexitaeten des universums auspackte '),(21,'slug',0,1,''),(21,'slug',0,2,''),(22,'field',6,1,' jack handey '),(22,'field',6,2,' jack handey '),(22,'field',7,1,' playing dead not only comes in handy when face to face with a bear but also at important business meetings '),(22,'field',7,2,' sich tot zu stellen ist nicht nur praktisch wenn man einem baeren gegenuebersteht sondern auch in wichtigen meetings '),(22,'slug',0,1,''),(22,'slug',0,2,''),(24,'field',13,1,' philosopher jack handy was known to unpack some of the great complexities of the universe '),(24,'field',13,2,' philosopher jack handy was known to unpack some of the great complexities of the universe '),(24,'slug',0,1,''),(24,'slug',0,2,''),(25,'field',6,1,' jack handy '),(25,'field',6,2,' jack handy '),(25,'field',7,1,' the face of a child can say it all especially the mouth part of the face '),(25,'field',7,2,' the face of a child can say it all especially the mouth part of the face '),(25,'slug',0,1,''),(25,'slug',0,2,''),(26,'field',3,1,''),(26,'field',3,2,''),(26,'slug',0,1,' posts '),(26,'slug',0,2,' beitraege '),(26,'title',0,1,' posts '),(26,'title',0,2,' beitraege '),(30,'alt',0,1,''),(30,'alt',0,2,''),(30,'extension',0,1,' jpg '),(30,'extension',0,2,' jpg '),(30,'filename',0,1,' 315662 org jpg '),(30,'filename',0,2,' 315662 org jpg '),(30,'kind',0,1,' image '),(30,'kind',0,2,' image '),(30,'slug',0,1,''),(30,'slug',0,2,''),(30,'title',0,1,' 315662 org '),(30,'title',0,2,' 315662 org '),(31,'alt',0,1,''),(31,'alt',0,2,''),(31,'extension',0,1,' jpg '),(31,'extension',0,2,' jpg '),(31,'filename',0,1,' flower field 250016 1920 jpg '),(31,'filename',0,2,' flower field 250016 1920 jpg '),(31,'kind',0,1,' image '),(31,'kind',0,2,' image '),(31,'slug',0,1,''),(31,'slug',0,2,''),(31,'title',0,1,' flower field 250016 1920 '),(31,'title',0,2,' flower field 250016 1920 '),(35,'field',3,1,' heading level 2 text block with markdown vestibulum facilisis purus nec pulvinar iaculis ligula mi congue nunc vitae euismod ligula urna in dolor cras sagittis vestibulum ante ipsum primis in faucibus orci luctus et ultrices posuere cubilia curae sed aliquam nisi quis porttitor congue elit erat euismod orci ac placerat dolor lectus quis orci pellentesque auctor neque nec urna morbi nec metus list item one list item two an extenal link http www example com fusce convallis metus id felis luctus adipiscing lorem ipsum dolor sit amet consectetuer adipiscing elit in consectetuer turpis ut velit fusce neque suspendisse nisl elit rhoncus eget elementum ac condimentum eget diam heading level 3 vestibulum fringilla pede sit amet augue fusce vel dui in hac habitasse platea dictumst fusce egestas elit eget lorem nullam dictum felis eu pede mollis pretium nam at tortor in tellus interdum sagittis nam eget dui nullam sagittis image flowers flower field 250016 1920 quotes default style vestibulum ante ipsum primis in faucibus orci luctus et ultrices posuere cubilia curae fusce id purus in turpis nam eget dui donec vitae orci sed dolor rutrum auctor pellentesque auctor quisque libero metus condimentum nec tempor a commodo mollis magna ut tincidunt tincidunt erat etiam iaculis nunc ac metus suspendisse feugiat curabitur suscipit suscipit tellus integer tincidunt phasellus tempus mauris sollicitudin fermentum libero maecenas vestibulum mollis diam alternative style aenean ut eros et nisl sagittis vestibulum phasellus nec sem in justo pellentesque facilisis vestibulum facilisis purus nec pulvinar iaculis ligula mi congue nunc vitae euismod ligula urna in dolor vestibulum volutpat pretium libero fusce ac felis sit amet ligula pharetra condimentum praesent vestibulum class aptent taciti sociosqu ad litora torquent per conubia nostra per inceptos hymenaeos pellentesque habitant morbi tristique senectus et netus et malesuada fames ac turpis egestas etiam sit amet orci eget eros faucibus tincidunt fusce neque cras sagittis mauris turpis nunc blandit et volutpat molestie porta ut ligula sed magna purus fermentum eu tincidunt eu varius ut felis nam at tortor in tellus interdum sagittis '),(35,'field',3,2,' ueberschrift ebene 2 textblock mit markdown vestibulum facilisis purus nec pulvinar iaculis ligula mi congue nunc vitae euismod ligula urna in dolor cras sagittis vestibulum ante ipsum primis in faucibus orci luctus et ultrices posuere cubilia curae sed aliquam nisi quis porttitor congue elit erat euismod orci ac placerat dolor lectus quis orci pellentesque auctor neque nec urna morbi nec metus listenpunkt eins listenpunkt zwei ein externer link http www example com fusce convallis metus id felis luctus adipiscing lorem ipsum dolor sit amet consectetuer adipiscing elit in consectetuer turpis ut velit fusce neque suspendisse nisl elit rhoncus eget elementum ac condimentum eget diam ueberschrift ebene 3 vestibulum fringilla pede sit amet augue fusce vel dui in hac habitasse platea dictumst fusce egestas elit eget lorem nullam dictum felis eu pede mollis pretium nam at tortor in tellus interdum sagittis nam eget dui nullam sagittis bild mit bildunterschrift und copyright blumen flower field 250016 1920 zitate standardstil vestibulum ante ipsum primis in faucibus orci luctus et ultrices posuere cubilia curae fusce id purus in turpis nam eget dui donec vitae orci sed dolor rutrum auctor pellentesque auctor quisque libero metus condimentum nec tempor a commodo mollis magna ut tincidunt tincidunt erat etiam iaculis nunc ac metus suspendisse feugiat curabitur suscipit suscipit tellus integer tincidunt phasellus tempus mauris sollicitudin fermentum libero maecenas vestibulum mollis diam alternativer stil aenean ut eros et nisl sagittis vestibulum phasellus nec sem in justo pellentesque facilisis vestibulum facilisis purus nec pulvinar iaculis ligula mi congue nunc vitae euismod ligula urna in dolor vestibulum volutpat pretium libero fusce ac felis sit amet ligula pharetra condimentum praesent vestibulum class aptent taciti sociosqu ad litora torquent per conubia nostra per inceptos hymenaeos pellentesque habitant morbi tristique senectus et netus et malesuada fames ac turpis egestas etiam sit amet orci eget eros faucibus tincidunt fusce neque cras sagittis mauris turpis nunc blandit et volutpat molestie porta ut ligula sed magna purus fermentum eu tincidunt eu varius ut felis nam at tortor in tellus interdum sagittis '),(35,'slug',0,1,' block samples '),(35,'slug',0,2,' block beispiele '),(35,'title',0,1,' block samples '),(35,'title',0,2,' block beispiele '),(37,'field',11,1,' flowers '),(37,'field',11,2,' blumen '),(37,'field',12,1,' flower field 250016 1920 '),(37,'field',12,2,' flower field 250016 1920 '),(37,'slug',0,1,''),(37,'slug',0,2,''),(39,'field',13,1,' text block with markdown vestibulum facilisis purus nec pulvinar iaculis ligula mi congue nunc vitae euismod ligula urna in dolor cras sagittis vestibulum ante ipsum primis in faucibus orci luctus et ultrices posuere cubilia curae sed aliquam nisi quis porttitor congue elit erat euismod orci ac placerat dolor lectus quis orci pellentesque auctor neque nec urna morbi nec metus list item one list item two an extenal link http www example com fusce convallis metus id felis luctus adipiscing lorem ipsum dolor sit amet consectetuer adipiscing elit in consectetuer turpis ut velit fusce neque suspendisse nisl elit rhoncus eget elementum ac condimentum eget diam '),(39,'field',13,2,' textblock mit markdown vestibulum facilisis purus nec pulvinar iaculis ligula mi congue nunc vitae euismod ligula urna in dolor cras sagittis vestibulum ante ipsum primis in faucibus orci luctus et ultrices posuere cubilia curae sed aliquam nisi quis porttitor congue elit erat euismod orci ac placerat dolor lectus quis orci pellentesque auctor neque nec urna morbi nec metus listenpunkt eins listenpunkt zwei ein externer link http www example com fusce convallis metus id felis luctus adipiscing lorem ipsum dolor sit amet consectetuer adipiscing elit in consectetuer turpis ut velit fusce neque suspendisse nisl elit rhoncus eget elementum ac condimentum eget diam '),(39,'slug',0,1,''),(39,'slug',0,2,''),(45,'alt',0,1,''),(45,'alt',0,2,''),(45,'extension',0,1,' jpg '),(45,'extension',0,2,' jpg '),(45,'filename',0,1,' penguin 1719608 1920 jpg '),(45,'filename',0,2,' penguin 1719608 1920 jpg '),(45,'kind',0,1,' image '),(45,'kind',0,2,' image '),(45,'slug',0,1,''),(45,'slug',0,2,''),(45,'title',0,1,' penguin 1719608 1920 '),(45,'title',0,2,' penguin 1719608 1920 '),(50,'alt',0,1,''),(50,'alt',0,2,''),(50,'extension',0,1,' jpg '),(50,'extension',0,2,' jpg '),(50,'filename',0,1,' munich 1220908 jpg '),(50,'filename',0,2,' munich 1220908 jpg '),(50,'kind',0,1,' image '),(50,'kind',0,2,' image '),(50,'slug',0,1,''),(50,'slug',0,2,''),(50,'title',0,1,' munich 1220908 '),(50,'title',0,2,' munich 1220908 '),(53,'alt',0,1,''),(53,'alt',0,2,''),(53,'extension',0,1,' jpg '),(53,'extension',0,2,' jpg '),(53,'filename',0,1,' germany 4055578 1920 jpg '),(53,'filename',0,2,' germany 4055578 1920 jpg '),(53,'kind',0,1,' image '),(53,'kind',0,2,' image '),(53,'slug',0,1,''),(53,'slug',0,2,''),(53,'title',0,1,' germany 4055578 1920 '),(53,'title',0,2,' germany 4055578 1920 '),(68,'alt',0,1,''),(68,'alt',0,2,''),(68,'extension',0,1,' jpg '),(68,'extension',0,2,' jpg '),(68,'filename',0,1,' elevator g2c70c7898 1280 jpg '),(68,'filename',0,2,' elevator g2c70c7898 1280 jpg '),(68,'kind',0,1,' image '),(68,'kind',0,2,' image '),(68,'slug',0,1,''),(68,'slug',0,2,''),(68,'title',0,1,' elevator g2c70c7898 1280 '),(68,'title',0,2,' elevator g2c70c7898 1280 '),(71,'alt',0,1,''),(71,'alt',0,2,''),(71,'extension',0,1,' jpg '),(71,'extension',0,2,' jpg '),(71,'filename',0,1,' background g118b1bd7e 1280 jpg '),(71,'filename',0,2,' background g118b1bd7e 1280 jpg '),(71,'kind',0,1,' image '),(71,'kind',0,2,' image '),(71,'slug',0,1,''),(71,'slug',0,2,''),(71,'title',0,1,' background g118b1bd7e 1280 '),(71,'title',0,2,' background g118b1bd7e 1280 '),(102,'alt',0,1,''),(102,'alt',0,2,''),(102,'extension',0,1,' jpg '),(102,'extension',0,2,' jpg '),(102,'filename',0,1,' lecture g5758c6b98 1280 jpg '),(102,'filename',0,2,' lecture g5758c6b98 1280 jpg '),(102,'kind',0,1,' image '),(102,'kind',0,2,' image '),(102,'slug',0,1,''),(102,'slug',0,2,''),(102,'title',0,1,' lecture g5758c6b98 1280 '),(102,'title',0,2,' lecture g5758c6b98 1280 '),(316,'field',10,1,' heading level 2 '),(316,'field',10,2,' ueberschrift ebene 2 '),(316,'slug',0,1,''),(316,'slug',0,2,''),(317,'field',10,1,' image '),(317,'field',10,2,' bild mit bildunterschrift und copyright '),(317,'slug',0,1,''),(317,'slug',0,2,''),(318,'field',10,1,' heading level 3 '),(318,'field',10,2,' ueberschrift ebene 3 '),(318,'slug',0,1,''),(318,'slug',0,2,''),(319,'field',13,1,' vestibulum fringilla pede sit amet augue fusce vel dui in hac habitasse platea dictumst fusce egestas elit eget lorem nullam dictum felis eu pede mollis pretium nam at tortor in tellus interdum sagittis nam eget dui nullam sagittis '),(319,'field',13,2,' vestibulum fringilla pede sit amet augue fusce vel dui in hac habitasse platea dictumst fusce egestas elit eget lorem nullam dictum felis eu pede mollis pretium nam at tortor in tellus interdum sagittis nam eget dui nullam sagittis '),(319,'slug',0,1,''),(319,'slug',0,2,''),(320,'field',10,1,' quotes '),(320,'field',10,2,' zitate '),(320,'slug',0,1,''),(320,'slug',0,2,''),(321,'field',10,1,' default style '),(321,'field',10,2,' standardstil '),(321,'slug',0,1,''),(321,'slug',0,2,''),(322,'field',6,1,' pellentesque auctor '),(322,'field',6,2,' pellentesque auctor '),(322,'field',7,1,' quisque libero metus condimentum nec tempor a commodo mollis magna ut tincidunt tincidunt erat etiam iaculis nunc ac metus suspendisse feugiat curabitur suscipit suscipit tellus '),(322,'field',7,2,' quisque libero metus condimentum nec tempor a commodo mollis magna ut tincidunt tincidunt erat etiam iaculis nunc ac metus suspendisse feugiat curabitur suscipit suscipit tellus '),(322,'slug',0,1,''),(322,'slug',0,2,''),(323,'field',10,1,' alternative style '),(323,'field',10,2,' alternativer stil '),(323,'slug',0,1,''),(323,'slug',0,2,''),(324,'field',6,1,' praesent vestibulum '),(324,'field',6,2,' praesent vestibulum '),(324,'field',7,1,' class aptent taciti sociosqu ad litora torquent per conubia nostra per inceptos hymenaeos pellentesque habitant morbi tristique senectus et netus et malesuada fames ac turpis egestas etiam sit amet orci eget eros faucibus tincidunt fusce neque '),(324,'field',7,2,' class aptent taciti sociosqu ad litora torquent per conubia nostra per inceptos hymenaeos pellentesque habitant morbi tristique senectus et netus et malesuada fames ac turpis egestas etiam sit amet orci eget eros faucibus tincidunt fusce neque '),(324,'slug',0,1,''),(324,'slug',0,2,''),(353,'field',3,1,' aenean commodo ligula eget dolor in ut quam vitae odio lacinia tincidunt ut id nisl quis enim dignissim sagittis sed hendrerit fusce fermentum odio nec arcu who we are morbi vestibulum volutpat enim cras id dui in ut quam vitae odio lacinia tincidunt integer tincidunt fusce risus nisl viverra et tempor et pretium in sapien pellentesque auctor neque nec urna vivamus laoreet morbi nec metus fusce vulputate eleifend sapien fusce vel dui proin sapien ipsum porta a auctor quis euismod ut mi fusce risus nisl viverra et tempor et pretium in sapien '),(353,'field',3,2,' aenean commodo ligula eget dolor in ut quam vitae odio lacinia tincidunt ut id nisl quis enim dignissim sagittis sed hendrerit fusce fermentum odio nec arcu wer wir sind morbi vestibulum volutpat enim cras id dui in ut quam vitae odio lacinia tincidunt integer tincidunt fusce risus nisl viverra et tempor et pretium in sapien pellentesque auctor neque nec urna vivamus laoreet morbi nec metus fusce vulputate eleifend sapien fusce vel dui proin sapien ipsum porta a auctor quis euismod ut mi fusce risus nisl viverra et tempor et pretium in sapien '),(353,'slug',0,1,' about '),(353,'slug',0,2,' ueber uns '),(353,'title',0,1,' about us '),(353,'title',0,2,' ueber uns '),(354,'alt',0,1,''),(354,'alt',0,2,''),(354,'extension',0,1,' jpg '),(354,'extension',0,2,' jpg '),(354,'filename',0,1,' team 3393037 1920 jpg '),(354,'filename',0,2,' team 3393037 1920 jpg '),(354,'kind',0,1,' image '),(354,'kind',0,2,' image '),(354,'slug',0,1,''),(354,'slug',0,2,''),(354,'title',0,1,' team 3393037 1920 '),(354,'title',0,2,' team 3393037 1920 '),(359,'field',10,1,' who we are '),(359,'field',10,2,' wer wir sind '),(359,'slug',0,1,''),(359,'slug',0,2,''),(360,'field',13,1,' morbi vestibulum volutpat enim cras id dui in ut quam vitae odio lacinia tincidunt integer tincidunt fusce risus nisl viverra et tempor et pretium in sapien pellentesque auctor neque nec urna vivamus laoreet morbi nec metus fusce vulputate eleifend sapien fusce vel dui proin sapien ipsum porta a auctor quis euismod ut mi fusce risus nisl viverra et tempor et pretium in sapien '),(360,'field',13,2,' morbi vestibulum volutpat enim cras id dui in ut quam vitae odio lacinia tincidunt integer tincidunt fusce risus nisl viverra et tempor et pretium in sapien pellentesque auctor neque nec urna vivamus laoreet morbi nec metus fusce vulputate eleifend sapien fusce vel dui proin sapien ipsum porta a auctor quis euismod ut mi fusce risus nisl viverra et tempor et pretium in sapien '),(360,'slug',0,1,''),(360,'slug',0,2,''),(362,'field',13,1,' aenean commodo ligula eget dolor in ut quam vitae odio lacinia tincidunt ut id nisl quis enim dignissim sagittis sed hendrerit fusce fermentum odio nec arcu '),(362,'field',13,2,' aenean commodo ligula eget dolor in ut quam vitae odio lacinia tincidunt ut id nisl quis enim dignissim sagittis sed hendrerit fusce fermentum odio nec arcu '),(362,'slug',0,1,''),(362,'slug',0,2,''),(402,'field',13,1,' vestibulum ante ipsum primis in faucibus orci luctus et ultrices posuere cubilia curae fusce id purus in turpis nam eget dui donec vitae orci sed dolor rutrum auctor '),(402,'field',13,2,' vestibulum ante ipsum primis in faucibus orci luctus et ultrices posuere cubilia curae fusce id purus in turpis nam eget dui donec vitae orci sed dolor rutrum auctor '),(402,'slug',0,1,''),(402,'slug',0,2,''),(403,'field',13,1,' integer tincidunt phasellus tempus mauris sollicitudin fermentum libero maecenas vestibulum mollis diam '),(403,'field',13,2,' integer tincidunt phasellus tempus mauris sollicitudin fermentum libero maecenas vestibulum mollis diam '),(403,'slug',0,1,''),(403,'slug',0,2,''),(404,'field',13,1,' aenean ut eros et nisl sagittis vestibulum phasellus nec sem in justo pellentesque facilisis vestibulum facilisis purus nec pulvinar iaculis ligula mi congue nunc vitae euismod ligula urna in dolor vestibulum volutpat pretium libero fusce ac felis sit amet ligula pharetra condimentum '),(404,'field',13,2,' aenean ut eros et nisl sagittis vestibulum phasellus nec sem in justo pellentesque facilisis vestibulum facilisis purus nec pulvinar iaculis ligula mi congue nunc vitae euismod ligula urna in dolor vestibulum volutpat pretium libero fusce ac felis sit amet ligula pharetra condimentum '),(404,'slug',0,1,''),(404,'slug',0,2,''),(405,'field',13,1,' cras sagittis mauris turpis nunc blandit et volutpat molestie porta ut ligula sed magna purus fermentum eu tincidunt eu varius ut felis nam at tortor in tellus interdum sagittis '),(405,'field',13,2,' cras sagittis mauris turpis nunc blandit et volutpat molestie porta ut ligula sed magna purus fermentum eu tincidunt eu varius ut felis nam at tortor in tellus interdum sagittis '),(405,'slug',0,1,''),(405,'slug',0,2,'');
/*!40000 ALTER TABLE `searchindex` ENABLE KEYS */;
UNLOCK TABLES;
commit;

--
-- Dumping data for table `sections`
--

LOCK TABLES `sections` WRITE;
/*!40000 ALTER TABLE `sections` DISABLE KEYS */;
set autocommit=0;
INSERT INTO `sections` VALUES (1,NULL,'Post','post','channel',1,'all','end',NULL,'2023-06-11 14:31:23','2023-06-11 14:31:23',NULL,'585f70b2-f84a-47ff-ad71-3faff9698ba9'),(2,NULL,'Site Info - Global Settings','siteInfo','single',1,'all','end',NULL,'2023-06-11 14:31:23','2023-06-11 14:31:23',NULL,'a7f4b9fd-a554-4545-af32-3b57544c9432'),(3,NULL,'Home','home','single',1,'all','end',NULL,'2023-06-11 14:31:23','2023-06-11 14:31:23',NULL,'21e8b35e-5b6d-4f11-bc0e-26fcaa107ce8'),(4,1,'Page','page','structure',1,'all','end',NULL,'2023-06-11 14:31:23','2023-06-11 14:31:23',NULL,'5f021491-7c29-4320-be70-454d594268af');
/*!40000 ALTER TABLE `sections` ENABLE KEYS */;
UNLOCK TABLES;
commit;

--
-- Dumping data for table `sections_sites`
--

LOCK TABLES `sections_sites` WRITE;
/*!40000 ALTER TABLE `sections_sites` DISABLE KEYS */;
set autocommit=0;
INSERT INTO `sections_sites` VALUES (1,1,1,1,'posts/{slug}','_sections/post',1,'2023-06-11 14:31:23','2023-06-11 14:31:23','5d549a5f-62d8-4ec8-bf2f-700397114297'),(2,1,2,1,'beitraege/{slug}','_sections/post',1,'2023-06-11 14:31:23','2023-06-11 14:31:23','85c4ae1f-f06b-4537-b029-522859ecd0ec'),(3,2,1,0,NULL,NULL,1,'2023-06-11 14:31:23','2023-06-11 14:31:23','319f2452-4d81-4079-8f53-7b7fda4b9e1f'),(4,2,2,0,NULL,NULL,1,'2023-06-11 14:31:23','2023-06-11 14:31:23','dc6cdd24-d1f4-4fca-b611-91c0f9eab676'),(5,3,1,1,'__home__','_sections/home',1,'2023-06-11 14:31:23','2023-06-11 14:31:23','074d113a-55c9-40a0-8b02-fad695ce6444'),(6,3,2,1,'__home__','_sections/home',1,'2023-06-11 14:31:23','2023-06-11 14:31:23','5983bcc1-5b2e-4731-9811-8bd8acaf1d59'),(7,4,1,1,'{parent.uri}/{slug}','_sections/page',1,'2023-06-11 14:31:23','2023-06-11 14:31:23','1390e23a-aeca-46a1-9430-3a7364d7076e'),(8,4,2,1,'{parent.uri}/{slug}','_sections/page',1,'2023-06-11 14:31:23','2023-06-11 14:31:23','80887c23-1712-41f3-89a6-47556049c759');
/*!40000 ALTER TABLE `sections_sites` ENABLE KEYS */;
UNLOCK TABLES;
commit;

--
-- Dumping data for table `sequences`
--

LOCK TABLES `sequences` WRITE;
/*!40000 ALTER TABLE `sequences` DISABLE KEYS */;
set autocommit=0;
/*!40000 ALTER TABLE `sequences` ENABLE KEYS */;
UNLOCK TABLES;
commit;

--
-- Dumping data for table `shunnedmessages`
--

LOCK TABLES `shunnedmessages` WRITE;
/*!40000 ALTER TABLE `shunnedmessages` DISABLE KEYS */;
set autocommit=0;
/*!40000 ALTER TABLE `shunnedmessages` ENABLE KEYS */;
UNLOCK TABLES;
commit;

--
-- Dumping data for table `sitegroups`
--

LOCK TABLES `sitegroups` WRITE;
/*!40000 ALTER TABLE `sitegroups` DISABLE KEYS */;
set autocommit=0;
INSERT INTO `sitegroups` VALUES (1,'Default','2023-06-11 14:31:22','2023-06-11 14:31:22',NULL,'18e8e721-36cd-4c7a-a02a-44c513fb3cb8');
/*!40000 ALTER TABLE `sitegroups` ENABLE KEYS */;
UNLOCK TABLES;
commit;

--
-- Dumping data for table `sites`
--

LOCK TABLES `sites` WRITE;
/*!40000 ALTER TABLE `sites` DISABLE KEYS */;
set autocommit=0;
INSERT INTO `sites` VALUES (1,1,1,'1','English','en','en-US',1,'@web/en',1,'2023-06-11 14:31:22','2023-06-11 14:31:24',NULL,'2393c71c-94e8-4e90-bb19-949696b8be0b'),(2,1,0,'1','Deutsch','de','de-DE',1,'@web/de',2,'2023-06-11 14:31:22','2023-06-11 14:31:22',NULL,'b7acd2cf-9449-4637-a40c-2e266a19cc19');
/*!40000 ALTER TABLE `sites` ENABLE KEYS */;
UNLOCK TABLES;
commit;

--
-- Dumping data for table `structureelements`
--

LOCK TABLES `structureelements` WRITE;
/*!40000 ALTER TABLE `structureelements` DISABLE KEYS */;
set autocommit=0;
INSERT INTO `structureelements` VALUES (1,1,NULL,1,1,6,0,'2023-06-11 14:31:41','2023-06-13 08:51:17','68b5d421-0381-46d1-a13b-9cb99a5aa0e5'),(2,1,26,1,2,3,1,'2023-06-11 14:31:41','2023-06-11 14:31:41','07391ea6-8991-4043-a5a8-9fa116a7dfb5'),(3,1,353,1,4,5,1,'2023-06-13 08:51:17','2023-06-13 08:51:17','17d9c34b-5c37-4726-8358-6edf5ca7c5bf');
/*!40000 ALTER TABLE `structureelements` ENABLE KEYS */;
UNLOCK TABLES;
commit;

--
-- Dumping data for table `structures`
--

LOCK TABLES `structures` WRITE;
/*!40000 ALTER TABLE `structures` DISABLE KEYS */;
set autocommit=0;
INSERT INTO `structures` VALUES (1,NULL,'2023-06-11 14:31:23','2023-06-11 14:31:23',NULL,'a60ce745-c40e-446a-bf07-59109de5651d');
/*!40000 ALTER TABLE `structures` ENABLE KEYS */;
UNLOCK TABLES;
commit;

--
-- Dumping data for table `systemmessages`
--

LOCK TABLES `systemmessages` WRITE;
/*!40000 ALTER TABLE `systemmessages` DISABLE KEYS */;
set autocommit=0;
/*!40000 ALTER TABLE `systemmessages` ENABLE KEYS */;
UNLOCK TABLES;
commit;

--
-- Dumping data for table `taggroups`
--

LOCK TABLES `taggroups` WRITE;
/*!40000 ALTER TABLE `taggroups` DISABLE KEYS */;
set autocommit=0;
/*!40000 ALTER TABLE `taggroups` ENABLE KEYS */;
UNLOCK TABLES;
commit;

--
-- Dumping data for table `tags`
--

LOCK TABLES `tags` WRITE;
/*!40000 ALTER TABLE `tags` DISABLE KEYS */;
set autocommit=0;
/*!40000 ALTER TABLE `tags` ENABLE KEYS */;
UNLOCK TABLES;
commit;

--
-- Dumping data for table `tokens`
--

LOCK TABLES `tokens` WRITE;
/*!40000 ALTER TABLE `tokens` DISABLE KEYS */;
set autocommit=0;
INSERT INTO `tokens` VALUES (3,'D8OJdJLuURjqMy6SFYhDLQCU238rXSJ-','[\"preview\\/preview\",{\"elementType\":\"craft\\\\elements\\\\Entry\",\"canonicalId\":35,\"siteId\":1,\"draftId\":null,\"revisionId\":null,\"userId\":11}]',NULL,NULL,'2023-06-14 07:54:55','2023-06-13 07:54:55','2023-06-13 07:54:55','27ff165b-e27f-4dc4-8129-6d8746361d40'),(4,'159Fsi0dMIY1Ihamcd2y4rfGEZgeMDhJ','[\"preview\\/preview\",{\"elementType\":\"craft\\\\elements\\\\Entry\",\"canonicalId\":12,\"siteId\":2,\"draftId\":null,\"revisionId\":null,\"userId\":11}]',NULL,NULL,'2023-06-14 07:57:34','2023-06-13 07:57:34','2023-06-13 07:57:34','707719a0-2c0a-4032-99c3-984fc5c6730e'),(5,'Pk2_PLgEd2ePiYdIphb-PxH9qABUrmvU','[\"preview\\/preview\",{\"elementType\":\"craft\\\\elements\\\\Entry\",\"canonicalId\":16,\"siteId\":1,\"draftId\":null,\"revisionId\":null,\"userId\":11}]',NULL,NULL,'2023-06-14 08:06:17','2023-06-13 08:06:17','2023-06-13 08:06:17','4fef9d2f-9d9c-4dd5-bf14-256f3dda80d9'),(6,'PcrRd8v8oQtJIXEYeUYK8k0fyfnUcnBg','[\"preview\\/preview\",{\"elementType\":\"craft\\\\elements\\\\Entry\",\"canonicalId\":35,\"siteId\":1,\"draftId\":null,\"revisionId\":null,\"userId\":11}]',NULL,NULL,'2023-06-14 08:43:33','2023-06-13 08:43:33','2023-06-13 08:43:33','7c625c89-cc34-45f6-b2aa-a32feaa30808'),(7,'CeM-eo_CuwrMU45Dtsqv1vz181BlEebG','[\"preview\\/preview\",{\"elementType\":\"craft\\\\elements\\\\Entry\",\"canonicalId\":35,\"siteId\":2,\"draftId\":null,\"revisionId\":null,\"userId\":11}]',NULL,NULL,'2023-06-14 08:46:29','2023-06-13 08:46:29','2023-06-13 08:46:29','e269ef56-193f-4030-b898-ec4067ef1546'),(8,'AKBanGVW3YULk0pY2eGxQdL0aPXukoM1','[\"preview\\/preview\",{\"elementType\":\"craft\\\\elements\\\\Entry\",\"canonicalId\":35,\"siteId\":2,\"draftId\":null,\"revisionId\":null,\"userId\":11}]',NULL,NULL,'2023-06-14 08:47:22','2023-06-13 08:47:22','2023-06-13 08:47:22','536e62e2-3a3c-4dbd-875d-59713615bb63'),(9,'NYVULcbQm0yWTpQnr8FqlNdTdyCHQoQ3','[\"preview\\/preview\",{\"elementType\":\"craft\\\\elements\\\\Entry\",\"canonicalId\":353,\"siteId\":2,\"draftId\":31,\"revisionId\":null,\"userId\":11}]',NULL,NULL,'2023-06-14 08:52:31','2023-06-13 08:52:31','2023-06-13 08:52:31','d2823399-3887-4585-89f9-03f28901e126'),(10,'unsTA3iqfhn9nFQec-uLzNw79m8TdOLy','[\"preview\\/preview\",{\"elementType\":\"craft\\\\elements\\\\Entry\",\"canonicalId\":35,\"siteId\":2,\"draftId\":null,\"revisionId\":null,\"userId\":11}]',NULL,NULL,'2023-06-14 09:30:30','2023-06-13 09:30:30','2023-06-13 09:30:30','e5a67f04-197b-4b41-960e-b348ed6a439a');
/*!40000 ALTER TABLE `tokens` ENABLE KEYS */;
UNLOCK TABLES;
commit;

--
-- Dumping data for table `usergroups`
--

LOCK TABLES `usergroups` WRITE;
/*!40000 ALTER TABLE `usergroups` DISABLE KEYS */;
set autocommit=0;
/*!40000 ALTER TABLE `usergroups` ENABLE KEYS */;
UNLOCK TABLES;
commit;

--
-- Dumping data for table `usergroups_users`
--

LOCK TABLES `usergroups_users` WRITE;
/*!40000 ALTER TABLE `usergroups_users` DISABLE KEYS */;
set autocommit=0;
/*!40000 ALTER TABLE `usergroups_users` ENABLE KEYS */;
UNLOCK TABLES;
commit;

--
-- Dumping data for table `userpermissions`
--

LOCK TABLES `userpermissions` WRITE;
/*!40000 ALTER TABLE `userpermissions` DISABLE KEYS */;
set autocommit=0;
/*!40000 ALTER TABLE `userpermissions` ENABLE KEYS */;
UNLOCK TABLES;
commit;

--
-- Dumping data for table `userpermissions_usergroups`
--

LOCK TABLES `userpermissions_usergroups` WRITE;
/*!40000 ALTER TABLE `userpermissions_usergroups` DISABLE KEYS */;
set autocommit=0;
/*!40000 ALTER TABLE `userpermissions_usergroups` ENABLE KEYS */;
UNLOCK TABLES;
commit;

--
-- Dumping data for table `userpermissions_users`
--

LOCK TABLES `userpermissions_users` WRITE;
/*!40000 ALTER TABLE `userpermissions_users` DISABLE KEYS */;
set autocommit=0;
/*!40000 ALTER TABLE `userpermissions_users` ENABLE KEYS */;
UNLOCK TABLES;
commit;

--
-- Dumping data for table `userpreferences`
--

LOCK TABLES `userpreferences` WRITE;
/*!40000 ALTER TABLE `userpreferences` DISABLE KEYS */;
set autocommit=0;
INSERT INTO `userpreferences` VALUES (11,'{\"language\":\"en-US\",\"locale\":null,\"weekStartDay\":\"1\",\"alwaysShowFocusRings\":false,\"useShapes\":false,\"underlineLinks\":false,\"notificationDuration\":\"5000\",\"showFieldHandles\":false,\"enableDebugToolbarForSite\":false,\"enableDebugToolbarForCp\":false,\"showExceptionView\":false,\"profileTemplates\":false}');
/*!40000 ALTER TABLE `userpreferences` ENABLE KEYS */;
UNLOCK TABLES;
commit;

--
-- Dumping data for table `users`
--

LOCK TABLES `users` WRITE;
/*!40000 ALTER TABLE `users` DISABLE KEYS */;
set autocommit=0;
INSERT INTO `users` VALUES (11,30,1,0,0,0,1,'admin','Sabine Mustermann','Sabine','Mustermann','admin@example.com','$2y$13$HTqOW3.YrB31yLfzfDjGbONZjptigsJTat8ThNwI8m92U1Zi/A2dS','2023-06-13 07:00:37',NULL,NULL,NULL,NULL,NULL,1,NULL,NULL,NULL,0,'2023-06-11 14:31:25','2023-06-11 14:31:25','2023-06-13 07:00:37');
/*!40000 ALTER TABLE `users` ENABLE KEYS */;
UNLOCK TABLES;
commit;

--
-- Dumping data for table `volumefolders`
--

LOCK TABLES `volumefolders` WRITE;
/*!40000 ALTER TABLE `volumefolders` DISABLE KEYS */;
set autocommit=0;
INSERT INTO `volumefolders` VALUES (1,NULL,1,'System Files',NULL,'2023-06-11 14:31:23','2023-06-11 14:33:13','d37b94af-bd8b-4a4e-afe4-50f33e6af3c7'),(2,NULL,2,'Images',NULL,'2023-06-11 14:31:23','2023-06-11 14:31:23','1449aee3-2384-4ca7-aae1-a12dedb0826c'),(3,1,1,'userphotos','userphotos/','2023-06-11 14:35:02','2023-06-11 14:35:02','1628e57e-da08-4a77-b527-648fc5c61ed8'),(4,1,1,'temporary-uploads','temporary-uploads/','2023-06-11 14:35:31','2023-06-11 14:35:31','05ad277b-221a-4b19-acc0-0476c07eacf0'),(5,4,1,'user_11','temporary-uploads/user_11/','2023-06-11 14:35:31','2023-06-11 14:35:31','f18e9151-1118-4437-9e66-a48d436ca419'),(6,2,2,'featured','featured/','2023-06-11 14:35:41','2023-06-11 14:35:41','0f05ffd4-162b-411d-859a-e7c89f9d10ed');
/*!40000 ALTER TABLE `volumefolders` ENABLE KEYS */;
UNLOCK TABLES;
commit;

--
-- Dumping data for table `volumes`
--

LOCK TABLES `volumes` WRITE;
/*!40000 ALTER TABLE `volumes` DISABLE KEYS */;
set autocommit=0;
INSERT INTO `volumes` VALUES (1,1,'System Files','internal','internalFs','internalFs','transforms/internal','language',NULL,2,'2023-06-11 14:31:23','2023-06-11 14:33:13',NULL,'efd6d899-7b71-4318-8402-669e92416168'),(2,2,'Images','images','imagesFs','internalFs','images','language',NULL,1,'2023-06-11 14:31:23','2023-06-11 14:33:45',NULL,'c9a4fbad-6ca0-4e20-ba72-da2c14a38190');
/*!40000 ALTER TABLE `volumes` ENABLE KEYS */;
UNLOCK TABLES;
commit;

--
-- Dumping data for table `widgets`
--

LOCK TABLES `widgets` WRITE;
/*!40000 ALTER TABLE `widgets` DISABLE KEYS */;
set autocommit=0;
INSERT INTO `widgets` VALUES (1,11,'craft\\widgets\\RecentEntries',1,NULL,'{\"siteId\":1,\"section\":\"*\",\"limit\":10}',1,'2023-06-11 14:32:04','2023-06-11 14:32:04','53d1c1a0-7dfa-49d8-a59d-269f813ef52f'),(2,11,'craft\\widgets\\CraftSupport',2,NULL,'[]',1,'2023-06-11 14:32:04','2023-06-11 14:32:04','1e286710-aeb2-49ec-95e6-aa633ce85649'),(3,11,'craft\\widgets\\Updates',3,NULL,'[]',1,'2023-06-11 14:32:04','2023-06-11 14:32:04','d15d12f3-4f79-4bda-8b18-c2f7ce266d5a'),(4,11,'craft\\widgets\\Feed',4,NULL,'{\"url\":\"https:\\/\\/craftcms.com\\/news.rss\",\"title\":\"Craft News\",\"limit\":5}',1,'2023-06-11 14:32:04','2023-06-11 14:32:04','5db8a87e-15b8-40bc-941e-329cd0e1c245');
/*!40000 ALTER TABLE `widgets` ENABLE KEYS */;
UNLOCK TABLES;
commit;

--
-- Dumping routines for database 'db'
--
/*!40103 SET TIME_ZONE=@OLD_TIME_ZONE */;

/*!40101 SET SQL_MODE=@OLD_SQL_MODE */;
/*!40014 SET FOREIGN_KEY_CHECKS=@OLD_FOREIGN_KEY_CHECKS */;
/*!40101 SET CHARACTER_SET_CLIENT=@OLD_CHARACTER_SET_CLIENT */;
/*!40101 SET CHARACTER_SET_RESULTS=@OLD_CHARACTER_SET_RESULTS */;
/*!40101 SET COLLATION_CONNECTION=@OLD_COLLATION_CONNECTION */;
/*!40111 SET SQL_NOTES=@OLD_SQL_NOTES */;

-- Dump completed on 2023-06-13  9:33:03
